id,temperature_c,created_at
57139,15.55,2026-02-25 17:08:39.397316+00
57140,15.49,2026-02-25 17:12:22.700924+00
57141,16.79,2026-02-25 17:19:39.693429+00
57142,16.08,2026-02-25 17:20:18.070994+00
57143,16.2,2026-02-25 17:21:22.798766+00
57144,16.13,2026-02-25 17:22:32.529854+00
57145,16.38,2026-02-25 17:24:12.64136+00
57146,15.91,2026-02-25 17:25:34.917764+00
57147,15.07,2026-02-25 17:26:41.56159+00
57148,16.87,2026-02-25 17:27:21.062502+00
57149,15.71,2026-02-25 17:28:09.115847+00
57150,14.96,2026-02-25 17:29:27.160764+00
57151,14.97,2026-02-25 17:30:19.537225+00
57152,16,2026-02-25 17:31:24.582024+00
57153,14.69,2026-02-25 17:32:38.50619+00
57154,16.54,2026-02-25 17:33:20.132439+00
57155,15.56,2026-02-25 17:34:06.777804+00
57156,14.85,2026-02-25 17:35:12.002847+00
57157,16.01,2026-02-25 17:36:38.459464+00
57158,15.49,2026-02-25 17:37:07.854296+00
57159,16.09,2026-02-25 17:38:39.38717+00
57160,16.38,2026-02-25 17:40:06.65171+00
57161,15.69,2026-02-25 17:41:13.76092+00
57162,14.61,2026-02-25 17:42:11.663335+00
57163,16.37,2026-02-25 17:43:04.371836+00
57164,15.96,2026-02-25 17:44:30.72222+00
57165,14.59,2026-02-25 17:45:22.755277+00
57166,16.1,2026-02-25 17:46:15.292795+00
57167,14.6,2026-02-25 17:47:11.766042+00
57168,14.82,2026-02-25 17:48:03.075021+00
57169,14.86,2026-02-25 17:49:27.695927+00
57170,15.77,2026-02-25 17:50:07.851011+00
57171,14.49,2026-02-25 17:51:47.557019+00
57172,15.9,2026-02-25 17:53:49.735227+00
57173,15.45,2026-02-25 17:54:40.399886+00
57174,15.92,2026-02-25 17:55:08.364869+00
57175,14.99,2026-02-25 17:56:29.402172+00
57176,15.99,2026-02-25 17:57:20.81636+00
57177,15.8,2026-02-25 17:58:35.472105+00
57178,14.36,2026-02-25 17:59:42.695155+00
57179,15.08,2026-02-25 18:00:09.191305+00
57180,15.61,2026-02-25 18:01:25.672719+00
57181,14.68,2026-02-25 18:02:32.723228+00
57182,14.28,2026-02-25 18:03:47.272307+00
57183,14.4,2026-02-25 18:04:30.377752+00
57184,15.64,2026-02-25 18:05:45.762996+00
57185,15.78,2026-02-25 18:06:42.958898+00
57186,14.99,2026-02-25 18:08:31.359813+00
57187,15.48,2026-02-25 18:09:07.523538+00
57188,14.46,2026-02-25 18:10:19.751866+00
57189,14.8,2026-02-25 18:11:31.655529+00
57190,15.13,2026-02-25 18:12:18.972374+00
57191,15.03,2026-02-25 18:13:47.942407+00
57192,14.7,2026-02-25 18:14:03.40356+00
57193,15.6,2026-02-25 18:15:43.655988+00
57194,14.05,2026-02-25 18:16:47.316926+00
57195,14.82,2026-02-25 18:17:45.554097+00
57196,14.8,2026-02-25 18:18:24.922192+00
57197,15.35,2026-02-25 18:19:38.145281+00
57198,13.98,2026-02-25 18:20:11.275958+00
57199,13.68,2026-02-25 18:21:37.007036+00
57200,13.63,2026-02-25 18:22:23.537187+00
57201,13.95,2026-02-25 18:24:41.406256+00
57202,14.69,2026-02-25 18:25:40.550469+00
57203,14.52,2026-02-25 18:26:04.234607+00
57204,13.65,2026-02-25 18:27:43.820557+00
57205,15.09,2026-02-25 18:28:25.504553+00
57206,13.92,2026-02-25 18:29:02.158202+00
57207,13.46,2026-02-25 18:30:31.878027+00
57208,13.78,2026-02-25 18:31:14.70553+00
57209,13.65,2026-02-25 18:32:28.361748+00
57210,14.42,2026-02-25 18:34:46.783937+00
57211,14.5,2026-02-25 18:35:07.757714+00
57212,14.95,2026-02-25 18:36:00.208076+00
57213,14.32,2026-02-25 18:37:36.664507+00
57214,14.27,2026-02-25 18:38:39.65042+00
57215,14.93,2026-02-25 18:39:12.768855+00
57216,14.13,2026-02-25 18:40:37.51553+00
57217,13.6,2026-02-25 18:41:33.559123+00
57218,14.51,2026-02-25 18:42:08.755453+00
57219,14.42,2026-02-25 18:43:11.105952+00
57220,14.74,2026-02-25 18:44:49.586207+00
57221,14.35,2026-02-25 18:45:01.710933+00
57222,14.25,2026-02-25 18:46:15.520789+00
57223,13.17,2026-02-25 18:47:37.470659+00
57224,14.4,2026-02-25 18:49:27.47044+00
57225,14.17,2026-02-25 18:50:12.843408+00
57226,13.86,2026-02-25 18:51:10.554127+00
57227,14.85,2026-02-25 18:52:38.241948+00
57228,14.68,2026-02-25 18:53:11.729176+00
57229,13.58,2026-02-25 18:54:21.091649+00
57230,13.82,2026-02-25 18:55:48.708743+00
57231,13.45,2026-02-25 18:56:20.301243+00
57232,13.74,2026-02-25 18:57:06.790311+00
57233,14.73,2026-02-25 18:58:07.812877+00
57234,14.77,2026-02-25 18:59:35.132905+00
57235,13.91,2026-02-25 19:00:17.918278+00
57236,14.38,2026-02-25 19:01:44.147875+00
57237,13.98,2026-02-25 19:02:10.497652+00
57238,14.27,2026-02-25 19:04:22.809498+00
57239,14.7,2026-02-25 19:05:18.512444+00
57240,14.53,2026-02-25 19:06:03.630364+00
57241,13.93,2026-02-25 19:07:38.645522+00
57242,12.88,2026-02-25 19:08:14.846145+00
57243,14.56,2026-02-25 19:09:13.994819+00
57244,14,2026-02-25 19:10:11.654399+00
57245,14.17,2026-02-25 19:11:06.323159+00
57246,12.87,2026-02-25 19:12:26.020603+00
57247,13.84,2026-02-25 19:13:10.242916+00
57248,12.9,2026-02-25 19:14:11.535399+00
57249,13.81,2026-02-25 19:16:35.056994+00
57250,12.86,2026-02-25 19:17:48.769743+00
57251,13.14,2026-02-25 19:18:04.401686+00
57252,14.08,2026-02-25 19:19:07.657841+00
57253,12.76,2026-02-25 19:20:35.635329+00
57254,13.36,2026-02-25 19:21:19.66741+00
57255,13.51,2026-02-25 19:22:06.774621+00
57256,14.19,2026-02-25 19:23:26.771036+00
57257,13.12,2026-02-25 19:24:49.901404+00
57258,12.64,2026-02-25 19:25:15.84501+00
57259,13.41,2026-02-25 19:26:04.7347+00
57260,13.43,2026-02-25 19:27:02.550783+00
57261,14.16,2026-02-25 19:28:17.925452+00
57262,14.27,2026-02-25 19:31:25.005321+00
57263,13.76,2026-02-25 19:32:19.245787+00
57264,12.52,2026-02-25 19:33:15.47299+00
57265,13.46,2026-02-25 19:34:09.975229+00
57266,13.61,2026-02-25 19:35:33.20921+00
57267,12.67,2026-02-25 19:36:12.812759+00
57268,13.02,2026-02-25 19:37:17.784679+00
57269,12.56,2026-02-25 19:38:26.568598+00
57270,12.74,2026-02-25 19:39:36.223346+00
57271,13.87,2026-02-25 19:40:06.612167+00
57272,13.94,2026-02-25 19:41:29.03502+00
57273,14.02,2026-02-25 19:42:34.457284+00
57274,14.06,2026-02-25 19:44:12.424068+00
57275,13.8,2026-02-25 19:45:15.583532+00
57276,13.87,2026-02-25 19:46:17.586322+00
57277,13.02,2026-02-25 19:47:46.43298+00
57278,12.57,2026-02-25 19:48:12.275872+00
57279,13.61,2026-02-25 19:49:22.278737+00
57280,13.25,2026-02-25 19:50:48.2795+00
57281,13.39,2026-02-25 19:51:25.409945+00
57282,12.53,2026-02-25 19:52:22.187347+00
57283,12.71,2026-02-25 19:53:34.19+00
57284,13.58,2026-02-25 19:54:04.058268+00
57285,12.55,2026-02-25 19:55:17.099127+00
57286,13.23,2026-02-25 19:56:38.048061+00
57287,13.43,2026-02-25 19:58:00.545395+00
57288,14.06,2026-02-25 19:59:13.19916+00
57289,13.11,2026-02-25 20:00:29.711855+00
57290,13.38,2026-02-25 20:01:36.193004+00
57291,12.68,2026-02-25 20:02:44.063639+00
57292,12.1,2026-02-25 20:03:23.86676+00
57293,13.55,2026-02-25 20:04:29.705679+00
57294,12.58,2026-02-25 20:05:28.723915+00
57295,12.75,2026-02-25 20:06:49.042561+00
57296,12.15,2026-02-25 20:07:05.103059+00
57297,13.66,2026-02-25 20:08:45.614476+00
57298,12.55,2026-02-25 20:09:32.854032+00
57299,12.97,2026-02-25 20:10:44.748323+00
57300,11.96,2026-02-25 20:12:02.700435+00
57301,13.66,2026-02-25 20:13:45.119296+00
57302,13.66,2026-02-25 20:14:35.476651+00
57303,12.7,2026-02-25 20:15:16.073498+00
57304,12.29,2026-02-25 20:16:00.999121+00
57305,13.28,2026-02-25 20:17:06.679244+00
57306,13.59,2026-02-25 20:18:11.29062+00
57307,12.11,2026-02-25 20:19:20.526969+00
57308,13,2026-02-25 20:20:08.248724+00
57309,12.72,2026-02-25 20:21:41.423207+00
57310,12.45,2026-02-25 20:22:35.688613+00
57311,12.54,2026-02-25 20:23:09.730875+00
57312,12.9,2026-02-25 20:24:32.098062+00
57313,13.39,2026-02-25 20:25:46.677892+00
57314,12.38,2026-02-25 20:27:44.536384+00
57315,12.37,2026-02-25 20:28:38.281869+00
57316,12.68,2026-02-25 20:29:26.097511+00
57317,12.11,2026-02-25 20:30:11.788775+00
57318,12.21,2026-02-25 20:31:42.614548+00
57319,11.86,2026-02-25 20:32:30.374357+00
57320,13.09,2026-02-25 20:33:11.70638+00
57321,13.12,2026-02-25 20:34:26.192665+00
57322,11.6,2026-02-25 20:35:23.684502+00
57323,12.03,2026-02-25 20:36:38.518635+00
57324,12.93,2026-02-25 20:37:46.836401+00
57325,12.63,2026-02-25 20:38:42.571133+00
57326,13.3,2026-02-25 20:39:32.163065+00
57327,12.18,2026-02-25 20:40:42.677197+00
57328,12.47,2026-02-25 20:42:49.056313+00
57329,11.55,2026-02-25 20:43:26.704202+00
57330,12.8,2026-02-25 20:44:49.975409+00
57331,11.24,2026-02-25 20:45:22.261176+00
57332,12.3,2026-02-25 20:46:21.78549+00
57333,12.24,2026-02-25 20:47:10.543626+00
57334,12.55,2026-02-25 20:48:44.941404+00
57335,12.34,2026-02-25 20:49:05.756575+00
57336,13.16,2026-02-25 20:50:32.104373+00
57337,11.6,2026-02-25 20:51:41.612837+00
57338,12.27,2026-02-25 20:52:10.030951+00
57339,12.96,2026-02-25 20:53:03.079312+00
57340,11.46,2026-02-25 20:54:46.038541+00
57341,12.34,2026-02-25 20:56:15.703643+00
57342,13.13,2026-02-25 20:57:49.940613+00
57343,12.2,2026-02-25 20:58:43.623429+00
57344,12.8,2026-02-25 20:59:19.043606+00
57345,11.23,2026-02-25 21:00:14.449054+00
57346,12.11,2026-02-25 21:01:34.306081+00
57347,12.36,2026-02-25 21:02:08.758446+00
57348,12.29,2026-02-25 21:03:00.698314+00
57349,13.04,2026-02-25 21:04:49.06333+00
57350,12.45,2026-02-25 21:05:17.76027+00
57351,11.53,2026-02-25 21:06:32.397028+00
57352,12.35,2026-02-25 21:07:23.658194+00
57353,12.73,2026-02-25 21:08:12.907853+00
57354,11.3,2026-02-25 21:09:16.309663+00
57355,13.01,2026-02-25 21:11:06.544362+00
57356,11.61,2026-02-25 21:12:44.206082+00
57357,12.75,2026-02-25 21:13:31.59259+00
57358,12.35,2026-02-25 21:14:46.432243+00
57359,11.51,2026-02-25 21:15:05.484867+00
57360,12.55,2026-02-25 21:16:03.357547+00
57361,11.54,2026-02-25 21:17:27.306769+00
57362,11.55,2026-02-25 21:18:08.144992+00
57363,11.84,2026-02-25 21:19:22.623998+00
57364,12.94,2026-02-25 21:20:41.093011+00
57365,11.34,2026-02-25 21:21:43.545843+00
57366,11.21,2026-02-25 21:22:19.827498+00
57367,12.94,2026-02-25 21:23:10.979858+00
57368,11.74,2026-02-25 21:24:15.28052+00
57369,11.5,2026-02-25 21:26:00.729579+00
57370,11.48,2026-02-25 21:27:33.597552+00
57371,12.53,2026-02-25 21:28:12.436376+00
57372,11.47,2026-02-25 21:29:37.781368+00
57373,11.21,2026-02-25 21:30:20.495809+00
57374,11.85,2026-02-25 21:31:12.471249+00
57375,11.86,2026-02-25 21:32:09.168492+00
57376,12.05,2026-02-25 21:33:07.973824+00
57377,12.35,2026-02-25 21:34:20.69616+00
57378,11.19,2026-02-25 21:35:20.035191+00
57379,12.8,2026-02-25 21:36:48.283036+00
57380,11.08,2026-02-25 21:37:33.059369+00
57381,11.22,2026-02-25 21:38:35.716294+00
57382,12.39,2026-02-25 21:40:26.324467+00
57383,12.46,2026-02-25 21:41:47.402258+00
57384,11.23,2026-02-25 21:42:30.551429+00
57385,12.29,2026-02-25 21:43:16.366513+00
57386,11.45,2026-02-25 21:44:46.415191+00
57387,11.04,2026-02-25 21:45:21.725631+00
57388,12.76,2026-02-25 21:46:08.48718+00
57389,11.74,2026-02-25 21:47:01.976534+00
57390,12.02,2026-02-25 21:48:20.264375+00
57391,11.91,2026-02-25 21:49:09.46514+00
57392,12.08,2026-02-25 21:50:31.39717+00
57393,12.4,2026-02-25 21:51:03.975314+00
57394,11.85,2026-02-25 21:52:23.240613+00
57395,12.29,2026-02-25 21:53:17.167488+00
57396,11.84,2026-02-25 21:55:43.617277+00
57397,10.94,2026-02-25 21:56:47.907314+00
57398,11.3,2026-02-25 21:57:37.048402+00
57399,11.29,2026-02-25 21:58:17.679717+00
57400,11.9,2026-02-25 21:59:16.308892+00
57401,11.73,2026-02-25 22:00:46.785378+00
57402,11.49,2026-02-25 22:01:02.560294+00
57403,11.74,2026-02-25 22:02:39.790231+00
57404,11.54,2026-02-25 22:03:24.920766+00
57405,11.86,2026-02-25 22:04:35.469861+00
57406,11.05,2026-02-25 22:05:44.789779+00
57407,12.56,2026-02-25 22:06:24.635909+00
57408,11.38,2026-02-25 22:07:22.271887+00
57409,12.69,2026-02-25 22:08:22.688264+00
57410,11.77,2026-02-25 22:10:11.837799+00
57411,11.23,2026-02-25 22:11:33.588638+00
57412,11.16,2026-02-25 22:12:38.574891+00
57413,10.84,2026-02-25 22:13:43.953425+00
57414,11.34,2026-02-25 22:14:03.663988+00
57415,11,2026-02-25 22:15:14.186388+00
57416,11.84,2026-02-25 22:16:21.452462+00
57417,11.84,2026-02-25 22:17:12.187881+00
57418,12.24,2026-02-25 22:18:16.038053+00
57419,12.07,2026-02-25 22:19:42.780765+00
57420,12.04,2026-02-25 22:20:42.424388+00
57421,12.58,2026-02-25 22:21:28.284116+00
57422,11.6,2026-02-25 22:22:16.684506+00
57423,11.1,2026-02-25 22:23:12.275529+00
57424,12.56,2026-02-25 22:25:10.092568+00
57425,11.05,2026-02-25 22:26:29.560274+00
57426,12.5,2026-02-25 22:27:01.304113+00
57427,12.23,2026-02-25 22:28:30.606025+00
57428,10.94,2026-02-25 22:29:34.976805+00
57429,12.32,2026-02-25 22:30:49.939549+00
57430,10.61,2026-02-25 22:31:33.342256+00
57431,11.63,2026-02-25 22:32:14.510869+00
57432,12.26,2026-02-25 22:33:32.78836+00
57433,12.21,2026-02-25 22:34:41.883923+00
57434,11.08,2026-02-25 22:35:38.44371+00
57435,11.13,2026-02-25 22:36:21.808073+00
57436,11.74,2026-02-25 22:37:33.389889+00
57437,10.75,2026-02-25 22:39:17.539618+00
57438,11.46,2026-02-25 22:40:27.165959+00
57439,11.95,2026-02-25 22:41:00.059773+00
57440,12.47,2026-02-25 22:42:38.748867+00
57441,11.75,2026-02-25 22:43:47.196462+00
57442,12.52,2026-02-25 22:44:00.005243+00
57443,10.87,2026-02-25 22:45:05.531445+00
57444,11.9,2026-02-25 22:46:47.34936+00
57445,10.5,2026-02-25 22:47:11.415228+00
57446,12.28,2026-02-25 22:48:34.025317+00
57447,11.15,2026-02-25 22:49:36.043038+00
57448,11.81,2026-02-25 22:50:35.323504+00
57449,11.24,2026-02-25 22:51:13.028274+00
57450,12.08,2026-02-25 22:53:42.849716+00
57451,11.79,2026-02-25 22:54:38.646213+00
57452,11.56,2026-02-25 22:55:12.055714+00
57453,11.56,2026-02-25 22:56:39.282422+00
57454,11.09,2026-02-25 22:57:09.248202+00
57455,10.85,2026-02-25 22:58:14.645333+00
57456,10.61,2026-02-25 22:59:12.234554+00
57457,11.59,2026-02-25 23:00:22.681452+00
57458,11.68,2026-02-25 23:01:19.576069+00
57459,10.67,2026-02-25 23:02:45.959551+00
57460,11.61,2026-02-25 23:03:21.322453+00
57461,12.13,2026-02-25 23:04:15.588312+00
57462,11.85,2026-02-25 23:05:43.428335+00
57463,11.08,2026-02-25 23:06:44.377328+00
57464,10.49,2026-02-25 23:08:05.704214+00
57465,10.95,2026-02-25 23:09:02.934574+00
57466,11.12,2026-02-25 23:10:24.0671+00
57467,10.65,2026-02-25 23:11:31.412587+00
57468,11.22,2026-02-25 23:12:14.967643+00
57469,10.62,2026-02-25 23:13:18.205647+00
57470,11.02,2026-02-25 23:14:48.146264+00
57471,11.88,2026-02-25 23:15:22.661585+00
57472,11.42,2026-02-25 23:16:47.032827+00
57473,10.73,2026-02-25 23:17:41.972981+00
57474,10.46,2026-02-25 23:18:16.231422+00
57475,11.03,2026-02-25 23:19:29.992898+00
57476,10.85,2026-02-25 23:20:46.731517+00
57477,11.51,2026-02-25 23:22:22.231147+00
57478,12.31,2026-02-25 23:23:40.351689+00
57479,10.6,2026-02-25 23:24:16.019731+00
57480,12.32,2026-02-25 23:25:01.837735+00
57481,10.91,2026-02-25 23:26:32.934812+00
57482,10.62,2026-02-25 23:27:12.101568+00
57483,11.87,2026-02-25 23:28:42.753983+00
57484,11.08,2026-02-25 23:29:11.593063+00
57485,11.94,2026-02-25 23:30:45.639741+00
57486,10.77,2026-02-25 23:31:47.07401+00
57487,11.65,2026-02-25 23:32:38.058617+00
57488,11.54,2026-02-25 23:33:35.579968+00
57489,10.78,2026-02-25 23:34:24.13877+00
57490,12.24,2026-02-25 23:35:32.798205+00
57491,12.19,2026-02-25 23:36:47.276651+00
57492,11.57,2026-02-25 23:38:40.124426+00
57493,12.2,2026-02-25 23:39:31.466689+00
57494,11.28,2026-02-25 23:40:12.247021+00
57495,10.94,2026-02-25 23:41:37.160558+00
57496,11.57,2026-02-25 23:42:25.868584+00
57497,10.81,2026-02-25 23:43:27.190296+00
57498,11.39,2026-02-25 23:44:20.631634+00
57499,10.86,2026-02-25 23:45:05.203523+00
57500,11.97,2026-02-25 23:46:33.764248+00
57501,11.36,2026-02-25 23:47:41.280868+00
57502,12.02,2026-02-25 23:48:38.544946+00
57503,11.77,2026-02-25 23:49:01.998441+00
57504,12.05,2026-02-25 23:50:08.151984+00
57505,11.07,2026-02-25 23:51:30.089163+00
57506,11.07,2026-02-25 23:53:41.112658+00
57507,10.54,2026-02-25 23:54:07.018381+00
57508,11.51,2026-02-25 23:55:12.977244+00
57509,10.66,2026-02-25 23:56:46.745475+00
57510,10.73,2026-02-25 23:57:39.038696+00
57511,10.87,2026-02-25 23:58:05.464765+00
57512,11.3,2026-02-25 23:59:15.744026+00
57513,11.3,2026-02-26 00:00:41.070554+00
57514,11.43,2026-02-26 00:01:23.174325+00
57515,11.14,2026-02-26 00:02:11.279386+00
57516,11.23,2026-02-26 00:03:16.685618+00
57517,11.51,2026-02-26 00:04:10.062212+00
57518,11.19,2026-02-26 00:05:24.170181+00
57519,10.58,2026-02-26 00:07:35.085439+00
57520,11.17,2026-02-26 00:08:23.674652+00
57521,11.31,2026-02-26 00:09:05.156042+00
57522,11.28,2026-02-26 00:10:49.330386+00
57523,11.15,2026-02-26 00:11:11.254353+00
57524,12.02,2026-02-26 00:12:45.200071+00
57525,10.28,2026-02-26 00:13:00.895985+00
57526,10.53,2026-02-26 00:14:12.673447+00
57527,10.22,2026-02-26 00:15:29.110159+00
57528,11.52,2026-02-26 00:16:26.408417+00
57529,10.58,2026-02-26 00:17:32.690458+00
57530,11.06,2026-02-26 00:18:44.955685+00
57531,10.48,2026-02-26 00:19:48.273458+00
57532,10.23,2026-02-26 00:20:15.833148+00
57533,11.08,2026-02-26 00:21:45.177758+00
57534,11.4,2026-02-26 00:23:20.682007+00
57535,11.88,2026-02-26 00:24:28.031786+00
57536,10.45,2026-02-26 00:25:07.780796+00
57537,10.73,2026-02-26 00:26:38.675836+00
57538,10.92,2026-02-26 00:27:12.579046+00
57539,11.69,2026-02-26 00:28:35.329315+00
57540,11.1,2026-02-26 00:29:01.824779+00
57541,10.2,2026-02-26 00:30:13.495631+00
57542,10.95,2026-02-26 00:31:38.936888+00
57543,10.07,2026-02-26 00:32:00.562872+00
57544,10.91,2026-02-26 00:33:39.96966+00
57545,10.04,2026-02-26 00:34:09.303758+00
57546,11,2026-02-26 00:35:17.59213+00
57547,10.91,2026-02-26 00:36:36.464019+00
57548,10.63,2026-02-26 00:37:18.348633+00
57549,10.94,2026-02-26 00:39:34.373029+00
57550,11.02,2026-02-26 00:40:07.343462+00
57551,10.71,2026-02-26 00:41:31.000774+00
57552,11.21,2026-02-26 00:42:04.357133+00
57553,11.43,2026-02-26 00:43:10.200936+00
57554,10.2,2026-02-26 00:44:02.245703+00
57555,11.46,2026-02-26 00:45:02.58297+00
57556,11.06,2026-02-26 00:46:02.520731+00
57557,10.91,2026-02-26 00:47:34.190566+00
57558,10.87,2026-02-26 00:48:06.277159+00
57559,10.39,2026-02-26 00:49:20.06504+00
57560,11.76,2026-02-26 00:50:12.631773+00
57561,10.11,2026-02-26 00:51:27.243839+00
57562,10.33,2026-02-26 00:52:12.961989+00
57563,11.15,2026-02-26 00:54:26.326237+00
57564,11.73,2026-02-26 00:55:20.869254+00
57565,9.9,2026-02-26 00:56:00.777348+00
57566,10.24,2026-02-26 00:58:36.043459+00
57567,11.06,2026-02-26 00:59:03.874246+00
57568,10.57,2026-02-26 01:00:29.24139+00
57569,11.38,2026-02-26 01:01:45.020749+00
57570,11.35,2026-02-26 01:02:01.614808+00
57571,11.67,2026-02-26 01:03:08.637982+00
57572,10.38,2026-02-26 01:04:49.850649+00
57573,11.68,2026-02-26 01:06:28.748968+00
57574,11.66,2026-02-26 01:07:34.812371+00
57575,11.52,2026-02-26 01:08:38.237409+00
57576,10.41,2026-02-26 01:09:15.62348+00
57577,11.37,2026-02-26 01:10:32.588516+00
57578,10.34,2026-02-26 01:11:25.933665+00
57579,11.83,2026-02-26 01:12:47.37923+00
57580,11.84,2026-02-26 01:13:30.824479+00
57581,11.54,2026-02-26 01:14:29.297924+00
57582,10.97,2026-02-26 01:15:21.897359+00
57583,11.33,2026-02-26 01:16:18.145639+00
57584,11.07,2026-02-26 01:17:12.745605+00
57585,10.52,2026-02-26 01:18:24.384233+00
57586,11.71,2026-02-26 01:20:17.478934+00
57587,10.85,2026-02-26 01:21:02.507687+00
57588,11.44,2026-02-26 01:22:10.444292+00
57589,10.19,2026-02-26 01:23:07.778688+00
57590,10.35,2026-02-26 01:24:04.973008+00
57591,10.45,2026-02-26 01:25:45.060046+00
57592,11.85,2026-02-26 01:26:03.798177+00
57593,11.53,2026-02-26 01:27:41.167987+00
57594,10.83,2026-02-26 01:28:10.938935+00
57595,10.38,2026-02-26 01:29:38.349788+00
57596,11.29,2026-02-26 01:30:35.881437+00
57597,10.95,2026-02-26 01:31:21.259984+00
57598,11.14,2026-02-26 01:32:26.790436+00
57599,11.09,2026-02-26 01:34:23.996272+00
57600,11.35,2026-02-26 01:35:07.349378+00
57601,10.8,2026-02-26 01:36:24.110844+00
57602,10.39,2026-02-26 01:37:02.206865+00
57603,10.53,2026-02-26 01:38:03.14703+00
57604,9.9,2026-02-26 01:39:41.523513+00
57605,10.06,2026-02-26 01:40:01.517036+00
57606,10.09,2026-02-26 01:41:38.046441+00
57607,10.71,2026-02-26 01:42:29.382835+00
57608,11.34,2026-02-26 01:43:27.57047+00
57609,10.01,2026-02-26 01:44:35.229362+00
57610,10.87,2026-02-26 01:45:05.515183+00
57611,10.48,2026-02-26 01:46:06.222376+00
57612,10.4,2026-02-26 01:47:19.856452+00
57613,10.23,2026-02-26 01:49:48.300847+00
57614,9.8,2026-02-26 01:50:24.778656+00
57615,11.23,2026-02-26 01:51:29.116188+00
57616,11.7,2026-02-26 01:52:28.099423+00
57617,10.04,2026-02-26 01:53:22.964425+00
57618,11.26,2026-02-26 01:54:20.957626+00
57619,11.72,2026-02-26 01:55:29.658074+00
57620,10.59,2026-02-26 01:56:13.782262+00
57621,11.7,2026-02-26 01:57:42.48012+00
57622,10.67,2026-02-26 01:58:27.723213+00
57623,11.44,2026-02-26 01:59:48.2791+00
57624,11.11,2026-02-26 02:00:46.112907+00
57625,10.43,2026-02-26 02:01:13.455105+00
57626,10.33,2026-02-26 02:03:32.107789+00
57627,10.99,2026-02-26 02:04:24.732493+00
57628,11.3,2026-02-26 02:05:08.690204+00
57629,10.13,2026-02-26 02:06:20.644194+00
57630,10.93,2026-02-26 02:07:37.535838+00
57631,10.02,2026-02-26 02:08:08.602873+00
57632,10.62,2026-02-26 02:09:01.240622+00
57633,11.27,2026-02-26 02:10:13.912039+00
57634,10.73,2026-02-26 02:11:00.058793+00
57635,11.21,2026-02-26 02:12:48.343998+00
57636,10.74,2026-02-26 02:13:45.456659+00
57637,11.46,2026-02-26 02:14:10.511041+00
57638,11.08,2026-02-26 02:15:30.846728+00
57639,11.21,2026-02-26 02:16:11.093126+00
57640,10.9,2026-02-26 02:18:28.065317+00
57641,9.64,2026-02-26 02:19:14.369162+00
57642,11.46,2026-02-26 02:20:13.257337+00
57643,10.69,2026-02-26 02:21:14.073559+00
57644,10.1,2026-02-26 02:22:45.686174+00
57645,10.85,2026-02-26 02:23:14.12332+00
57646,10.07,2026-02-26 02:24:44.983686+00
57647,10.7,2026-02-26 02:25:46.270463+00
57648,11.29,2026-02-26 02:26:14.300668+00
57649,10.02,2026-02-26 02:27:29.628529+00
57650,10.83,2026-02-26 02:28:03.488933+00
57651,10.72,2026-02-26 02:29:11.163958+00
57652,11.36,2026-02-26 02:30:23.898591+00
57653,10.07,2026-02-26 02:31:23.780805+00
57654,10.98,2026-02-26 02:33:35.709422+00
57655,9.88,2026-02-26 02:34:27.422044+00
57656,10.46,2026-02-26 02:35:47.449475+00
57657,11.02,2026-02-26 02:36:24.697006+00
57658,10.01,2026-02-26 02:37:01.422006+00
57659,10.96,2026-02-26 02:38:18.158221+00
57660,11.55,2026-02-26 02:39:48.832042+00
57661,11.53,2026-02-26 02:40:35.611789+00
57662,11.57,2026-02-26 02:41:45.229457+00
57663,11.05,2026-02-26 02:42:47.727666+00
57664,9.68,2026-02-26 02:43:18.313402+00
57665,10.85,2026-02-26 02:44:30.936187+00
57666,10.55,2026-02-26 02:45:30.18698+00
57667,11.06,2026-02-26 02:46:05.035121+00
57668,11.21,2026-02-26 02:48:35.099837+00
57669,9.61,2026-02-26 02:49:38.730174+00
57670,10.62,2026-02-26 02:50:03.384923+00
57671,10.22,2026-02-26 02:51:19.481349+00
57672,11.48,2026-02-26 02:52:49.769592+00
57673,11.04,2026-02-26 02:53:19.840555+00
57674,10.76,2026-02-26 02:54:48.602517+00
57675,10.87,2026-02-26 02:55:24.045601+00
57676,11.15,2026-02-26 02:56:10.704413+00
57677,9.88,2026-02-26 02:57:31.185536+00
57678,9.83,2026-02-26 02:58:41.312935+00
57679,9.69,2026-02-26 02:59:05.196212+00
57680,10.99,2026-02-26 03:00:39.559992+00
57681,10.62,2026-02-26 03:01:08.588054+00
57682,10.41,2026-02-26 03:03:03.448801+00
57683,11.11,2026-02-26 03:04:39.987424+00
57684,9.92,2026-02-26 03:05:43.215604+00
57685,10.51,2026-02-26 03:06:18.554073+00
57686,11.51,2026-02-26 03:07:01.131862+00
57687,11.21,2026-02-26 03:08:11.067104+00
57688,9.79,2026-02-26 03:09:44.34923+00
57689,9.91,2026-02-26 03:10:38.012404+00
57690,10.22,2026-02-26 03:11:37.82285+00
57691,11.34,2026-02-26 03:12:07.412143+00
57692,11.3,2026-02-26 03:13:00.445886+00
57693,9.84,2026-02-26 03:14:13.586814+00
57694,10.06,2026-02-26 03:15:13.516678+00
57695,10.71,2026-02-26 03:16:37.932606+00
57696,10.47,2026-02-26 03:17:06.412736+00
57697,11.57,2026-02-26 03:19:45.534873+00
57698,10.83,2026-02-26 03:20:42.790174+00
57699,9.85,2026-02-26 03:21:31.641683+00
57700,10.05,2026-02-26 03:22:49.808487+00
57701,11.13,2026-02-26 03:23:28.18263+00
57702,9.92,2026-02-26 03:24:07.528911+00
57703,11.16,2026-02-26 03:25:47.203381+00
57704,11.15,2026-02-26 03:26:00.951996+00
57705,11.43,2026-02-26 03:27:02.067174+00
57706,10.21,2026-02-26 03:28:15.774113+00
57707,10.11,2026-02-26 03:29:33.236972+00
57708,10.8,2026-02-26 03:30:46.997286+00
57709,10.63,2026-02-26 03:31:17.717776+00
57710,10.39,2026-02-26 03:32:14.864467+00
57711,10.74,2026-02-26 03:34:34.541086+00
57712,10.84,2026-02-26 03:35:27.025894+00
57713,10.94,2026-02-26 03:36:08.514782+00
57714,10.7,2026-02-26 03:37:19.519494+00
57715,10.3,2026-02-26 03:38:11.476479+00
57716,10.03,2026-02-26 03:39:16.555379+00
57717,9.99,2026-02-26 03:40:27.401237+00
57718,10.5,2026-02-26 03:41:02.904016+00
57719,10.11,2026-02-26 03:42:26.131157+00
57720,10.25,2026-02-26 03:43:27.907326+00
57721,10.53,2026-02-26 03:44:41.269436+00
57722,10.42,2026-02-26 03:45:49.838554+00
57723,10.7,2026-02-26 03:46:03.437333+00
57724,9.77,2026-02-26 03:47:28.161843+00
57725,10.27,2026-02-26 03:49:13.971163+00
57726,10.77,2026-02-26 03:51:19.839309+00
57727,10.45,2026-02-26 03:52:18.141927+00
57728,11.15,2026-02-26 03:53:12.527206+00
57729,11.36,2026-02-26 03:54:22.093707+00
57730,11.23,2026-02-26 03:55:41.862672+00
57731,10.56,2026-02-26 03:56:45.594298+00
57732,9.91,2026-02-26 03:57:12.949241+00
57733,10.36,2026-02-26 03:58:09.809336+00
57734,11.69,2026-02-26 04:00:04.460799+00
57735,9.88,2026-02-26 04:01:09.925383+00
57736,11.11,2026-02-26 04:02:10.34419+00
57737,9.89,2026-02-26 04:03:17.898507+00
57738,9.98,2026-02-26 04:04:17.514873+00
57739,11.46,2026-02-26 04:05:05.618735+00
57740,10.52,2026-02-26 04:06:00.162807+00
57741,10.15,2026-02-26 04:07:03.3936+00
57742,11.29,2026-02-26 04:08:24.59207+00
57743,10.8,2026-02-26 04:09:00.302143+00
57744,10.11,2026-02-26 04:10:12.439186+00
57745,10.45,2026-02-26 04:11:35.75579+00
57746,11.05,2026-02-26 04:13:44.210377+00
57747,10.39,2026-02-26 04:14:04.91372+00
57748,9.66,2026-02-26 04:15:46.348736+00
57749,10.25,2026-02-26 04:16:00.802664+00
57750,10.59,2026-02-26 04:17:39.002832+00
57751,10.94,2026-02-26 04:18:45.439799+00
57752,11,2026-02-26 04:19:13.659282+00
57753,11.38,2026-02-26 04:20:12.669232+00
57754,11.43,2026-02-26 04:21:02.263577+00
57755,9.76,2026-02-26 04:22:48.676285+00
57756,10.44,2026-02-26 04:23:01.079173+00
57757,10.65,2026-02-26 04:24:13.936941+00
57758,10.95,2026-02-26 04:25:02.938523+00
57759,11.29,2026-02-26 04:26:45.317742+00
57760,10.27,2026-02-26 04:28:09.650197+00
57761,10.71,2026-02-26 04:29:13.65642+00
57762,11.7,2026-02-26 04:30:24.009873+00
57763,10.95,2026-02-26 04:31:32.576825+00
57764,10.72,2026-02-26 04:32:13.129429+00
57765,10.72,2026-02-26 04:33:20.361671+00
57766,10.08,2026-02-26 04:34:16.244546+00
57767,10.85,2026-02-26 04:35:15.033613+00
57768,10.53,2026-02-26 04:36:47.548799+00
57769,9.91,2026-02-26 04:37:20.158718+00
57770,11.01,2026-02-26 04:38:19.343436+00
57771,10.22,2026-02-26 04:39:10.813623+00
57772,10.83,2026-02-26 04:40:01.227131+00
57773,10.18,2026-02-26 04:41:37.509387+00
57774,10.52,2026-02-26 04:43:08.687077+00
57775,11.78,2026-02-26 04:44:44.800353+00
57776,10.13,2026-02-26 04:45:00.896316+00
57777,10.38,2026-02-26 04:46:04.797698+00
57778,11.41,2026-02-26 04:47:03.000903+00
57779,10.42,2026-02-26 04:48:40.785824+00
57780,10.68,2026-02-26 04:49:17.054555+00
57781,10.37,2026-02-26 04:50:25.608864+00
57782,11.63,2026-02-26 04:51:27.625683+00
57783,10.72,2026-02-26 04:52:18.830578+00
57784,10.5,2026-02-26 04:53:39.678724+00
57785,11.23,2026-02-26 04:54:31.623968+00
57786,10.38,2026-02-26 04:55:02.618847+00
57787,9.93,2026-02-26 04:56:19.355394+00
57788,11.51,2026-02-26 04:57:46.762951+00
57789,9.89,2026-02-26 04:59:32.750429+00
57790,11.3,2026-02-26 05:01:33.207391+00
57791,10.96,2026-02-26 05:02:42.09205+00
57792,10.91,2026-02-26 05:03:26.743292+00
57793,10.54,2026-02-26 05:04:31.617952+00
57794,9.91,2026-02-26 05:05:25.384737+00
57795,11.44,2026-02-26 05:06:32.266853+00
57796,9.97,2026-02-26 05:07:27.470577+00
57797,10.07,2026-02-26 05:08:17.71627+00
57798,10.24,2026-02-26 05:09:43.751022+00
57799,9.94,2026-02-26 05:10:21.118597+00
57800,11.15,2026-02-26 05:11:32.891671+00
57801,10.75,2026-02-26 05:12:32.81393+00
57802,9.63,2026-02-26 05:14:46.150723+00
57803,9.91,2026-02-26 05:15:49.875243+00
57804,11.11,2026-02-26 05:16:27.558458+00
57805,10.04,2026-02-26 05:17:25.613693+00
57806,10.31,2026-02-26 05:18:45.068254+00
57807,11.59,2026-02-26 05:19:05.350726+00
57808,9.87,2026-02-26 05:20:36.119088+00
57809,9.81,2026-02-26 05:21:25.786098+00
57810,10.18,2026-02-26 05:22:04.821094+00
57811,10.12,2026-02-26 05:23:12.016637+00
57812,11.05,2026-02-26 05:24:06.363524+00
57813,10.13,2026-02-26 05:25:13.139502+00
57814,10.38,2026-02-26 05:26:16.542876+00
57815,11.17,2026-02-26 05:27:02.942168+00
57816,9.87,2026-02-26 05:28:10.648223+00
57817,10.61,2026-02-26 05:30:10.968794+00
57818,9.55,2026-02-26 05:31:08.703632+00
57819,10.37,2026-02-26 05:32:18.140471+00
57820,10.39,2026-02-26 05:33:24.791227+00
57821,9.58,2026-02-26 05:34:35.032553+00
57822,10.6,2026-02-26 05:35:41.250304+00
57823,9.43,2026-02-26 05:36:22.539189+00
57824,10.47,2026-02-26 05:37:33.278527+00
57825,9.92,2026-02-26 05:38:07.664945+00
57826,9.56,2026-02-26 05:39:18.040673+00
57827,10.95,2026-02-26 05:40:14.009229+00
57828,11.23,2026-02-26 05:41:43.056405+00
57829,9.72,2026-02-26 05:42:39.011047+00
57830,10.44,2026-02-26 05:44:18.918283+00
57831,9.78,2026-02-26 05:45:20.491044+00
57832,10.83,2026-02-26 05:46:11.399201+00
57833,10.33,2026-02-26 05:47:43.42027+00
57834,10.83,2026-02-26 05:48:42.058706+00
57835,11.28,2026-02-26 05:49:14.192511+00
57836,10.41,2026-02-26 05:50:08.022573+00
57837,11.14,2026-02-26 05:51:13.792583+00
57838,9.71,2026-02-26 05:52:02.318427+00
57839,11.22,2026-02-26 05:53:29.06375+00
57840,10.34,2026-02-26 05:54:39.753237+00
57841,11.27,2026-02-26 05:55:10.751676+00
57842,11.39,2026-02-26 05:56:38.022582+00
57843,10.88,2026-02-26 05:57:19.573117+00
57844,11.01,2026-02-26 05:58:07.228166+00
57845,10.31,2026-02-26 06:01:37.817214+00
57846,10.84,2026-02-26 06:02:47.26192+00
57847,9.44,2026-02-26 06:03:29.132186+00
57848,10.45,2026-02-26 06:04:10.246461+00
57849,9.48,2026-02-26 06:05:17.820932+00
57850,10.56,2026-02-26 06:06:17.254939+00
57851,9.83,2026-02-26 06:07:09.144159+00
57852,10.55,2026-02-26 06:08:33.739285+00
57853,10.22,2026-02-26 06:09:21.481615+00
57854,10.58,2026-02-26 06:10:27.650816+00
57855,10.36,2026-02-26 06:11:31.721672+00
57856,9.5,2026-02-26 06:12:26.424426+00
57857,9.61,2026-02-26 06:13:00.045159+00
57858,9.53,2026-02-26 06:15:34.180346+00
57859,11.18,2026-02-26 06:16:39.015938+00
57860,10.28,2026-02-26 06:17:25.944386+00
57861,9.97,2026-02-26 06:18:32.356447+00
57862,10.28,2026-02-26 06:19:37.55966+00
57863,9.8,2026-02-26 06:20:32.137385+00
57864,10.43,2026-02-26 06:21:14.363097+00
57865,9.33,2026-02-26 06:22:08.940125+00
57866,10.41,2026-02-26 06:23:31.66144+00
57867,9.45,2026-02-26 06:24:43.033832+00
57868,9.55,2026-02-26 06:25:00.047516+00
57869,10.39,2026-02-26 06:26:11.09477+00
57870,9.34,2026-02-26 06:27:46.507374+00
57871,9.74,2026-02-26 06:28:32.562707+00
57872,9.27,2026-02-26 06:30:10.115619+00
57873,10.38,2026-02-26 06:31:49.783728+00
57874,10.73,2026-02-26 06:32:40.114803+00
57875,9.49,2026-02-26 06:33:38.991025+00
57876,9.91,2026-02-26 06:34:48.240334+00
57877,9.39,2026-02-26 06:35:32.147728+00
57878,10.49,2026-02-26 06:36:33.34011+00
57879,9.43,2026-02-26 06:37:41.641102+00
57880,9.83,2026-02-26 06:38:25.017269+00
57881,10.95,2026-02-26 06:39:33.58159+00
57882,11.14,2026-02-26 06:40:49.257433+00
57883,9.41,2026-02-26 06:41:12.010921+00
57884,10.15,2026-02-26 06:42:17.534022+00
57885,9.48,2026-02-26 06:43:25.736927+00
57886,9.23,2026-02-26 06:45:35.116128+00
57887,10.73,2026-02-26 06:46:13.577259+00
57888,10.71,2026-02-26 06:47:47.184411+00
57889,9.13,2026-02-26 06:48:32.410572+00
57890,10.92,2026-02-26 06:49:24.007073+00
57891,9.85,2026-02-26 06:50:02.969871+00
57892,9.52,2026-02-26 06:51:21.036848+00
57893,9.69,2026-02-26 06:52:21.834467+00
57894,10.75,2026-02-26 06:53:37.959758+00
57895,9.61,2026-02-26 06:54:29.736158+00
57896,10.97,2026-02-26 06:55:08.881465+00
57897,10.53,2026-02-26 06:56:05.934891+00
57898,9.27,2026-02-26 06:57:16.881906+00
57899,10.05,2026-02-26 06:59:32.02037+00
57900,10.29,2026-02-26 07:01:24.145418+00
57901,10.87,2026-02-26 07:02:36.771559+00
57902,11.03,2026-02-26 07:03:16.641958+00
57903,10.86,2026-02-26 07:04:28.889246+00
57904,9.55,2026-02-26 07:05:20.23658+00
57905,9.39,2026-02-26 07:06:02.159302+00
57906,9.23,2026-02-26 07:07:10.122653+00
57907,10.85,2026-02-26 07:08:25.132164+00
57908,9.67,2026-02-26 07:09:41.472763+00
57909,9.57,2026-02-26 07:10:34.790635+00
57910,10.13,2026-02-26 07:11:31.555973+00
57911,9.78,2026-02-26 07:12:14.73291+00
57912,11.05,2026-02-26 07:14:11.360212+00
57913,9.29,2026-02-26 07:15:03.281581+00
57914,10.23,2026-02-26 07:16:41.902092+00
57915,10.36,2026-02-26 07:17:29.950309+00
57916,10.86,2026-02-26 07:18:31.701138+00
57917,10.7,2026-02-26 07:19:29.7049+00
57918,10.08,2026-02-26 07:20:33.02864+00
57919,9.29,2026-02-26 07:21:42.720978+00
57920,9.96,2026-02-26 07:22:14.818534+00
57921,10.76,2026-02-26 07:23:11.202631+00
57922,9.27,2026-02-26 07:24:36.965559+00
57923,11.14,2026-02-26 07:25:35.054723+00
57924,10.79,2026-02-26 07:26:02.639231+00
57925,10.1,2026-02-26 07:27:23.074183+00
57926,10.4,2026-02-26 07:28:22.037961+00
57927,9.79,2026-02-26 07:30:19.012751+00
57928,11.06,2026-02-26 07:31:25.290882+00
57929,10.1,2026-02-26 07:32:02.562546+00
57930,11.2,2026-02-26 07:33:33.949539+00
57931,11.2,2026-02-26 07:34:40.682182+00
57932,9.74,2026-02-26 07:35:47.055303+00
57933,11.14,2026-02-26 07:36:13.179937+00
57934,9.72,2026-02-26 07:37:27.028178+00
57935,11.33,2026-02-26 07:38:20.561615+00
57936,10.7,2026-02-26 07:39:40.588475+00
57937,10,2026-02-26 07:40:25.798676+00
57938,9.61,2026-02-26 07:41:20.439737+00
57939,10.3,2026-02-26 07:42:40.375727+00
57940,9.5,2026-02-26 07:44:05.245314+00
57941,11.01,2026-02-26 07:45:01.635325+00
57942,9.95,2026-02-26 07:46:32.59806+00
57943,11.49,2026-02-26 07:47:46.036427+00
57944,10.91,2026-02-26 07:48:14.637918+00
57945,10.91,2026-02-26 07:49:49.506024+00
57946,9.88,2026-02-26 07:50:15.589988+00
57947,9.71,2026-02-26 07:51:23.742859+00
57948,10.59,2026-02-26 07:52:12.776267+00
57949,10.16,2026-02-26 07:53:14.680996+00
57950,10.4,2026-02-26 07:54:18.223201+00
57951,11.59,2026-02-26 07:56:47.330453+00
57952,11.19,2026-02-26 07:57:19.688762+00
57953,9.77,2026-02-26 07:58:33.237293+00
57954,9.76,2026-02-26 07:59:33.2038+00
57955,11.52,2026-02-26 08:00:36.554016+00
57956,11.2,2026-02-26 08:01:02.197346+00
57957,11.21,2026-02-26 08:02:41.882686+00
57958,10.04,2026-02-26 08:03:08.722563+00
57959,11.31,2026-02-26 08:04:48.419078+00
57960,10.44,2026-02-26 08:05:44.164653+00
57961,10.28,2026-02-26 08:06:34.04593+00
57962,11.02,2026-02-26 08:07:32.295621+00
57963,9.6,2026-02-26 08:08:25.702075+00
57964,9.84,2026-02-26 08:10:05.38632+00
57965,11.05,2026-02-26 08:11:46.201106+00
57966,11.25,2026-02-26 08:12:32.565135+00
57967,10.98,2026-02-26 08:13:07.013935+00
57968,10.87,2026-02-26 08:14:17.372337+00
57969,11.43,2026-02-26 08:15:47.985333+00
57970,10.47,2026-02-26 08:16:40.812928+00
57971,11.67,2026-02-26 08:17:46.566469+00
57972,11.07,2026-02-26 08:18:33.393397+00
57973,9.97,2026-02-26 08:19:23.280737+00
57974,9.97,2026-02-26 08:20:03.51457+00
57975,11.71,2026-02-26 08:21:16.967101+00
57976,11.51,2026-02-26 08:22:32.567302+00
57977,11.66,2026-02-26 08:23:01.061028+00
57978,11.19,2026-02-26 08:25:01.939067+00
57979,10.44,2026-02-26 08:26:02.166821+00
57980,11.73,2026-02-26 08:27:07.078264+00
57981,11.09,2026-02-26 08:28:08.846093+00
57982,10.23,2026-02-26 08:29:22.383535+00
57983,10.34,2026-02-26 08:30:22.163868+00
57984,10.44,2026-02-26 08:31:43.682161+00
57985,11.65,2026-02-26 08:32:45.823443+00
57986,10.04,2026-02-26 08:33:44.548639+00
57987,10.85,2026-02-26 08:34:39.862129+00
57988,10.87,2026-02-26 08:35:24.679011+00
57989,11.38,2026-02-26 08:36:49.783933+00
57990,10.29,2026-02-26 08:37:23.320805+00
57991,10.07,2026-02-26 08:38:02.681361+00
57992,10.23,2026-02-26 08:40:23.123504+00
57993,10.36,2026-02-26 08:41:41.041376+00
57994,10.15,2026-02-26 08:42:06.75607+00
57995,11.25,2026-02-26 08:43:02.260178+00
57996,10.47,2026-02-26 08:44:33.024887+00
57997,11.51,2026-02-26 08:45:26.045834+00
57998,10.74,2026-02-26 08:46:43.832653+00
57999,11,2026-02-26 08:47:42.487119+00
58000,10.48,2026-02-26 08:48:09.318416+00
58001,10.33,2026-02-26 08:49:29.972187+00
58002,11.24,2026-02-26 08:50:28.653082+00
58003,10.38,2026-02-26 08:51:31.562183+00
58004,11.14,2026-02-26 08:52:03.30135+00
58005,10.97,2026-02-26 08:53:09.514375+00
58006,10.19,2026-02-26 08:55:00.438377+00
58007,10.21,2026-02-26 08:56:42.343242+00
58008,10.95,2026-02-26 08:57:36.113355+00
58009,11.07,2026-02-26 08:58:26.755293+00
58010,10.62,2026-02-26 08:59:04.886435+00
58011,11.33,2026-02-26 09:00:11.996762+00
58012,10.74,2026-02-26 09:01:14.424121+00
58013,12.27,2026-02-26 09:02:39.441424+00
58014,11.61,2026-02-26 09:03:13.656603+00
58015,11.44,2026-02-26 09:04:04.624113+00
58016,10.84,2026-02-26 09:05:40.593532+00
58017,10.75,2026-02-26 09:06:11.698776+00
58018,11.98,2026-02-26 09:07:38.464425+00
58019,10.77,2026-02-26 09:09:39.034947+00
58020,11.04,2026-02-26 09:10:28.454838+00
58021,10.34,2026-02-26 09:11:31.45512+00
58022,10.71,2026-02-26 09:12:42.861039+00
58023,12.11,2026-02-26 09:13:40.119545+00
58024,10.65,2026-02-26 09:14:45.782882+00
58025,10.91,2026-02-26 09:15:21.807497+00
58026,11.07,2026-02-26 09:16:21.376212+00
58027,11.9,2026-02-26 09:17:42.395219+00
58028,12.35,2026-02-26 09:18:00.513068+00
58029,11.11,2026-02-26 09:19:39.741546+00
58030,11.19,2026-02-26 09:20:05.185616+00
58031,10.73,2026-02-26 09:21:36.377581+00
58032,10.98,2026-02-26 09:23:28.744343+00
58033,11.29,2026-02-26 09:24:36.94699+00
58034,11.13,2026-02-26 09:25:16.675012+00
58035,10.7,2026-02-26 09:26:25.729473+00
58036,11.07,2026-02-26 09:27:21.715792+00
58037,11.33,2026-02-26 09:28:22.513814+00
58038,10.77,2026-02-26 09:29:04.417969+00
58039,12.64,2026-02-26 09:30:06.132377+00
58040,10.98,2026-02-26 09:31:39.179503+00
58041,12,2026-02-26 09:32:44.610866+00
58042,12.13,2026-02-26 09:33:19.26611+00
58043,11.93,2026-02-26 09:34:32.715158+00
58044,11.2,2026-02-26 09:36:40.595406+00
58045,11.66,2026-02-26 09:37:22.245598+00
58046,12.24,2026-02-26 09:38:06.255303+00
58047,12.02,2026-02-26 09:39:23.038712+00
58048,12.08,2026-02-26 09:40:34.182351+00
58049,11.19,2026-02-26 09:41:11.10936+00
58050,11.09,2026-02-26 09:42:45.750922+00
58051,11.8,2026-02-26 09:43:34.13043+00
58052,12.69,2026-02-26 09:44:25.112136+00
58053,11.76,2026-02-26 09:45:24.335035+00
58054,12.22,2026-02-26 09:46:38.826628+00
58055,11.48,2026-02-26 09:49:31.922874+00
58056,12.71,2026-02-26 09:51:08.859321+00
58057,11.23,2026-02-26 09:59:47.752942+00
58058,12.92,2026-02-26 10:03:10.491854+00
58059,12.77,2026-02-26 10:04:43.082216+00
58060,12.48,2026-02-26 10:05:34.774861+00
58061,12.29,2026-02-26 10:06:46.110769+00
58062,12.28,2026-02-26 10:07:19.305366+00
58063,11.96,2026-02-26 10:08:25.52272+00
58064,12.44,2026-02-26 10:09:15.569051+00
58065,13.06,2026-02-26 10:10:43.235844+00
58066,12.95,2026-02-26 10:11:35.648795+00
58067,11.37,2026-02-26 10:12:44.333912+00
58068,13.03,2026-02-26 10:13:36.672185+00
58069,11.35,2026-02-26 10:14:21.717231+00
58070,11.65,2026-02-26 10:15:46.050137+00
58071,12.83,2026-02-26 10:16:17.157857+00
58072,12.69,2026-02-26 10:18:41.577378+00
58073,12.82,2026-02-26 10:19:17.621812+00
58074,13.07,2026-02-26 10:20:25.836406+00
58075,12.69,2026-02-26 10:21:43.871001+00
58076,13.04,2026-02-26 10:22:43.321691+00
58077,11.39,2026-02-26 10:23:12.414215+00
58078,11.34,2026-02-26 10:24:48.863844+00
58079,11.42,2026-02-26 10:25:36.654123+00
58080,11.55,2026-02-26 10:26:47.36753+00
58081,11.9,2026-02-26 10:28:10.365837+00
58082,12.82,2026-02-26 10:29:20.196231+00
58083,11.81,2026-02-26 10:30:11.899683+00
58084,12.08,2026-02-26 10:31:32.123024+00
58085,11.71,2026-02-26 10:32:10.510915+00
58086,12.32,2026-02-26 10:33:28.457987+00
58087,13.21,2026-02-26 10:34:19.314874+00
58088,11.49,2026-02-26 10:35:09.110993+00
58089,12.84,2026-02-26 10:36:28.947848+00
58090,11.48,2026-02-26 10:37:45.484172+00
58091,12.97,2026-02-26 10:38:07.835286+00
58092,12.91,2026-02-26 10:39:41.196585+00
58093,11.64,2026-02-26 10:40:48.681113+00
58094,12.19,2026-02-26 10:42:26.901658+00
58095,12.73,2026-02-26 10:43:34.230506+00
58096,12.88,2026-02-26 10:44:19.404862+00
58097,11.61,2026-02-26 10:45:04.675596+00
58098,12.57,2026-02-26 10:46:05.648393+00
58099,11.76,2026-02-26 10:47:01.705809+00
58100,11.48,2026-02-26 10:48:37.963899+00
58101,11.49,2026-02-26 10:49:10.627247+00
58102,12.88,2026-02-26 10:50:29.78155+00
58103,12.94,2026-02-26 10:51:26.188168+00
58104,12.42,2026-02-26 10:52:11.896977+00
58105,13.22,2026-02-26 10:53:49.83837+00
58106,13.37,2026-02-26 10:54:38.444204+00
58107,11.4,2026-02-26 10:55:08.734629+00
58108,13.27,2026-02-26 10:57:38.398745+00
58109,11.45,2026-02-26 10:58:40.785545+00
58110,12.94,2026-02-26 10:59:07.953485+00
58111,12.36,2026-02-26 11:00:43.856393+00
58112,11.73,2026-02-26 11:01:34.73699+00
58113,12.09,2026-02-26 11:02:47.115489+00
58114,12.33,2026-02-26 11:03:00.847522+00
58115,12.36,2026-02-26 11:04:18.729763+00
58116,11.48,2026-02-26 11:05:12.181092+00
58117,12.95,2026-02-26 11:06:31.284141+00
58118,12.05,2026-02-26 11:07:29.409514+00
58119,11.78,2026-02-26 11:08:40.89479+00
58120,12.45,2026-02-26 11:09:00.442152+00
58121,13.11,2026-02-26 11:11:27.93608+00
58122,13.02,2026-02-26 11:12:05.823656+00
58123,12.05,2026-02-26 11:13:15.06808+00
58124,11.85,2026-02-26 11:14:12.829923+00
58125,13.17,2026-02-26 11:15:31.446935+00
58126,12.98,2026-02-26 11:16:13.983806+00
58127,12.28,2026-02-26 11:17:31.535197+00
58128,13.6,2026-02-26 11:18:33.814117+00
58129,13.17,2026-02-26 11:19:43.037619+00
58130,13.03,2026-02-26 11:20:31.623778+00
58131,12.23,2026-02-26 11:21:18.894863+00
58132,12.43,2026-02-26 11:22:04.38402+00
58133,12.28,2026-02-26 11:23:09.061104+00
58134,13.37,2026-02-26 11:24:01.476095+00
58135,12.79,2026-02-26 11:26:47.221233+00
58136,13.15,2026-02-26 11:27:33.190372+00
58137,13.26,2026-02-26 11:28:02.492739+00
58138,12.63,2026-02-26 11:29:09.798901+00
58139,12.13,2026-02-26 11:30:21.759123+00
58140,12.16,2026-02-26 11:31:42.04596+00
58141,11.92,2026-02-26 11:32:01.816124+00
58142,13.78,2026-02-26 11:33:14.343547+00
58143,13.87,2026-02-26 11:35:11.076541+00
58144,13.6,2026-02-26 11:36:26.185027+00
58145,13.3,2026-02-26 11:37:05.486761+00
58146,12.74,2026-02-26 11:38:33.455578+00
58147,13.62,2026-02-26 11:39:07.294348+00
58148,13.25,2026-02-26 11:40:39.58577+00
58149,12.04,2026-02-26 11:41:27.583851+00
58150,12.28,2026-02-26 11:42:39.751209+00
58151,12.78,2026-02-26 11:43:40.642415+00
58152,13.05,2026-02-26 11:44:25.155136+00
58153,13.37,2026-02-26 11:45:22.971985+00
58154,12.83,2026-02-26 11:46:06.635673+00
58155,13.37,2026-02-26 11:47:18.33732+00
58156,12.5,2026-02-26 11:48:06.451413+00
58157,12.67,2026-02-26 11:50:49.92587+00
58158,13.51,2026-02-26 11:51:03.89827+00
58159,12.18,2026-02-26 11:52:38.353504+00
58160,12.72,2026-02-26 11:53:37.017361+00
58161,12.61,2026-02-26 11:54:04.099614+00
58162,13.11,2026-02-26 11:55:45.394156+00
58163,13.8,2026-02-26 11:56:41.621527+00
58164,14.06,2026-02-26 11:57:48.153753+00
58165,13.88,2026-02-26 11:58:37.779645+00
58166,13.72,2026-02-26 11:59:47.743113+00
58167,13.73,2026-02-26 12:00:14.783433+00
58168,14.05,2026-02-26 12:01:32.292884+00
58169,14.1,2026-02-26 12:02:35.81826+00
58170,13.46,2026-02-26 12:04:38.13157+00
58171,12.91,2026-02-26 12:05:23.48315+00
58172,13.25,2026-02-26 12:06:47.994575+00
58173,12.56,2026-02-26 12:07:28.619634+00
58174,14.16,2026-02-26 12:08:13.832514+00
58175,13.09,2026-02-26 12:09:17.00083+00
58176,12.87,2026-02-26 12:10:12.277657+00
58177,12.34,2026-02-26 12:11:33.926384+00
58178,14.09,2026-02-26 12:12:48.670001+00
58179,13.21,2026-02-26 12:13:42.180476+00
58180,13.07,2026-02-26 12:14:01.361016+00
58181,14.17,2026-02-26 12:15:42.745053+00
58182,13.97,2026-02-26 12:16:35.640049+00
58183,14.32,2026-02-26 12:18:25.39638+00
58184,12.91,2026-02-26 12:19:26.859225+00
58185,14.16,2026-02-26 12:20:20.043345+00
58186,14.47,2026-02-26 12:21:36.575307+00
58187,12.85,2026-02-26 12:22:25.41745+00
58188,13.99,2026-02-26 12:23:42.084924+00
58189,12.61,2026-02-26 12:24:09.830392+00
58190,12.73,2026-02-26 12:25:10.032578+00
58191,13.35,2026-02-26 12:26:42.04135+00
58192,12.99,2026-02-26 12:27:09.290118+00
58193,13.19,2026-02-26 12:28:11.852559+00
58194,13.55,2026-02-26 12:29:35.857331+00
58195,13.02,2026-02-26 12:30:44.583216+00
58196,14.01,2026-02-26 12:32:05.257857+00
58197,13.79,2026-02-26 12:33:35.225014+00
58198,13.47,2026-02-26 12:34:07.932695+00
58199,13.22,2026-02-26 12:35:32.476569+00
58200,13.94,2026-02-26 12:36:17.739358+00
58201,14.24,2026-02-26 12:37:00.793486+00
58202,13.12,2026-02-26 12:38:40.093106+00
58203,12.94,2026-02-26 12:39:33.250137+00
58204,13.49,2026-02-26 12:40:18.198872+00
58205,12.9,2026-02-26 12:41:47.69071+00
58206,13.28,2026-02-26 12:42:32.080112+00
58207,13.8,2026-02-26 12:43:34.716555+00
58208,13.78,2026-02-26 12:44:08.830595+00
58209,14.03,2026-02-26 12:46:07.0789+00
58210,14.13,2026-02-26 12:47:18.653727+00
58211,12.94,2026-02-26 12:48:20.096377+00
58212,12.93,2026-02-26 12:49:23.486953+00
58213,14.15,2026-02-26 12:50:15.341092+00
58214,14.19,2026-02-26 12:51:26.005611+00
58215,14.49,2026-02-26 12:52:49.180923+00
58216,14.15,2026-02-26 12:53:10.138626+00
58217,14,2026-02-26 12:54:44.612729+00
58218,14.83,2026-02-26 12:55:38.310021+00
58219,14.39,2026-02-26 12:56:05.930709+00
58220,13.67,2026-02-26 12:57:44.807608+00
58221,14.56,2026-02-26 12:58:14.34615+00
58222,14.65,2026-02-26 12:59:37.297427+00
58223,13.95,2026-02-26 13:01:45.991335+00
58224,14.96,2026-02-26 13:02:33.135397+00
58225,14.33,2026-02-26 13:03:14.869916+00
58226,13.03,2026-02-26 13:04:17.154028+00
58227,14.33,2026-02-26 13:05:08.400643+00
58228,13.47,2026-02-26 13:06:37.560546+00
58229,14.45,2026-02-26 13:07:19.616609+00
58230,14,2026-02-26 13:08:16.584636+00
58231,13.68,2026-02-26 13:09:16.432693+00
58232,13.7,2026-02-26 13:10:43.550538+00
58233,13.23,2026-02-26 13:11:35.457416+00
58234,14.91,2026-02-26 13:12:34.890106+00
58235,13.95,2026-02-26 13:13:32.960372+00
58236,13.41,2026-02-26 13:14:15.734381+00
58237,13.71,2026-02-26 13:16:44.804235+00
58238,14.29,2026-02-26 13:17:18.100905+00
58239,14.75,2026-02-26 13:18:25.881348+00
58240,13.72,2026-02-26 13:19:36.376766+00
58241,14.3,2026-02-26 13:21:40.711424+00
58242,14.76,2026-02-26 13:22:47.444981+00
58243,13.17,2026-02-26 13:23:34.098563+00
58244,13.97,2026-02-26 13:24:42.253876+00
58245,14.13,2026-02-26 13:25:46.554102+00
58246,12.08,2026-02-26 13:27:12.265017+00
58247,12.85,2026-02-26 13:28:23.824444+00
58248,12.38,2026-02-26 13:29:12.094393+00
58249,12.14,2026-02-26 13:30:30.313211+00
58250,11.94,2026-02-26 13:31:45.112597+00
58251,12.66,2026-02-26 13:32:42.997636+00
58252,12.92,2026-02-26 13:33:09.967954+00
58253,13.55,2026-02-26 13:34:08.838601+00
58254,13.09,2026-02-26 13:35:18.44761+00
58255,13.23,2026-02-26 13:36:48.37455+00
58256,13.17,2026-02-26 13:37:12.220733+00
58257,12.61,2026-02-26 13:38:24.232743+00
58258,12.46,2026-02-26 13:39:14.069609+00
58259,13.73,2026-02-26 13:40:16.742108+00
58260,12.83,2026-02-26 13:41:31.500865+00
58261,12.88,2026-02-26 13:42:46.789829+00
58262,13.72,2026-02-26 13:43:02.827241+00
58263,11.93,2026-02-26 13:44:32.207298+00
58264,12.6,2026-02-26 13:45:47.259776+00
58265,12.31,2026-02-26 13:46:48.194224+00
58266,13.28,2026-02-26 13:48:39.223076+00
58267,11.73,2026-02-26 13:49:34.479124+00
58268,12.63,2026-02-26 13:49:15.01732+00
58269,12.83,2026-02-26 13:50:06.779983+00
58270,13.08,2026-02-26 13:51:27.184019+00
58271,12.45,2026-02-26 13:52:05.453199+00
58272,13.37,2026-02-26 13:53:47.168591+00
58273,11.77,2026-02-26 13:55:04.439561+00
58274,12.52,2026-02-26 13:55:24.991533+00
58275,13.21,2026-02-26 13:56:39.893697+00
58276,13.5,2026-02-26 13:57:01.384804+00
58277,11.73,2026-02-26 13:58:15.76833+00
58278,11.83,2026-02-26 14:00:13.386283+00
58279,12.29,2026-02-26 14:01:34.358092+00
58280,12.26,2026-02-26 14:02:16.271649+00
58281,13.51,2026-02-26 14:03:33.81467+00
58282,12.53,2026-02-26 14:04:41.734012+00
58283,12.55,2026-02-26 14:05:43.039794+00
58284,13.07,2026-02-26 14:06:44.442716+00
58285,11.79,2026-02-26 14:07:14.245178+00
58286,12.21,2026-02-26 14:08:40.885324+00
58287,12.08,2026-02-26 14:09:22.346596+00
58288,12.63,2026-02-26 14:10:11.599353+00
58289,13.09,2026-02-26 14:11:06.997634+00
58290,12.16,2026-02-26 14:12:23.015828+00
58291,12.09,2026-02-26 14:13:02.688274+00
58292,12.44,2026-02-26 14:15:15.88826+00
58293,13.52,2026-02-26 14:16:28.452968+00
58294,12.1,2026-02-26 14:17:45.646693+00
58295,13,2026-02-26 14:18:07.543612+00
58296,12.21,2026-02-26 14:19:13.118492+00
58297,12.3,2026-02-26 14:20:22.789902+00
58298,12.71,2026-02-26 14:21:46.687272+00
58299,13.41,2026-02-26 14:22:31.148228+00
58300,12.19,2026-02-26 14:23:47.639699+00
58301,12.35,2026-02-26 14:24:32.032896+00
58302,12.08,2026-02-26 14:25:19.588539+00
58303,12.5,2026-02-26 14:27:07.806136+00
58304,13.17,2026-02-26 14:28:20.773268+00
58305,13.01,2026-02-26 14:29:37.277927+00
58306,12.01,2026-02-26 14:30:16.054728+00
58307,13.07,2026-02-26 14:31:14.329198+00
58308,13.6,2026-02-26 14:32:27.521352+00
58309,12.38,2026-02-26 14:33:36.684004+00
58310,13.83,2026-02-26 14:34:16.957417+00
58311,12.71,2026-02-26 14:35:07.777431+00
58312,12.54,2026-02-26 14:36:43.956727+00
58313,12.43,2026-02-26 14:37:49.97396+00
58314,12.05,2026-02-26 14:38:09.173537+00
58315,13.55,2026-02-26 14:40:45.423547+00
58316,13.04,2026-02-26 14:41:34.341914+00
58317,11.71,2026-02-26 14:42:22.381508+00
58318,12.17,2026-02-26 14:43:35.007608+00
58319,12.77,2026-02-26 14:44:29.022888+00
58320,13.31,2026-02-26 14:45:28.788563+00
58321,12.43,2026-02-26 14:46:07.624217+00
58322,12.87,2026-02-26 14:49:25.957631+00
58323,12.86,2026-02-26 14:50:37.454969+00
58324,11.86,2026-02-26 14:51:21.923628+00
58325,12.03,2026-02-26 14:52:17.713014+00
58326,12.05,2026-02-26 14:53:07.99249+00
58327,13.59,2026-02-26 14:54:31.727126+00
58328,12.2,2026-02-26 14:55:49.16707+00
58329,12.07,2026-02-26 14:56:40.999686+00
58330,12.85,2026-02-26 14:57:04.317494+00
58331,12.15,2026-02-26 14:58:39.205752+00
58332,13.07,2026-02-26 14:59:06.982091+00
58333,11.99,2026-02-26 15:00:22.824393+00
58334,13.45,2026-02-26 15:01:15.848724+00
58335,13.65,2026-02-26 15:03:06.14114+00
58336,12.47,2026-02-26 15:04:21.482216+00
58337,12.25,2026-02-26 15:05:01.253643+00
58338,13.46,2026-02-26 15:06:10.273438+00
58339,13.43,2026-02-26 15:07:26.499463+00
58340,12.4,2026-02-26 15:08:00.033054+00
58341,12.03,2026-02-26 15:09:35.76141+00
58342,12.77,2026-02-26 15:10:42.03878+00
58343,12.74,2026-02-26 15:11:01.94764+00
58344,12.46,2026-02-26 15:12:40.910262+00
58345,11.91,2026-02-26 15:13:34.383467+00
58346,11.8,2026-02-26 15:14:10.386035+00
58347,13.41,2026-02-26 15:15:24.667028+00
58348,13.47,2026-02-26 15:17:37.337835+00
58349,11.72,2026-02-26 15:18:02.824765+00
58350,13.12,2026-02-26 15:19:49.809619+00
58351,12.78,2026-02-26 15:20:00.908333+00
58352,12.89,2026-02-26 15:21:37.061874+00
58353,12.26,2026-02-26 15:22:42.936465+00
58354,13.35,2026-02-26 15:23:09.832665+00
58355,12.76,2026-02-26 15:24:15.74493+00
58356,13.52,2026-02-26 15:25:04.696184+00
58357,12.84,2026-02-26 15:26:19.79515+00
58358,12.45,2026-02-26 15:27:10.214048+00
58359,13.45,2026-02-26 15:28:04.075456+00
58360,12.37,2026-02-26 15:29:03.00949+00
58361,13.6,2026-02-26 15:31:42.28172+00
58362,13.01,2026-02-26 15:32:29.392875+00
58363,12.24,2026-02-26 15:33:18.797913+00
58364,12.66,2026-02-26 15:34:10.928226+00
58365,13.01,2026-02-26 15:35:24.114494+00
58366,12.89,2026-02-26 15:36:09.457349+00
58367,12.6,2026-02-26 15:37:44.49169+00
58368,13.34,2026-02-26 15:38:43.469712+00
58369,13.4,2026-02-26 15:39:16.97636+00
58370,13.49,2026-02-26 15:40:46.090736+00
58371,13.05,2026-02-26 15:41:45.450195+00
58372,12.38,2026-02-26 15:42:15.319421+00
58373,12.51,2026-02-26 15:43:35.964224+00
58374,13.36,2026-02-26 15:44:13.593635+00
58375,11.83,2026-02-26 15:45:09.761663+00
58376,13.49,2026-02-26 15:47:09.942536+00
58377,13.51,2026-02-26 15:48:38.690091+00
58378,13.47,2026-02-26 15:49:49.963527+00
58379,13.63,2026-02-26 15:50:42.555938+00
58380,12.13,2026-02-26 15:51:03.937964+00
58381,11.87,2026-02-26 15:52:05.538467+00
58382,12.57,2026-02-26 15:53:37.066941+00
58383,12.15,2026-02-26 15:53:41.658237+00
58384,11.91,2026-02-26 15:55:04.893651+00
58385,11.72,2026-02-26 15:56:45.453328+00
58386,12.86,2026-02-26 15:57:16.850191+00
58387,12.58,2026-02-26 15:58:49.808746+00
58388,12.93,2026-02-26 15:59:24.823648+00
58389,12.43,2026-02-26 16:01:43.071713+00
58390,12.38,2026-02-26 16:02:10.123148+00
58391,12,2026-02-26 16:03:22.629047+00
58392,12.12,2026-02-26 16:04:20.974227+00
58393,12.06,2026-02-26 16:05:35.311873+00
58394,13.2,2026-02-26 16:06:45.543694+00
58395,13.32,2026-02-26 16:07:16.566499+00
58396,12.02,2026-02-26 16:08:44.573665+00
58397,12.93,2026-02-26 16:09:09.587411+00
58398,12.83,2026-02-26 16:10:18.937288+00
58399,13.33,2026-02-26 16:11:06.768692+00
58400,12.59,2026-02-26 16:13:31.156298+00
58401,13.07,2026-02-26 16:14:21.860752+00
58402,12.65,2026-02-26 16:15:26.03543+00
58403,11.95,2026-02-26 16:16:39.616672+00
58404,12.11,2026-02-26 16:17:34.718611+00
58405,13.32,2026-02-26 16:18:46.576797+00
58406,13.55,2026-02-26 16:19:49.473373+00
58407,11.87,2026-02-26 16:20:26.473519+00
58408,13.1,2026-02-26 16:21:02.930332+00
58409,13.3,2026-02-26 16:22:27.257711+00
58410,11.91,2026-02-26 16:23:00.831933+00
58411,13.5,2026-02-26 16:24:01.357065+00
58412,12.53,2026-02-26 16:25:39.38864+00
58413,11.99,2026-02-26 16:27:49.403666+00
58414,13.35,2026-02-26 16:28:44.254636+00
58415,13.09,2026-02-26 16:29:26.008884+00
58416,12.98,2026-02-26 16:30:46.598572+00
58417,12.26,2026-02-26 16:31:17.571149+00
58418,11.84,2026-02-26 16:32:33.756361+00
58419,12.75,2026-02-26 16:33:00.484882+00
58420,11.58,2026-02-26 16:34:26.942441+00
58421,12.6,2026-02-26 16:35:20.785913+00
58422,13.33,2026-02-26 16:36:27.902212+00
58423,11.49,2026-02-26 16:37:35.172958+00
58424,13.21,2026-02-26 16:38:13.920515+00
58425,13.14,2026-02-26 16:39:21.415383+00
58426,11.98,2026-02-26 16:41:45.859154+00
58427,11.63,2026-02-26 16:42:37.420783+00
58428,12.74,2026-02-26 16:43:40.631039+00
58429,12.52,2026-02-26 16:44:26.005418+00
58430,11.41,2026-02-26 16:45:10.618548+00
58431,11.95,2026-02-26 16:45:22.634333+00
58432,12.37,2026-02-26 16:46:44.33436+00
58433,11.51,2026-02-26 16:47:12.716454+00
58434,12.97,2026-02-26 16:48:34.462803+00
58435,11.33,2026-02-26 16:49:21.510947+00
58436,12.09,2026-02-26 16:50:18.616157+00
58437,12.84,2026-02-26 16:51:26.068666+00
58438,12.04,2026-02-26 16:53:17.876873+00
58439,12.13,2026-02-26 16:54:46.551842+00
58440,12.06,2026-02-26 16:55:38.94649+00
58441,12.43,2026-02-26 16:56:40.68237+00
58442,11.65,2026-02-26 16:57:48.517216+00
58443,12.68,2026-02-26 16:58:14.06268+00
58444,13.2,2026-02-26 16:59:44.406299+00
58445,12.05,2026-02-26 17:00:08.182717+00
58446,12.9,2026-02-26 17:01:32.201846+00
58447,12.39,2026-02-26 17:02:09.555432+00
58448,12.8,2026-02-26 17:03:48.464881+00
58449,11.46,2026-02-26 17:04:32.718292+00
58450,12.51,2026-02-26 17:05:41.483503+00
58451,11.26,2026-02-26 17:07:15.093215+00
58452,11.69,2026-02-26 17:08:32.748934+00
58453,11.87,2026-02-26 17:09:29.596832+00
58454,12.28,2026-02-26 17:10:33.543976+00
58455,12.6,2026-02-26 17:11:30.267966+00
58456,11.36,2026-02-26 17:12:04.485877+00
58457,12.36,2026-02-26 17:13:04.105922+00
58458,11.37,2026-02-26 17:14:15.32583+00
58459,12.87,2026-02-26 17:15:16.180311+00
58460,11.35,2026-02-26 17:16:26.863835+00
58461,11.48,2026-02-26 17:17:35.285438+00
58462,11.5,2026-02-26 17:18:48.039363+00
58463,12.49,2026-02-26 17:19:34.335851+00
58464,11.74,2026-02-26 17:20:12.933678+00
58465,11.28,2026-02-26 17:22:01.749944+00
58466,11.81,2026-02-26 17:23:29.134855+00
58467,11.63,2026-02-26 17:24:26.400597+00
58468,12.63,2026-02-26 17:25:28.150203+00
58469,12.13,2026-02-26 17:26:06.193879+00
58470,12.65,2026-02-26 17:27:45.020171+00
58471,11.31,2026-02-26 17:28:11.946289+00
58472,12.31,2026-02-26 17:29:23.194981+00
58473,11.66,2026-02-26 17:30:32.958063+00
58474,11.84,2026-02-26 17:31:13.889338+00
58475,11.65,2026-02-26 17:32:39.543505+00
58476,11.21,2026-02-26 17:33:26.663132+00
58477,11.72,2026-02-26 17:34:46.016294+00
58478,11.34,2026-02-26 17:35:30.122242+00
58479,12.54,2026-02-26 17:36:48.31757+00
58480,11.16,2026-02-26 17:37:25.118612+00
58481,11.95,2026-02-26 17:38:22.912297+00
58482,12.42,2026-02-26 17:39:21.021581+00
58483,12.25,2026-02-26 17:40:10.109434+00
58484,11.62,2026-02-26 17:41:16.803407+00
58485,12.73,2026-02-26 17:42:28.348193+00
58486,12.12,2026-02-26 17:44:16.961125+00
58487,12.61,2026-02-26 17:45:12.262186+00
58488,11.17,2026-02-26 17:46:38.25314+00
58489,11.65,2026-02-26 17:47:24.33073+00
58490,12.05,2026-02-26 17:48:49.010703+00
58491,12.17,2026-02-26 17:49:29.197308+00
58492,12.85,2026-02-26 17:50:45.38778+00
58493,11.17,2026-02-26 17:51:26.518456+00
58494,11.51,2026-02-26 17:52:46.628732+00
58495,12.59,2026-02-26 17:53:33.55474+00
58496,12.29,2026-02-26 17:54:38.018942+00
58497,11.16,2026-02-26 17:55:37.962681+00
58498,12.14,2026-02-26 17:56:40.087897+00
58499,11.56,2026-02-26 17:57:28.146183+00
58500,11.3,2026-02-26 17:59:15.464923+00
58501,11.72,2026-02-26 18:00:28.971326+00
58502,12.13,2026-02-26 18:01:42.242646+00
58503,11.02,2026-02-26 18:02:09.942687+00
58504,12.74,2026-02-26 18:03:48.678106+00
58505,11.91,2026-02-26 18:04:36.372567+00
58506,12.63,2026-02-26 18:05:47.527789+00
58507,12.98,2026-02-26 18:06:25.98027+00
58508,12.79,2026-02-26 18:07:21.934411+00
58509,12.89,2026-02-26 18:08:08.983099+00
58510,11.66,2026-02-26 18:09:17.125275+00
58511,12.49,2026-02-26 18:10:15.094402+00
58512,12.23,2026-02-26 18:11:13.969867+00
58513,11.31,2026-02-26 18:13:39.367161+00
58514,11.04,2026-02-26 18:14:30.336217+00
58515,12.01,2026-02-26 18:15:15.141469+00
58516,12.79,2026-02-26 18:16:16.067542+00
58517,12.12,2026-02-26 18:17:43.758327+00
58518,12.43,2026-02-26 18:18:40.514607+00
58519,11.3,2026-02-26 18:19:08.839156+00
58520,12.62,2026-02-26 18:20:34.35635+00
58521,11.06,2026-02-26 18:21:23.330791+00
58522,12.48,2026-02-26 18:22:07.377401+00
58523,12.74,2026-02-26 18:23:12.263399+00
58524,11.55,2026-02-26 18:24:43.286338+00
58525,10.96,2026-02-26 18:25:27.594326+00
58526,11.66,2026-02-26 18:27:46.519473+00
58527,11.52,2026-02-26 18:28:37.442601+00
58528,12.19,2026-02-26 18:29:00.855498+00
58529,11.18,2026-02-26 18:30:17.110478+00
58530,12.51,2026-02-26 18:31:01.577183+00
58531,12.14,2026-02-26 18:32:12.577324+00
58532,11.44,2026-02-26 18:33:23.530927+00
58533,12.7,2026-02-26 18:34:44.033633+00
58534,12.49,2026-02-26 18:35:29.016135+00
58535,12.76,2026-02-26 18:36:12.106525+00
58536,11.42,2026-02-26 18:37:07.228892+00
58537,11.44,2026-02-26 18:38:16.939934+00
58538,11.46,2026-02-26 18:39:23.741834+00
58539,12.34,2026-02-26 18:40:21.084903+00
58540,11.08,2026-02-26 18:42:10.20512+00
58541,12.13,2026-02-26 18:43:39.121728+00
58542,11.43,2026-02-26 18:44:38.799082+00
58543,10.99,2026-02-26 18:45:20.004882+00
58544,11.31,2026-02-26 18:46:30.813289+00
58545,11.28,2026-02-26 18:47:19.270256+00
58546,10.98,2026-02-26 18:48:03.368331+00
58547,12.25,2026-02-26 18:49:06.971886+00
58548,12.36,2026-02-26 18:50:12.814861+00
58549,11.4,2026-02-26 18:51:24.085277+00
58550,10.74,2026-02-26 18:52:13.426781+00
58551,11.6,2026-02-26 18:53:43.509518+00
58552,10.72,2026-02-26 18:54:30.511617+00
58553,11.37,2026-02-26 18:55:01.965437+00
58554,12.56,2026-02-26 18:57:22.656793+00
58555,11.6,2026-02-26 18:58:35.129375+00
58556,10.97,2026-02-26 18:59:37.218707+00
58557,11.93,2026-02-26 19:00:20.007418+00
58558,11.26,2026-02-26 19:01:38.609266+00
58559,10.72,2026-02-26 19:02:18.945801+00
58560,11.46,2026-02-26 19:03:35.309406+00
58561,12.16,2026-02-26 19:04:21.728752+00
58562,12.3,2026-02-26 19:05:36.920184+00
58563,11.96,2026-02-26 19:06:30.773091+00
58564,10.78,2026-02-26 19:07:41.501053+00
58565,10.87,2026-02-26 19:08:45.418703+00
58566,11.45,2026-02-26 19:09:35.516795+00
58567,11.96,2026-02-26 19:10:28.924082+00
58568,10.73,2026-02-26 19:12:24.574302+00
58569,11.92,2026-02-26 19:13:34.15797+00
58570,11.82,2026-02-26 19:14:44.960384+00
58571,11.45,2026-02-26 19:15:32.23979+00
58572,11.25,2026-02-26 19:16:45.124982+00
58573,11.55,2026-02-26 19:17:46.594139+00
58574,12.31,2026-02-26 19:18:06.242271+00
58575,12.23,2026-02-26 19:19:22.773983+00
58576,11.08,2026-02-26 19:20:11.044522+00
58577,11.23,2026-02-26 19:21:49.229293+00
58578,11.41,2026-02-26 19:22:23.405711+00
58579,10.61,2026-02-26 19:23:35.788357+00
58580,12.22,2026-02-26 19:24:45.012657+00
58581,12.55,2026-02-26 19:25:03.323247+00
58582,11.33,2026-02-26 19:27:33.529976+00
58583,12.13,2026-02-26 19:28:47.891683+00
58584,11.54,2026-02-26 19:29:23.620639+00
58585,11.61,2026-02-26 19:30:49.021734+00
58586,12.3,2026-02-26 19:31:20.676897+00
58587,11.85,2026-02-26 19:32:19.074579+00
58588,11.95,2026-02-26 19:33:40.718946+00
58589,12.25,2026-02-26 19:34:09.074693+00
58590,12.19,2026-02-26 19:35:18.238865+00
58591,11.77,2026-02-26 19:36:05.076578+00
58592,11.8,2026-02-26 19:37:22.161283+00
58593,11.32,2026-02-26 19:38:28.706126+00
58594,11.87,2026-02-26 19:39:43.477046+00
58595,11.7,2026-02-26 19:41:43.898409+00
58596,11.3,2026-02-26 19:42:24.453425+00
58597,11.19,2026-02-26 19:43:01.732502+00
58598,10.71,2026-02-26 19:44:01.41617+00
58599,11.26,2026-02-26 19:45:41.313713+00
58600,11.12,2026-02-26 19:46:12.632465+00
58601,12.7,2026-02-26 19:47:13.3261+00
58602,12.34,2026-02-26 19:48:44.131207+00
58603,12.34,2026-02-26 19:49:08.128963+00
58604,11.99,2026-02-26 19:50:17.056399+00
58605,12.77,2026-02-26 19:51:48.640557+00
58606,11.24,2026-02-26 19:52:08.69254+00
58607,11.64,2026-02-26 19:53:42.475236+00
58608,11.61,2026-02-26 19:54:10.300047+00
58609,12.58,2026-02-26 19:56:40.328472+00
58610,11.33,2026-02-26 19:57:36.920672+00
58611,11.48,2026-02-26 19:58:26.473718+00
58612,12.12,2026-02-26 19:59:37.700283+00
58613,12.03,2026-02-26 20:00:28.725556+00
58614,11.26,2026-02-26 20:01:04.1929+00
58615,12.09,2026-02-26 20:02:02.687538+00
58616,12.51,2026-02-26 20:03:19.625947+00
58617,11.68,2026-02-26 20:04:20.097216+00
58618,11.2,2026-02-26 20:05:22.225607+00
58619,11.5,2026-02-26 20:06:45.688286+00
58620,11.41,2026-02-26 20:07:46.904859+00
58621,11.94,2026-02-26 20:08:11.339318+00
58622,12.38,2026-02-26 20:10:11.042456+00
58623,11.09,2026-02-26 20:11:47.477761+00
58624,12.3,2026-02-26 20:12:05.026505+00
58625,11.94,2026-02-26 20:13:48.064217+00
58626,11.9,2026-02-26 20:14:18.653652+00
58627,11.27,2026-02-26 20:15:21.301037+00
58628,11.51,2026-02-26 20:16:39.009587+00
58629,12.4,2026-02-26 20:17:28.330188+00
58630,11.04,2026-02-26 20:18:27.554633+00
58631,12.09,2026-02-26 20:19:44.035489+00
58632,12.14,2026-02-26 20:20:44.689299+00
58633,11.37,2026-02-26 20:21:06.077126+00
58634,12.04,2026-02-26 20:22:36.042281+00
58635,11.93,2026-02-26 20:24:17.347231+00
58636,12.47,2026-02-26 20:25:46.498979+00
58637,12.1,2026-02-26 20:26:01.758187+00
58638,12.66,2026-02-26 20:27:13.06323+00
58639,11.99,2026-02-26 20:28:32.032151+00
58640,12.52,2026-02-26 20:29:38.108682+00
58641,12.9,2026-02-26 20:30:23.361739+00
58642,11.5,2026-02-26 20:31:48.50898+00
58643,11.38,2026-02-26 20:32:03.989964+00
58644,11.06,2026-02-26 20:33:27.647702+00
58645,10.94,2026-02-26 20:34:01.32863+00
58646,11.14,2026-02-26 20:35:40.574499+00
58647,11.62,2026-02-26 20:36:20.97144+00
58648,12.76,2026-02-26 20:37:03.805981+00
58649,12.64,2026-02-26 20:39:36.050828+00
58650,12.11,2026-02-26 20:40:25.909968+00
58651,11.55,2026-02-26 20:41:23.428505+00
58652,11.11,2026-02-26 20:42:39.349883+00
58653,12.42,2026-02-26 20:43:42.944481+00
58654,12.18,2026-02-26 20:44:41.838529+00
58655,12.27,2026-02-26 20:45:45.20977+00
58656,12.76,2026-02-26 20:46:32.820138+00
58657,12.8,2026-02-26 20:47:06.080726+00
58658,11.53,2026-02-26 20:48:13.910143+00
58659,11.41,2026-02-26 20:49:07.649015+00
58660,11.48,2026-02-26 20:50:02.52533+00
58661,11.43,2026-02-26 20:51:12.640563+00
58662,12.67,2026-02-26 20:52:23.904774+00
58663,12.88,2026-02-26 20:54:41.404513+00
58664,11.36,2026-02-26 20:55:41.883657+00
58665,10.95,2026-02-26 20:56:01.649225+00
58666,11.51,2026-02-26 20:57:18.466163+00
58667,12.22,2026-02-26 20:58:13.327875+00
58668,11.66,2026-02-26 20:59:38.595424+00
58669,12.39,2026-02-26 21:00:17.765347+00
58670,11.43,2026-02-26 21:01:47.580749+00
58671,10.93,2026-02-26 21:02:23.471518+00
58672,11.75,2026-02-26 21:03:34.155265+00
58673,11.92,2026-02-26 21:04:19.782226+00
58674,11.22,2026-02-26 21:05:21.510756+00
58675,11.3,2026-02-26 21:06:33.029706+00
58676,12.09,2026-02-26 21:07:43.370034+00
58677,11.75,2026-02-26 21:08:30.413194+00
58678,11.46,2026-02-26 21:10:02.078508+00
58679,11.15,2026-02-26 21:11:17.45513+00
58680,11.72,2026-02-26 21:12:25.693817+00
58681,11.75,2026-02-26 21:13:43.685813+00
58682,10.92,2026-02-26 21:14:32.563708+00
58683,11.21,2026-02-26 21:15:40.464061+00
58684,11.08,2026-02-26 21:16:02.084695+00
58685,11.05,2026-02-26 21:17:34.586782+00
58686,11.6,2026-02-26 21:18:06.790413+00
58687,11.11,2026-02-26 21:19:38.775452+00
58688,12.25,2026-02-26 21:20:46.93196+00
58689,11.51,2026-02-26 21:21:10.751072+00
58690,12.48,2026-02-26 21:23:11.891055+00
58691,12.37,2026-02-26 21:24:06.124824+00
58692,11.67,2026-02-26 21:25:03.696171+00
58693,10.94,2026-02-26 21:26:06.708864+00
58694,12.2,2026-02-26 21:27:03.936649+00
58695,12.31,2026-02-26 21:28:40.562977+00
58696,11.78,2026-02-26 21:29:05.732091+00
58697,11.54,2026-02-26 21:30:00.790866+00
58698,10.96,2026-02-26 21:31:39.222298+00
58699,11.76,2026-02-26 21:32:24.379438+00
58700,10.81,2026-02-26 21:33:30.965987+00
58701,11.85,2026-02-26 21:34:45.263499+00
58702,12.68,2026-02-26 21:35:42.384763+00
58703,11.53,2026-02-26 21:37:40.559859+00
58704,12.52,2026-02-26 21:38:12.36486+00
58705,11.64,2026-02-26 21:39:10.995175+00
58706,12.41,2026-02-26 21:40:08.055644+00
58707,11.86,2026-02-26 21:41:29.892393+00
58708,12.69,2026-02-26 21:42:04.685608+00
58709,11.07,2026-02-26 21:43:33.745298+00
58710,12.02,2026-02-26 21:44:00.956125+00
58711,10.72,2026-02-26 21:45:24.696387+00
58712,10.82,2026-02-26 21:46:27.457208+00
58713,12.22,2026-02-26 21:47:35.14469+00
58714,12.26,2026-02-26 21:48:31.63354+00
58715,11.83,2026-02-26 21:49:09.840873+00
58716,11.91,2026-02-26 21:51:04.179576+00
58717,12.09,2026-02-26 21:52:47.657086+00
58718,11.08,2026-02-26 21:53:13.766638+00
58719,11.33,2026-02-26 21:54:04.767418+00
58720,12.01,2026-02-26 21:55:08.660218+00
58721,12.54,2026-02-26 21:56:10.115365+00
58722,12.29,2026-02-26 21:57:47.210527+00
58723,11.86,2026-02-26 21:58:08.592224+00
58724,10.73,2026-02-26 21:59:05.553105+00
58725,11.94,2026-02-26 22:00:15.438087+00
58726,12.68,2026-02-26 22:01:08.92105+00
58727,10.92,2026-02-26 22:02:49.174192+00
58728,11.4,2026-02-26 22:03:00.361448+00
58729,12.01,2026-02-26 22:04:20.280384+00
58730,11.76,2026-02-26 22:05:17.991305+00
58731,11.31,2026-02-26 22:07:41.753535+00
58732,11.69,2026-02-26 22:08:29.126096+00
58733,12.15,2026-02-26 22:09:22.197957+00
58734,12.32,2026-02-26 22:10:22.161553+00
58735,11.45,2026-02-26 22:11:09.977023+00
58736,11.13,2026-02-26 22:12:04.271075+00
58737,12.54,2026-02-26 22:13:08.193978+00
58738,11.18,2026-02-26 22:14:49.366715+00
58739,11.16,2026-02-26 22:15:06.943143+00
58740,10.73,2026-02-26 22:16:10.517387+00
58741,12.58,2026-02-26 22:17:23.056385+00
58742,12.29,2026-02-26 22:18:00.693769+00
58743,12.1,2026-02-26 22:19:06.784997+00
58744,10.86,2026-02-26 22:20:37.886531+00
58745,11.21,2026-02-26 22:22:23.724244+00
58746,11.08,2026-02-26 22:23:33.434594+00
58747,12.62,2026-02-26 22:24:33.857558+00
58748,11.94,2026-02-26 22:25:49.080578+00
58749,11.3,2026-02-26 22:26:46.108325+00
58750,10.82,2026-02-26 22:27:27.741193+00
58751,12.42,2026-02-26 22:28:37.53702+00
58752,12.42,2026-02-26 22:29:33.996143+00
58753,12.15,2026-02-26 22:30:35.674452+00
58754,12.35,2026-02-26 22:31:43.281377+00
58755,11.35,2026-02-26 22:32:47.550639+00
58756,12.13,2026-02-26 22:33:00.042424+00
58757,11.06,2026-02-26 22:34:08.650894+00
58758,12.39,2026-02-26 22:35:46.30461+00
58759,11.22,2026-02-26 22:37:18.312346+00
58760,12.19,2026-02-26 22:38:14.504888+00
58761,10.98,2026-02-26 22:39:20.067438+00
58762,11.71,2026-02-26 22:40:03.681753+00
58763,11.8,2026-02-26 22:41:16.57605+00
58764,11,2026-02-26 22:42:04.837532+00
58765,12.28,2026-02-26 22:43:11.147732+00
58766,10.92,2026-02-26 22:44:27.918373+00
58767,10.74,2026-02-26 22:45:18.342339+00
58768,11.68,2026-02-26 22:46:05.797122+00
58769,12.23,2026-02-26 22:47:32.472462+00
58770,11.45,2026-02-26 22:48:21.489304+00
58771,10.52,2026-02-26 22:49:12.838478+00
58772,11.41,2026-02-26 22:50:48.34647+00
58773,10.85,2026-02-26 22:51:03.913884+00
58774,11.29,2026-02-26 22:53:14.316787+00
58775,12.23,2026-02-26 22:54:40.600487+00
58776,10.74,2026-02-26 22:55:45.638011+00
58777,11.97,2026-02-26 22:56:20.0051+00
58778,11.4,2026-02-26 22:57:21.278252+00
58779,11.23,2026-02-26 22:58:33.40849+00
58780,10.45,2026-02-26 22:59:14.852058+00
58781,10.5,2026-02-26 23:00:11.497726+00
58782,11.74,2026-02-26 23:01:01.993173+00
58783,10.59,2026-02-26 23:02:34.721724+00
58784,12.18,2026-02-26 23:03:43.387226+00
58785,12.06,2026-02-26 23:04:33.976465+00
58786,11.36,2026-02-26 23:05:32.356634+00
58787,11.16,2026-02-26 23:06:25.762292+00
58788,11.84,2026-02-26 23:08:25.189539+00
58789,10.82,2026-02-26 23:09:34.05179+00
58790,11.53,2026-02-26 23:10:24.32911+00
58791,11.39,2026-02-26 23:11:06.720742+00
58792,10.52,2026-02-26 23:12:39.212547+00
58793,11.5,2026-02-26 23:13:39.49438+00
58794,10.93,2026-02-26 23:14:07.078908+00
58795,12.31,2026-02-26 23:15:06.313143+00
58796,11.28,2026-02-26 23:16:02.19561+00
58797,10.77,2026-02-26 23:17:44.057684+00
58798,11.93,2026-02-26 23:18:09.187687+00
58799,11.85,2026-02-26 23:19:20.046943+00
58800,12.36,2026-02-26 23:20:39.896117+00
58801,11.85,2026-02-26 23:21:02.955362+00
58802,12.33,2026-02-26 23:23:11.995458+00
58803,11.97,2026-02-26 23:24:25.042236+00
58804,11.58,2026-02-26 23:25:04.138631+00
58805,11.46,2026-02-26 23:26:19.771823+00
58806,11.24,2026-02-26 23:27:12.82658+00
58807,10.62,2026-02-26 23:28:20.106518+00
58808,10.44,2026-02-26 23:29:36.893433+00
58809,11.98,2026-02-26 23:30:34.958644+00
58810,10.19,2026-02-26 23:31:20.045933+00
58811,10.24,2026-02-26 23:32:16.402097+00
58812,11.75,2026-02-26 23:33:09.348277+00
58813,10.76,2026-02-26 23:34:38.127039+00
58814,11.91,2026-02-26 23:35:35.654295+00
58815,11.21,2026-02-26 23:36:14.23031+00
58816,11.91,2026-02-26 23:38:47.282294+00
58817,10.99,2026-02-26 23:39:29.631024+00
58818,10.66,2026-02-26 23:40:06.949136+00
58819,10.01,2026-02-26 23:41:41.909182+00
58820,10.55,2026-02-26 23:42:05.185873+00
58821,10.89,2026-02-26 23:43:48.816646+00
58822,10.02,2026-02-26 23:44:38.311657+00
58823,10.18,2026-02-26 23:45:49.695918+00
58824,11.39,2026-02-26 23:46:40.291852+00
58825,9.92,2026-02-26 23:47:16.141823+00
58826,11.23,2026-02-26 23:48:31.812517+00
58827,11.7,2026-02-26 23:49:38.493908+00
58828,11.51,2026-02-26 23:50:18.644594+00
58829,10.8,2026-02-26 23:51:11.390646+00
58830,11.74,2026-02-26 23:52:06.782076+00
58831,10.91,2026-02-26 23:54:42.314554+00
58832,10.46,2026-02-26 23:55:17.959804+00
58833,11.64,2026-02-26 23:56:28.380835+00
58834,11.48,2026-02-26 23:57:40.68551+00
58835,11.49,2026-02-26 23:58:25.316685+00
58836,10.06,2026-02-26 23:59:08.185045+00
58837,11.35,2026-02-27 00:00:02.358155+00
58838,10.26,2026-02-27 00:01:27.63662+00
58839,10.95,2026-02-27 00:02:06.281635+00
58840,10.94,2026-02-27 00:03:02.301797+00
58841,10.59,2026-02-27 00:04:28.077958+00
58842,10.53,2026-02-27 00:05:33.592558+00
58843,11.6,2026-02-27 00:06:02.860984+00
58844,10.04,2026-02-27 00:07:05.078492+00
58845,11.64,2026-02-27 00:09:02.226284+00
58846,11.46,2026-02-27 00:10:01.388437+00
58847,10.15,2026-02-27 00:11:15.619109+00
58848,10.82,2026-02-27 00:12:29.099943+00
58849,10.35,2026-02-27 00:13:34.847088+00
58850,9.9,2026-02-27 00:14:17.450562+00
58851,11.51,2026-02-27 00:15:45.923546+00
58852,10.63,2026-02-27 00:16:04.537768+00
58853,11.4,2026-02-27 00:17:48.467278+00
58854,11.08,2026-02-27 00:18:18.010003+00
58855,11.24,2026-02-27 00:19:10.562263+00
58856,10.29,2026-02-27 00:20:12.634597+00
58857,11.63,2026-02-27 00:21:09.295285+00
58858,10.47,2026-02-27 00:22:48.303316+00
58859,10.25,2026-02-27 00:24:02.898702+00
58860,10.64,2026-02-27 00:25:07.47988+00
58861,10.61,2026-02-27 00:26:01.01786+00
58862,10.41,2026-02-27 00:27:02.609376+00
58863,11.04,2026-02-27 00:28:43.169982+00
58864,10.95,2026-02-27 00:29:15.5622+00
58865,10.46,2026-02-27 00:30:14.206299+00
58866,10.82,2026-02-27 00:31:28.425603+00
58867,10.55,2026-02-27 00:32:44.656408+00
58868,11.34,2026-02-27 00:33:33.069338+00
58869,10.2,2026-02-27 00:34:38.967233+00
58870,11.21,2026-02-27 00:35:09.372836+00
58871,11.6,2026-02-27 00:36:36.392384+00
58872,10.95,2026-02-27 00:37:37.7684+00
58873,11.02,2026-02-27 00:39:03.002144+00
58874,10.38,2026-02-27 00:40:08.021698+00
58875,10.9,2026-02-27 00:41:11.059264+00
58876,11.7,2026-02-27 00:42:03.797637+00
58877,10.83,2026-02-27 00:43:45.277501+00
58878,10.32,2026-02-27 00:44:31.052998+00
58879,10.28,2026-02-27 00:45:49.137092+00
58880,10.59,2026-02-27 00:46:31.760472+00
58881,10.77,2026-02-27 00:47:08.837223+00
58882,10.01,2026-02-27 00:48:15.786716+00
58883,11.75,2026-02-27 00:49:41.587735+00
58884,10.32,2026-02-27 00:50:38.340557+00
58885,10.27,2026-02-27 00:51:20.076459+00
58886,10.08,2026-02-27 00:52:21.604787+00
58887,11.24,2026-02-27 00:54:31.152287+00
58888,11.46,2026-02-27 00:55:14.686795+00
58889,10.02,2026-02-27 00:56:36.400684+00
58890,12,2026-02-27 00:57:08.826871+00
58891,11.9,2026-02-27 00:58:02.984114+00
58892,11.31,2026-02-27 00:59:43.066436+00
58893,10.43,2026-02-27 01:00:28.611915+00
58894,10.74,2026-02-27 01:01:21.757679+00
58895,10.33,2026-02-27 01:02:27.233417+00
58896,10.55,2026-02-27 01:03:26.480557+00
58897,10.03,2026-02-27 01:04:33.110315+00
58898,10.9,2026-02-27 01:05:15.351677+00
58899,10.52,2026-02-27 01:06:43.033122+00
58900,11.31,2026-02-27 01:07:47.108942+00
58901,11.82,2026-02-27 01:09:07.072615+00
58902,11.58,2026-02-27 01:10:03.847827+00
58903,11.74,2026-02-27 01:11:47.371658+00
58904,11.16,2026-02-27 01:12:39.036806+00
58905,10.35,2026-02-27 01:13:14.656047+00
58906,10.38,2026-02-27 01:14:13.404343+00
58907,11.93,2026-02-27 01:15:49.251782+00
58908,11.44,2026-02-27 01:16:40.798459+00
58909,10.53,2026-02-27 01:17:48.846053+00
58910,10.53,2026-02-27 01:18:43.834348+00
58911,10.31,2026-02-27 01:19:08.613333+00
58912,11.11,2026-02-27 01:20:47.560011+00
58913,10.15,2026-02-27 01:21:00.417506+00
58914,11.26,2026-02-27 01:23:13.629115+00
58915,11.45,2026-02-27 01:24:33.52689+00
58916,11.74,2026-02-27 01:25:42.29637+00
58917,10.39,2026-02-27 01:26:14.61202+00
58918,10.61,2026-02-27 01:27:35.104677+00
58919,10.12,2026-02-27 01:28:00.833442+00
58920,10.07,2026-02-27 01:29:36.659452+00
58921,11.83,2026-02-27 01:30:35.271844+00
58922,10.58,2026-02-27 01:31:03.350564+00
58923,10.32,2026-02-27 01:32:04.438929+00
58924,11.49,2026-02-27 01:33:01.411997+00
58925,10.81,2026-02-27 01:34:07.903192+00
58926,10.87,2026-02-27 01:35:01.768204+00
58927,10.36,2026-02-27 01:36:22.868342+00
58928,11.68,2026-02-27 01:38:12.651182+00
58929,10.58,2026-02-27 01:39:23.199737+00
58930,10.98,2026-02-27 01:40:16.742+00
58931,10.89,2026-02-27 01:41:12.848814+00
58932,10.28,2026-02-27 01:42:33.071286+00
58933,10.69,2026-02-27 01:43:22.821234+00
58934,11.04,2026-02-27 01:44:09.084535+00
58935,10.32,2026-02-27 01:45:43.108448+00
58936,10.22,2026-02-27 01:46:01.375514+00
58937,11.26,2026-02-27 01:47:04.947376+00
58938,11.18,2026-02-27 01:48:23.566836+00
58939,10.18,2026-02-27 01:49:37.671817+00
58940,10.85,2026-02-27 01:50:19.352263+00
58941,10.47,2026-02-27 01:51:19.921911+00
58942,11.76,2026-02-27 01:53:13.152731+00
58943,11.74,2026-02-27 01:54:34.296621+00
58944,10.42,2026-02-27 01:55:31.278721+00
58945,11.78,2026-02-27 01:56:33.234384+00
58946,11.19,2026-02-27 01:57:42.728152+00
58947,10.75,2026-02-27 01:58:38.762008+00
58948,10.62,2026-02-27 01:59:03.771607+00
58949,10.13,2026-02-27 02:00:04.835897+00
58950,10.31,2026-02-27 02:01:01.294583+00
58951,10.41,2026-02-27 02:02:04.946314+00
58952,11.52,2026-02-27 02:03:45.161493+00
58953,11.99,2026-02-27 02:04:31.559541+00
58954,10.55,2026-02-27 02:05:05.37876+00
58955,11.98,2026-02-27 02:06:32.392146+00
58956,11.29,2026-02-27 02:08:26.387295+00
58957,11.06,2026-02-27 02:09:10.479885+00
58958,10.54,2026-02-27 02:10:42.061591+00
58959,10.07,2026-02-27 02:11:20.437883+00
58960,11.44,2026-02-27 02:12:06.076111+00
58961,11.4,2026-02-27 02:13:13.33126+00
58962,11.01,2026-02-27 02:14:14.656875+00
58963,11.5,2026-02-27 02:15:10.652432+00
58964,11.18,2026-02-27 02:16:33.360799+00
58965,11.85,2026-02-27 02:17:21.493161+00
58966,11.82,2026-02-27 02:18:35.495628+00
58967,10.26,2026-02-27 02:19:09.235151+00
58968,10.79,2026-02-27 02:20:05.607889+00
58969,11.52,2026-02-27 02:21:10.276762+00
58970,10.65,2026-02-27 02:22:14.516826+00
58971,10.61,2026-02-27 02:24:30.513127+00
58972,11.37,2026-02-27 02:25:19.709559+00
58973,10.95,2026-02-27 02:26:07.508874+00
58974,11.3,2026-02-27 02:27:48.892865+00
58975,11.51,2026-02-27 02:28:08.045079+00
58976,11.26,2026-02-27 02:29:02.213883+00
58977,10.15,2026-02-27 02:30:39.530274+00
58978,10.67,2026-02-27 02:31:24.628626+00
58979,10.2,2026-02-27 02:32:11.151567+00
58980,10.22,2026-02-27 02:33:46.52582+00
58981,11.52,2026-02-27 02:34:35.008234+00
58982,10.04,2026-02-27 02:35:18.403638+00
58983,11.61,2026-02-27 02:36:48.138494+00
58984,11.69,2026-02-27 02:37:21.416025+00
58985,11.6,2026-02-27 02:38:21.248279+00
58986,10.09,2026-02-27 02:40:33.728651+00
58987,10.15,2026-02-27 02:41:37.717218+00
58988,10.69,2026-02-27 02:42:28.422441+00
58989,10.41,2026-02-27 02:43:47.353592+00
58990,10.36,2026-02-27 02:44:08.56951+00
58991,10.58,2026-02-27 02:45:11.444089+00
58992,11.46,2026-02-27 02:46:33.52897+00
58993,9.87,2026-02-27 02:47:36.481882+00
58994,10.96,2026-02-27 02:48:37.685696+00
58995,11.79,2026-02-27 02:49:37.724771+00
58996,11.12,2026-02-27 02:50:01.347856+00
58997,10.16,2026-02-27 02:51:48.239478+00
58998,10.69,2026-02-27 02:52:44.473445+00
58999,11.42,2026-02-27 02:54:35.229112+00
59000,11.36,2026-02-27 02:55:13.61763+00
59001,11.76,2026-02-27 02:56:22.310382+00
59002,11.2,2026-02-27 02:57:46.850348+00
59003,10.78,2026-02-27 02:58:21.290994+00
59004,11.07,2026-02-27 02:59:00.807164+00
59005,11.33,2026-02-27 03:00:42.80454+00
59006,10.78,2026-02-27 03:01:21.409192+00
59007,11.52,2026-02-27 03:02:40.055835+00
59008,10.03,2026-02-27 03:03:03.221962+00
59009,11.49,2026-02-27 03:04:10.520672+00
59010,10.42,2026-02-27 03:07:06.567432+00
59011,11.57,2026-02-27 03:08:33.452393+00
59012,11.47,2026-02-27 03:09:42.417967+00
59013,10.2,2026-02-27 03:10:35.699612+00
59014,11.76,2026-02-27 03:11:03.755755+00
59015,10.81,2026-02-27 03:12:13.963177+00
59016,10.78,2026-02-27 03:13:01.377695+00
59017,10.62,2026-02-27 03:14:15.811522+00
59018,10.97,2026-02-27 03:15:02.265477+00
59019,10.29,2026-02-27 03:16:42.673072+00
59020,10.34,2026-02-27 03:17:24.3529+00
59021,11.03,2026-02-27 03:18:16.404473+00
59022,11.12,2026-02-27 03:19:31.89877+00
59023,11.35,2026-02-27 03:20:48.588848+00
59024,10.6,2026-02-27 03:22:42.296859+00
59025,11.35,2026-02-27 03:23:35.651191+00
59026,11.67,2026-02-27 03:24:02.731149+00
59027,10.44,2026-02-27 03:25:45.448548+00
59028,11.16,2026-02-27 03:26:44.352007+00
59029,11.51,2026-02-27 03:27:36.862958+00
59030,11.04,2026-02-27 03:28:29.784511+00
59031,10.74,2026-02-27 03:29:07.253905+00
59032,10.98,2026-02-27 03:30:26.09637+00
59033,11.01,2026-02-27 03:31:22.512808+00
59034,10.1,2026-02-27 03:32:05.356892+00
59035,11.06,2026-02-27 03:33:42.82514+00
59036,11.47,2026-02-27 03:34:42.694476+00
59037,10.76,2026-02-27 03:35:43.317668+00
59038,10.48,2026-02-27 03:37:48.087376+00
59039,11.46,2026-02-27 03:38:29.831825+00
59040,9.77,2026-02-27 03:39:19.369874+00
59041,10.98,2026-02-27 03:40:24.187428+00
59042,11.03,2026-02-27 03:41:15.652856+00
59043,9.85,2026-02-27 03:42:05.924984+00
59044,10.92,2026-02-27 03:43:20.603659+00
59045,11.5,2026-02-27 03:44:19.562349+00
59046,9.65,2026-02-27 03:45:07.663822+00
59047,11.12,2026-02-27 03:46:21.702918+00
59048,10.26,2026-02-27 03:47:46.38596+00
59049,10.55,2026-02-27 03:48:34.59818+00
59050,9.63,2026-02-27 03:49:04.731944+00
59051,11.39,2026-02-27 03:50:08.96065+00
59052,11.25,2026-02-27 03:52:04.438923+00
59053,11.26,2026-02-27 03:53:37.49159+00
59054,10.64,2026-02-27 03:54:49.257134+00
59055,11.4,2026-02-27 03:55:47.617494+00
59056,9.66,2026-02-27 03:56:21.400645+00
59057,10.5,2026-02-27 03:57:10.103341+00
59058,9.93,2026-02-27 03:58:40.259884+00
59059,11.55,2026-02-27 03:59:03.910286+00
59060,10.42,2026-02-27 04:00:10.022316+00
59061,11.23,2026-02-27 04:01:05.753103+00
59062,9.7,2026-02-27 04:02:06.616289+00
59063,10.56,2026-02-27 04:03:06.074422+00
59064,9.85,2026-02-27 04:04:38.781444+00
59065,9.85,2026-02-27 04:05:36.878387+00
59066,10,2026-02-27 04:07:45.353768+00
59067,10.11,2026-02-27 04:08:24.941004+00
59068,10.81,2026-02-27 04:09:19.419858+00
59069,9.99,2026-02-27 04:10:09.367337+00
59070,9.87,2026-02-27 04:11:28.099558+00
59071,10.82,2026-02-27 04:12:37.525362+00
59072,11.1,2026-02-27 04:13:41.05392+00
59073,10.51,2026-02-27 04:14:34.227048+00
59074,9.72,2026-02-27 04:15:13.839155+00
59075,11.06,2026-02-27 04:16:01.455802+00
59076,10.79,2026-02-27 04:17:13.657053+00
59077,10.29,2026-02-27 04:18:17.876312+00
59078,10.87,2026-02-27 04:19:04.236756+00
59079,11.56,2026-02-27 04:20:18.764387+00
59080,11.57,2026-02-27 04:22:05.65185+00
59081,11.48,2026-02-27 04:23:24.227195+00
59082,11.01,2026-02-27 04:24:49.865628+00
59083,11.55,2026-02-27 04:25:15.91715+00
59084,10.85,2026-02-27 04:26:21.978853+00
59085,11.39,2026-02-27 04:27:31.042616+00
59086,9.64,2026-02-27 04:28:15.579932+00
59087,9.81,2026-02-27 04:29:06.074964+00
59088,10.77,2026-02-27 04:30:42.564262+00
59089,9.98,2026-02-27 04:31:47.086856+00
59090,10.71,2026-02-27 04:32:45.319833+00
59091,10.04,2026-02-27 04:33:22.619567+00
59092,11.21,2026-02-27 04:34:13.456362+00
59093,11.25,2026-02-27 04:35:04.345323+00
59094,10.9,2026-02-27 04:37:17.975219+00
59095,11.55,2026-02-27 04:38:26.41571+00
59096,11.13,2026-02-27 04:39:01.821034+00
59097,11.12,2026-02-27 04:40:14.700396+00
59098,10.62,2026-02-27 04:41:27.105671+00
59099,11.29,2026-02-27 04:42:03.535327+00
59100,10.16,2026-02-27 04:43:47.746579+00
59101,11.25,2026-02-27 04:44:09.378482+00
59102,10.3,2026-02-27 04:45:09.849526+00
59103,10.75,2026-02-27 04:46:28.046119+00
59104,11.22,2026-02-27 04:47:01.550519+00
59105,11.38,2026-02-27 04:48:02.529177+00
59106,9.65,2026-02-27 04:49:13.335173+00
59107,11.37,2026-02-27 04:50:18.608256+00
59108,11.49,2026-02-27 04:52:01.213057+00
59109,10.49,2026-02-27 04:53:41.560977+00
59110,10.41,2026-02-27 04:54:15.836876+00
59111,11.09,2026-02-27 04:55:02.060573+00
59112,10.49,2026-02-27 04:56:46.924878+00
59113,10.68,2026-02-27 04:57:19.773843+00
59114,10.04,2026-02-27 04:58:26.746435+00
59115,11.13,2026-02-27 04:59:09.653724+00
59116,9.74,2026-02-27 05:00:20.780329+00
59117,9.98,2026-02-27 05:01:42.630447+00
59118,11.33,2026-02-27 05:02:01.361444+00
59119,10.02,2026-02-27 05:03:06.92067+00
59120,11.35,2026-02-27 05:04:03.236704+00
59121,10.94,2026-02-27 05:05:23.444015+00
59122,10.72,2026-02-27 05:07:13.62253+00
59123,10.92,2026-02-27 05:08:38.312626+00
59124,10.41,2026-02-27 05:09:42.68387+00
59125,10.26,2026-02-27 05:10:33.55084+00
59126,10.91,2026-02-27 05:11:33.132008+00
59127,11.22,2026-02-27 05:12:03.802977+00
59128,10.94,2026-02-27 05:13:39.176697+00
59129,11.36,2026-02-27 05:14:29.890334+00
59130,11.49,2026-02-27 05:15:29.950956+00
59131,11.3,2026-02-27 05:16:12.453535+00
59132,11.1,2026-02-27 05:17:08.903963+00
59133,11.4,2026-02-27 05:18:48.22664+00
59134,10.79,2026-02-27 05:19:20.988935+00
59135,11.14,2026-02-27 05:20:48.638737+00
59136,11.11,2026-02-27 05:22:49.400481+00
59137,10.15,2026-02-27 05:23:44.934246+00
59138,10.46,2026-02-27 05:24:01.512581+00
59139,11.2,2026-02-27 05:25:03.640634+00
59140,10.33,2026-02-27 05:26:30.81309+00
59141,9.96,2026-02-27 05:27:00.605987+00
59142,11.18,2026-02-27 05:28:03.347373+00
59143,11.06,2026-02-27 05:29:09.054268+00
59144,11.39,2026-02-27 05:30:43.896473+00
59145,11.12,2026-02-27 05:31:01.028669+00
59146,9.76,2026-02-27 05:32:02.829161+00
59147,11.23,2026-02-27 05:33:43.973353+00
59148,9.89,2026-02-27 05:34:26.981788+00
59149,9.96,2026-02-27 05:35:30.792213+00
59150,11.17,2026-02-27 05:36:28.448592+00
59151,10.39,2026-02-27 05:38:23.684596+00
59152,11.08,2026-02-27 05:39:40.545278+00
59153,11.05,2026-02-27 05:40:06.131177+00
59154,10.41,2026-02-27 05:41:13.267057+00
59155,10.54,2026-02-27 05:42:16.939698+00
59156,10.63,2026-02-27 05:43:13.861256+00
59157,10.54,2026-02-27 05:44:23.376631+00
59158,10.36,2026-02-27 05:45:09.514239+00
59159,9.61,2026-02-27 05:46:18.744038+00
59160,10.76,2026-02-27 05:47:01.565461+00
59161,11.41,2026-02-27 05:48:11.589649+00
59162,10.32,2026-02-27 05:49:14.13024+00
59163,9.63,2026-02-27 05:50:48.056795+00
59164,9.7,2026-02-27 05:51:17.122719+00
59165,10.71,2026-02-27 05:53:29.94793+00
59166,9.61,2026-02-27 05:54:08.799588+00
59167,10.07,2026-02-27 05:55:37.176258+00
59168,11.32,2026-02-27 05:56:36.202096+00
59169,10.5,2026-02-27 05:57:17.737286+00
59170,10.25,2026-02-27 05:58:39.120188+00
59171,10.02,2026-02-27 05:59:02.84037+00
59172,11.35,2026-02-27 06:00:29.453599+00
59173,11.14,2026-02-27 06:01:04.081599+00
59174,10.77,2026-02-27 06:02:49.031321+00
59175,10.4,2026-02-27 06:03:01.235234+00
59176,9.7,2026-02-27 06:04:24.112915+00
59177,11.1,2026-02-27 06:05:44.573563+00
59178,11.36,2026-02-27 06:06:05.785532+00
59179,10.84,2026-02-27 06:08:15.683152+00
59180,10.91,2026-02-27 06:09:03.532423+00
59181,10.69,2026-02-27 06:10:26.10377+00
59182,9.51,2026-02-27 06:11:21.020171+00
59183,11.08,2026-02-27 06:12:24.335098+00
59184,11.27,2026-02-27 06:13:11.776688+00
59185,9.54,2026-02-27 06:14:30.291972+00
59186,10.55,2026-02-27 06:15:14.035224+00
59187,10.7,2026-02-27 06:16:18.719344+00
59188,10.87,2026-02-27 06:17:30.9541+00
59189,10.3,2026-02-27 06:18:09.876326+00
59190,11.25,2026-02-27 06:19:36.037468+00
59191,10.95,2026-02-27 06:20:47.384391+00
59192,11.57,2026-02-27 06:22:00.258648+00
59193,10.05,2026-02-27 06:23:09.942053+00
59194,11.31,2026-02-27 06:24:29.769231+00
59195,10.88,2026-02-27 06:25:43.869378+00
59196,11.11,2026-02-27 06:26:41.029133+00
59197,11.19,2026-02-27 06:27:26.54449+00
59198,9.86,2026-02-27 06:28:12.876978+00
59199,11.3,2026-02-27 06:30:49.548343+00
59200,10.47,2026-02-27 06:31:36.434536+00
59201,11.48,2026-02-27 06:32:34.599184+00
59202,11.2,2026-02-27 06:34:35.341139+00
59203,9.84,2026-02-27 06:35:16.162607+00
59204,10.98,2026-02-27 06:36:42.437317+00
59205,10.19,2026-02-27 06:37:19.298915+00
59206,9.66,2026-02-27 06:38:39.664502+00
59207,10.58,2026-02-27 06:39:36.761717+00
59208,9.57,2026-02-27 06:40:38.999238+00
59209,10.36,2026-02-27 06:41:08.379404+00
59210,10.71,2026-02-27 06:42:46.905417+00
59211,9.54,2026-02-27 06:43:29.703413+00
59212,9.86,2026-02-27 06:44:28.988331+00
59213,11.17,2026-02-27 06:45:03.132847+00
59214,9.84,2026-02-27 06:46:05.267677+00
59215,10.3,2026-02-27 06:47:29.139747+00
59216,10.93,2026-02-27 06:48:45.470361+00
59217,10.5,2026-02-27 06:50:07.913767+00
59218,10.57,2026-02-27 06:51:04.089009+00
59219,11.2,2026-02-27 06:52:23.22101+00
59220,9.67,2026-02-27 06:53:22.455842+00
59221,11.13,2026-02-27 06:54:46.854076+00
59222,11.04,2026-02-27 06:55:38.58096+00
59223,10.16,2026-02-27 06:56:14.206637+00
59224,10.84,2026-02-27 06:57:05.526042+00
59225,11.33,2026-02-27 06:58:02.921542+00
59226,10.59,2026-02-27 06:59:42.405745+00
59227,10.28,2026-02-27 07:00:32.810147+00
59228,11.28,2026-02-27 07:01:19.115678+00
59229,11.44,2026-02-27 07:02:33.777136+00
59230,11.13,2026-02-27 07:03:37.869178+00
59231,11.14,2026-02-27 07:05:36.905657+00
59232,10.54,2026-02-27 07:06:24.324804+00
59233,10.29,2026-02-27 07:07:19.156633+00
59234,10.02,2026-02-27 07:08:40.602489+00
59235,10.35,2026-02-27 07:09:14.918983+00
59236,11.07,2026-02-27 07:10:38.308489+00
59237,9.98,2026-02-27 07:11:44.70982+00
59238,9.61,2026-02-27 07:12:32.082359+00
59239,10.46,2026-02-27 07:13:07.329389+00
59240,9.7,2026-02-27 07:14:00.79137+00
59241,10.59,2026-02-27 07:15:40.362998+00
59242,11.17,2026-02-27 07:16:11.201377+00
59243,10.27,2026-02-27 07:17:46.749452+00
59244,10.83,2026-02-27 07:19:14.283072+00
59245,10.82,2026-02-27 07:20:40.857621+00
59246,9.54,2026-02-27 07:21:09.432141+00
59247,9.87,2026-02-27 07:22:39.497951+00
59248,10.47,2026-02-27 07:23:37.277213+00
59249,11.27,2026-02-27 07:24:43.894426+00
59250,11.4,2026-02-27 07:25:35.968548+00
59251,11.49,2026-02-27 07:26:23.523437+00
59252,9.51,2026-02-27 07:27:36.573259+00
59253,10.45,2026-02-27 07:28:09.269933+00
59254,10.59,2026-02-27 07:29:10.847151+00
59255,9.7,2026-02-27 07:31:36.086558+00
59256,10.54,2026-02-27 07:32:35.320258+00
59257,11.55,2026-02-27 07:33:32.24682+00
59258,10.64,2026-02-27 07:34:25.349935+00
59259,10.42,2026-02-27 07:35:31.922214+00
59260,10.33,2026-02-27 07:36:46.724374+00
59261,11.04,2026-02-27 07:37:33.527577+00
59262,10.48,2026-02-27 07:38:23.010775+00
59263,11.17,2026-02-27 07:39:39.033023+00
59264,11.34,2026-02-27 07:40:14.772397+00
59265,11.5,2026-02-27 07:41:14.652813+00
59266,10.56,2026-02-27 07:42:15.139499+00
59267,10.24,2026-02-27 07:43:17.990334+00
59268,9.92,2026-02-27 07:45:26.888126+00
59269,11.35,2026-02-27 07:46:28.738728+00
59270,11.16,2026-02-27 07:47:22.477254+00
59271,9.77,2026-02-27 07:48:21.417709+00
59272,10.67,2026-02-27 07:49:32.232253+00
59273,11.08,2026-02-27 07:50:23.159805+00
59274,11.36,2026-02-27 07:51:20.973208+00
59275,10.27,2026-02-27 07:52:18.733032+00
59276,10.71,2026-02-27 07:53:33.252018+00
59277,10.21,2026-02-27 07:54:49.645579+00
59278,10.31,2026-02-27 07:55:22.523659+00
59279,11.08,2026-02-27 07:56:45.734249+00
59280,9.61,2026-02-27 07:57:10.962418+00
59281,10.08,2026-02-27 07:59:22.947541+00
59282,10.02,2026-02-27 08:00:24.932197+00
59283,10.87,2026-02-27 08:01:14.306618+00
59284,11.55,2026-02-27 08:02:09.398049+00
59285,11.14,2026-02-27 08:03:21.874183+00
59286,9.87,2026-02-27 08:04:37.060648+00
59287,11.38,2026-02-27 08:05:47.921203+00
59288,9.88,2026-02-27 08:06:12.860787+00
59289,9.77,2026-02-27 08:07:27.376116+00
59290,10.16,2026-02-27 08:08:20.931781+00
59291,9.95,2026-02-27 08:09:06.741056+00
59292,10.28,2026-02-27 08:11:34.792575+00
59293,11.43,2026-02-27 08:12:03.516799+00
59294,9.91,2026-02-27 08:13:19.236163+00
59295,10.79,2026-02-27 08:14:13.717617+00
59296,9.97,2026-02-27 08:15:21.105519+00
59297,10.82,2026-02-27 08:16:19.984973+00
59298,10.83,2026-02-27 08:17:09.36115+00
59299,10.84,2026-02-27 08:18:28.529043+00
59300,10.18,2026-02-27 08:19:04.412903+00
59301,10.17,2026-02-27 08:20:01.602239+00
59302,11.07,2026-02-27 08:21:06.885222+00
59303,10.54,2026-02-27 08:22:24.635304+00
59304,11.62,2026-02-27 08:23:17.643511+00
59305,10.74,2026-02-27 08:24:37.728159+00
59306,11.42,2026-02-27 08:26:26.317958+00
59307,11.65,2026-02-27 08:27:20.38548+00
59308,11.68,2026-02-27 08:28:29.901275+00
59309,10.78,2026-02-27 08:29:28.529273+00
59310,11.66,2026-02-27 08:30:01.236339+00
59311,11.29,2026-02-27 08:31:24.579969+00
59312,11.28,2026-02-27 08:32:35.790711+00
59313,11.01,2026-02-27 08:33:47.150711+00
59314,11.69,2026-02-27 08:34:29.663874+00
59315,9.97,2026-02-27 08:35:04.591127+00
59316,10.46,2026-02-27 08:36:29.594846+00
59317,11.39,2026-02-27 08:37:07.953836+00
59318,11.34,2026-02-27 08:38:39.184141+00
59319,10.95,2026-02-27 08:39:11.736941+00
59320,10.27,2026-02-27 08:41:19.088366+00
59321,10.54,2026-02-27 08:42:08.697787+00
59322,10.01,2026-02-27 08:43:42.043059+00
59323,11.16,2026-02-27 08:44:04.666768+00
59324,10.52,2026-02-27 08:45:41.513372+00
59325,11.58,2026-02-27 08:46:01.438573+00
59326,10.94,2026-02-27 08:47:26.849384+00
59327,11.02,2026-02-27 08:48:45.052704+00
59328,10.49,2026-02-27 08:49:20.045877+00
59329,10.66,2026-02-27 08:50:42.628111+00
59330,10.75,2026-02-27 08:51:44.044684+00
59331,10.75,2026-02-27 08:52:06.670964+00
59332,11.42,2026-02-27 08:53:11.534872+00
59333,9.7,2026-02-27 08:54:39.930381+00
59334,9.78,2026-02-27 08:56:40.039276+00
59335,11.28,2026-02-27 08:57:21.457483+00
59336,10.99,2026-02-27 08:58:27.965459+00
59337,10.93,2026-02-27 08:59:45.606468+00
59338,11.11,2026-02-27 09:00:28.238719+00
59339,11.46,2026-02-27 09:01:22.218795+00
59340,9.91,2026-02-27 09:02:23.150064+00
59341,11.55,2026-02-27 09:03:44.005525+00
59342,10.74,2026-02-27 09:04:37.072253+00
59343,10.23,2026-02-27 09:05:37.1246+00
59344,10.2,2026-02-27 09:06:34.131771+00
59345,11.66,2026-02-27 09:07:29.288161+00
59346,10.84,2026-02-27 09:08:42.241841+00
59347,11.37,2026-02-27 09:09:17.054501+00
59348,10.6,2026-02-27 09:11:07.060697+00
59349,10.57,2026-02-27 09:12:02.10691+00
59350,9.93,2026-02-27 09:13:09.185185+00
59351,11.37,2026-02-27 09:14:05.012961+00
59352,11.17,2026-02-27 09:15:42.181141+00
59353,10.41,2026-02-27 09:16:31.169506+00
59354,11,2026-02-27 09:17:18.89153+00
59355,11.84,2026-02-27 09:18:34.968476+00
59356,10.27,2026-02-27 09:19:26.617012+00
59357,11.81,2026-02-27 09:20:13.182006+00
59358,10.68,2026-02-27 09:21:07.864121+00
59359,11.06,2026-02-27 09:22:18.663364+00
59360,10.77,2026-02-27 09:23:02.410352+00
59361,10.91,2026-02-27 09:24:33.594757+00
59362,11.47,2026-02-27 09:26:21.370948+00
59363,10.78,2026-02-27 09:27:14.555126+00
59364,9.82,2026-02-27 09:28:47.60757+00
59365,11.45,2026-02-27 09:29:25.452523+00
59366,11.85,2026-02-27 09:30:22.181739+00
59367,10.77,2026-02-27 09:31:12.879995+00
59368,10.31,2026-02-27 09:32:32.644172+00
59369,10.95,2026-02-27 09:33:23.404341+00
59370,11.23,2026-02-27 09:34:18.662354+00
59371,10.56,2026-02-27 09:35:23.994109+00
59372,11.13,2026-02-27 09:36:26.206857+00
59373,10.27,2026-02-27 09:37:05.858285+00
59374,11.15,2026-02-27 09:38:35.591951+00
59375,11.85,2026-02-27 09:39:04.923635+00
59376,10.45,2026-02-27 09:41:39.617334+00
59377,10.84,2026-02-27 09:42:15.35412+00
59378,11.8,2026-02-27 09:43:15.567215+00
59379,11.76,2026-02-27 09:44:00.907669+00
59380,10.11,2026-02-27 09:45:40.963977+00
59381,11.05,2026-02-27 09:46:27.438284+00
59382,11.93,2026-02-27 09:47:43.093493+00
59383,10.35,2026-02-27 09:48:48.431318+00
59384,11.43,2026-02-27 09:49:17.437378+00
59385,11.97,2026-02-27 09:50:09.892609+00
59386,10.91,2026-02-27 09:51:40.272914+00
59387,10.93,2026-02-27 09:52:23.888095+00
59388,11.42,2026-02-27 09:53:05.459455+00
59389,11.62,2026-02-27 09:54:23.426699+00
59390,11.05,2026-02-27 09:55:26.886196+00
59391,10.26,2026-02-27 09:57:04.143473+00
59392,10.9,2026-02-27 09:58:46.999163+00
59393,10.64,2026-02-27 09:59:25.704925+00
59394,11.38,2026-02-27 10:00:39.423636+00
59395,10.9,2026-02-27 10:01:27.640598+00
59396,11.98,2026-02-27 10:02:23.439619+00
59397,11.45,2026-02-27 10:03:48.786255+00
59398,11.63,2026-02-27 10:04:13.767046+00
59399,10.39,2026-02-27 10:05:12.800111+00
59400,10.89,2026-02-27 10:06:35.31617+00
59401,10.48,2026-02-27 10:07:22.462528+00
59402,11.31,2026-02-27 10:08:24.840251+00
59403,11.8,2026-02-27 10:09:36.697011+00
59404,10.22,2026-02-27 10:10:13.438408+00
59405,10.61,2026-02-27 10:12:38.452377+00
59406,11.21,2026-02-27 10:13:42.201012+00
59407,11.51,2026-02-27 10:14:45.430384+00
59408,11.25,2026-02-27 10:15:25.395359+00
59409,10.95,2026-02-27 10:16:05.796942+00
59410,11.91,2026-02-27 10:17:46.253238+00
59411,11.79,2026-02-27 10:18:09.850886+00
59412,11.58,2026-02-27 10:19:03.516448+00
59413,10.44,2026-02-27 10:20:17.558691+00
59414,11.31,2026-02-27 10:21:12.06527+00
59415,11.52,2026-02-27 10:22:19.08169+00
59416,11.7,2026-02-27 10:23:03.350366+00
59417,10.5,2026-02-27 10:24:06.153595+00
59418,11.41,2026-02-27 10:26:38.504034+00
59419,11.23,2026-02-27 10:27:41.249145+00
59420,11.73,2026-02-27 10:28:26.350307+00
59421,12.21,2026-02-27 10:29:37.716858+00
59422,11.16,2026-02-27 10:30:30.20932+00
59423,12.5,2026-02-27 10:31:17.573124+00
59424,12.33,2026-02-27 10:32:28.18211+00
59425,12.19,2026-02-27 10:33:46.366617+00
59426,12.16,2026-02-27 10:34:06.029023+00
59427,12.22,2026-02-27 10:35:32.166248+00
59428,11.32,2026-02-27 10:36:17.083276+00
59429,11.16,2026-02-27 10:37:38.264268+00
59430,11.71,2026-02-27 10:38:27.862117+00
59431,11.83,2026-02-27 10:39:39.766658+00
59432,11.86,2026-02-27 10:41:46.857884+00
59433,11.12,2026-02-27 10:42:18.660152+00
59434,11.34,2026-02-27 10:43:16.214994+00
59435,11.64,2026-02-27 10:44:44.164511+00
59436,11.06,2026-02-27 10:45:09.811769+00
59437,11.64,2026-02-27 10:46:28.416984+00
59438,12.49,2026-02-27 10:47:31.364907+00
59439,11.63,2026-02-27 10:48:19.565298+00
59440,11.86,2026-02-27 10:49:43.401102+00
59441,12.78,2026-02-27 10:50:10.309586+00
59442,12.75,2026-02-27 10:51:48.719684+00
59443,11.66,2026-02-27 10:52:06.337002+00
59444,11.5,2026-02-27 10:53:38.190186+00
59445,12.81,2026-02-27 10:55:38.523268+00
59446,11.55,2026-02-27 10:56:09.401647+00
59447,12.88,2026-02-27 10:57:39.798632+00
59448,11.57,2026-02-27 10:58:39.541123+00
59449,12.33,2026-02-27 10:59:44.013851+00
59450,11.42,2026-02-27 11:00:39.454731+00
59451,13.03,2026-02-27 11:01:04.501634+00
59452,13.23,2026-02-27 11:02:21.510211+00
59453,12.68,2026-02-27 11:03:18.837254+00
59454,12.57,2026-02-27 11:04:26.154223+00
59455,13.22,2026-02-27 11:05:24.202703+00
59456,11.59,2026-02-27 11:06:25.289996+00
59457,12.1,2026-02-27 11:08:47.382834+00
59458,11.66,2026-02-27 11:09:06.716993+00
59459,12.87,2026-02-27 11:10:48.350368+00
59460,13.04,2026-02-27 11:11:22.9977+00
59461,13.18,2026-02-27 11:12:24.648528+00
59462,13.22,2026-02-27 11:13:24.466702+00
59463,12.87,2026-02-27 11:14:23.956637+00
59464,11.79,2026-02-27 11:15:44.510491+00
59465,13.56,2026-02-27 11:16:11.579873+00
59466,12.45,2026-02-27 11:17:04.450076+00
59467,13.1,2026-02-27 11:18:35.196512+00
59468,12.56,2026-02-27 11:19:14.041513+00
59469,11.68,2026-02-27 11:20:14.660413+00
59470,12.83,2026-02-27 11:22:38.139346+00
59471,11.92,2026-02-27 11:23:01.410349+00
59472,12.69,2026-02-27 11:24:00.510977+00
59473,12.95,2026-02-27 11:25:15.408187+00
59474,11.53,2026-02-27 11:26:25.104315+00
59475,12.9,2026-02-27 11:27:38.049813+00
59476,12.72,2026-02-27 11:28:20.966377+00
59477,13.38,2026-02-27 11:29:36.263186+00
59478,13.72,2026-02-27 11:30:35.741551+00
59479,12.09,2026-02-27 11:31:40.858712+00
59480,12.78,2026-02-27 11:32:21.899477+00
59481,12.08,2026-02-27 11:33:32.390644+00
59482,12.39,2026-02-27 11:34:43.531812+00
59483,12.08,2026-02-27 11:35:26.25613+00
59484,13.15,2026-02-27 11:37:46.218226+00
59485,12,2026-02-27 11:38:07.892998+00
59486,12.98,2026-02-27 11:39:02.726636+00
59487,12.53,2026-02-27 11:40:39.620009+00
59488,12.42,2026-02-27 11:41:30.334599+00
59489,12.47,2026-02-27 11:41:42.672934+00
59490,12.02,2026-02-27 11:42:41.750318+00
59491,13.52,2026-02-27 11:43:32.457816+00
59492,12.23,2026-02-27 11:45:41.774918+00
59493,13,2026-02-27 11:46:24.334108+00
59494,12.32,2026-02-27 11:47:29.716077+00
59495,12.3,2026-02-27 11:48:23.075882+00
59496,12.66,2026-02-27 11:49:40.414713+00
59497,13.33,2026-02-27 11:50:16.421211+00
59498,13.8,2026-02-27 11:51:21.606022+00
59499,13.15,2026-02-27 11:52:06.072981+00
59500,12.24,2026-02-27 11:53:12.081324+00
59501,13.88,2026-02-27 11:54:07.350042+00
59502,13.53,2026-02-27 11:55:37.564545+00
59503,12.36,2026-02-27 11:56:49.940833+00
59504,13.86,2026-02-27 11:57:21.469322+00
59505,13.91,2026-02-27 11:58:40.354603+00
59506,13.83,2026-02-27 12:00:00.231231+00
59507,13.44,2026-02-27 12:01:06.743737+00
59508,12.59,2026-02-27 12:02:07.594186+00
59509,13.18,2026-02-27 12:03:42.13174+00
59510,13.25,2026-02-27 12:04:24.103045+00
59511,12.56,2026-02-27 12:05:17.33911+00
59512,12.58,2026-02-27 12:06:12.462045+00
59513,12.44,2026-02-27 12:07:14.440211+00
59514,13.09,2026-02-27 12:08:21.403441+00
59515,12.45,2026-02-27 12:09:22.576154+00
59516,12.52,2026-02-27 12:10:16.090409+00
59517,12.93,2026-02-27 12:11:38.113169+00
59518,13.92,2026-02-27 12:12:19.767717+00
59519,13.01,2026-02-27 12:13:23.271688+00
59520,12.88,2026-02-27 12:15:44.432324+00
59521,13.19,2026-02-27 12:16:06.006036+00
59522,12.59,2026-02-27 12:17:10.156739+00
59523,13.72,2026-02-27 12:18:01.969422+00
59524,13.9,2026-02-27 12:19:45.077221+00
59525,12.91,2026-02-27 12:20:26.172143+00
59526,12.54,2026-02-27 12:21:09.925725+00
59527,13.67,2026-02-27 12:22:28.758025+00
59528,13.19,2026-02-27 12:23:24.333785+00
59529,12.21,2026-02-27 12:24:03.376768+00
59530,13.33,2026-02-27 12:25:25.083413+00
59531,14.08,2026-02-27 12:26:49.722991+00
59532,13.61,2026-02-27 12:28:40.050385+00
59533,13.2,2026-02-27 12:29:29.227552+00
59534,12.51,2026-02-27 12:30:49.031511+00
59535,13.79,2026-02-27 12:31:08.246213+00
59536,12.48,2026-02-27 12:32:38.23584+00
59537,13.71,2026-02-27 12:33:37.643609+00
59538,12.25,2026-02-27 12:34:12.155823+00
59539,12.38,2026-02-27 12:35:42.157205+00
59540,12.07,2026-02-27 12:36:30.677115+00
59541,13.52,2026-02-27 12:37:37.041286+00
59542,13.89,2026-02-27 12:38:42.482014+00
59543,13.52,2026-02-27 12:39:49.217431+00
59544,12.15,2026-02-27 12:40:29.599374+00
59545,12.07,2026-02-27 12:42:38.967105+00
59546,14,2026-02-27 12:43:02.175385+00
59547,13.39,2026-02-27 12:44:22.229781+00
59548,13.03,2026-02-27 12:45:08.339882+00
59549,12.77,2026-02-27 12:46:30.120888+00
59550,13.23,2026-02-27 12:47:29.316302+00
59551,12.35,2026-02-27 12:48:41.660677+00
59552,13.88,2026-02-27 12:49:14.811966+00
59553,13.33,2026-02-27 12:50:40.516988+00
59554,13.82,2026-02-27 12:51:03.408859+00
59555,13.58,2026-02-27 12:52:41.243655+00
59556,13.32,2026-02-27 12:53:30.303767+00
59557,12.51,2026-02-27 12:54:40.356441+00
59558,12.47,2026-02-27 12:55:11.250214+00
59559,13.94,2026-02-27 12:57:33.359644+00
59560,12.39,2026-02-27 12:58:07.280606+00
59561,12.38,2026-02-27 12:59:39.552519+00
59562,12.56,2026-02-27 13:00:45.605712+00
59563,12.36,2026-02-27 13:01:24.537394+00
59564,12.07,2026-02-27 13:02:33.446363+00
59565,12.79,2026-02-27 13:03:00.466443+00
59566,12.54,2026-02-27 13:04:14.863157+00
59567,13.52,2026-02-27 13:05:33.539614+00
59568,12.37,2026-02-27 13:06:33.790243+00
59569,12.6,2026-02-27 13:07:38.789244+00
59570,13.46,2026-02-27 13:08:22.987556+00
59571,12.38,2026-02-27 13:09:39.28955+00
59572,13.57,2026-02-27 13:11:33.690098+00
59573,13.97,2026-02-27 13:12:26.298353+00
59574,13.17,2026-02-27 13:13:14.776539+00
59575,12.85,2026-02-27 13:14:08.36195+00
59576,12.62,2026-02-27 13:15:23.64507+00
59577,13.03,2026-02-27 13:16:34.127065+00
59578,12.31,2026-02-27 13:17:23.615464+00
59579,13.25,2026-02-27 13:18:09.824173+00
59580,12.26,2026-02-27 13:19:29.217795+00
59581,13.9,2026-02-27 13:20:42.721034+00
59582,12.1,2026-02-27 13:21:13.241338+00
59583,12.57,2026-02-27 13:22:47.217942+00
59584,12.71,2026-02-27 13:23:14.758785+00
59585,14.02,2026-02-27 13:24:37.42116+00
59586,12.98,2026-02-27 13:26:22.389219+00
59587,14.08,2026-02-27 13:27:05.317739+00
59588,12.49,2026-02-27 13:28:32.8846+00
59589,12.76,2026-02-27 13:29:27.025037+00
59590,12.49,2026-02-27 13:30:32.34629+00
59591,14.18,2026-02-27 13:31:14.037309+00
59592,13.6,2026-02-27 13:32:22.404097+00
59593,12.34,2026-02-27 13:33:26.50297+00
59594,14.23,2026-02-27 13:34:03.441946+00
59595,12.89,2026-02-27 13:35:01.236996+00
59596,14.08,2026-02-27 13:36:02.839791+00
59597,13.79,2026-02-27 13:37:11.697487+00
59598,13.54,2026-02-27 13:38:02.129231+00
59599,13.06,2026-02-27 13:39:13.060404+00
59600,13.98,2026-02-27 13:41:11.869923+00
59601,13.98,2026-02-27 13:42:11.855708+00
59602,13.11,2026-02-27 13:44:31.48706+00
59603,13.82,2026-02-27 13:45:37.380521+00
59604,13.69,2026-02-27 13:46:45.272225+00
59605,12.49,2026-02-27 13:47:19.658473+00
59606,12.97,2026-02-27 13:48:29.31297+00
59607,13.59,2026-02-27 13:49:25.677213+00
59608,12.34,2026-02-27 13:50:31.326913+00
59609,13.9,2026-02-27 13:51:17.027194+00
59610,12.32,2026-02-27 13:53:01.74389+00
59611,12.68,2026-02-27 13:54:21.181246+00
59612,12.41,2026-02-27 13:55:43.640678+00
59613,13.21,2026-02-27 13:56:37.806206+00
59614,13.4,2026-02-27 13:57:20.609482+00
59615,13.3,2026-02-27 13:58:23.038916+00
59616,13.21,2026-02-27 13:59:43.655968+00
59617,12.47,2026-02-27 14:00:06.86993+00
59618,14.23,2026-02-27 14:01:17.436654+00
59619,12.92,2026-02-27 14:02:35.660206+00
59620,12.86,2026-02-27 14:03:11.529648+00
59621,13.8,2026-02-27 14:04:25.472641+00
59622,12.51,2026-02-27 14:05:12.807039+00
59623,14,2026-02-27 14:06:39.678621+00
59624,14.18,2026-02-27 14:08:18.542331+00
59625,12.95,2026-02-27 14:09:28.698892+00
59626,13.43,2026-02-27 14:10:14.002985+00
59627,12.65,2026-02-27 14:11:10.215487+00
59628,12.45,2026-02-27 14:12:33.633125+00
59629,13.71,2026-02-27 14:13:41.017763+00
59630,12.81,2026-02-27 14:14:30.983919+00
59631,13.92,2026-02-27 14:15:02.490682+00
59632,12.74,2026-02-27 14:16:00.640038+00
59633,13.66,2026-02-27 14:17:39.960423+00
59634,12.55,2026-02-27 14:18:04.523125+00
59635,12.32,2026-02-27 14:19:49.656859+00
59636,13.88,2026-02-27 14:20:41.028566+00
59637,13.37,2026-02-27 14:22:12.894226+00
59638,13.12,2026-02-27 14:23:23.606835+00
59639,12.99,2026-02-27 14:24:44.642248+00
59640,13.12,2026-02-27 14:25:41.712724+00
59641,13.76,2026-02-27 14:26:12.854868+00
59642,13.88,2026-02-27 14:27:15.47155+00
59643,13.41,2026-02-27 14:28:09.374276+00
59644,13.41,2026-02-27 14:29:00.014747+00
59645,12.49,2026-02-27 14:30:28.525476+00
59646,12.98,2026-02-27 14:31:37.620934+00
59647,12.87,2026-02-27 14:32:15.513238+00
59648,13.23,2026-02-27 14:33:37.38594+00
59649,13.92,2026-02-27 14:34:12.026056+00
59650,12.54,2026-02-27 14:35:02.231347+00
59651,14.02,2026-02-27 14:37:45.717571+00
59652,14.02,2026-02-27 14:38:06.841396+00
59653,12.52,2026-02-27 14:39:00.396087+00
59654,12.82,2026-02-27 14:40:31.455938+00
59655,12.91,2026-02-27 14:41:00.382864+00
59656,12.8,2026-02-27 14:42:11.685734+00
59657,12.98,2026-02-27 14:43:15.723596+00
59658,13.8,2026-02-27 14:44:27.533944+00
59659,13,2026-02-27 14:45:07.870813+00
59660,13.2,2026-02-27 14:46:42.198877+00
59661,13.19,2026-02-27 14:47:17.339919+00
59662,12.4,2026-02-27 14:48:15.123374+00
59663,12.55,2026-02-27 14:49:27.06797+00
59664,14.35,2026-02-27 14:50:36.551741+00
59665,12.95,2026-02-27 14:52:01.404145+00
59666,14.38,2026-02-27 14:53:28.447328+00
59667,13.37,2026-02-27 14:54:21.594455+00
59668,12.61,2026-02-27 14:55:08.879693+00
59669,14.12,2026-02-27 14:56:27.723433+00
59670,14.2,2026-02-27 14:57:38.592497+00
59671,12.97,2026-02-27 14:58:12.216846+00
59672,14.3,2026-02-27 14:59:37.665441+00
59673,14.36,2026-02-27 15:00:34.906721+00
59674,14.18,2026-02-27 15:01:12.353381+00
59675,13.27,2026-02-27 15:02:01.803414+00
59676,12.67,2026-02-27 15:03:00.263199+00
59677,13.58,2026-02-27 15:04:07.656609+00
59678,12.74,2026-02-27 15:05:37.02993+00
59679,14.36,2026-02-27 15:07:29.959898+00
59680,12.98,2026-02-27 15:08:22.18975+00
59681,13.19,2026-02-27 15:09:24.017886+00
59682,14.05,2026-02-27 15:10:23.66065+00
59683,13.73,2026-02-27 15:11:22.18586+00
59684,14.16,2026-02-27 15:12:44.454559+00
59685,12.79,2026-02-27 15:13:32.092254+00
59686,13.86,2026-02-27 15:14:02.561313+00
59687,13.49,2026-02-27 15:15:16.714278+00
59688,13.76,2026-02-27 15:16:06.546865+00
59689,12.66,2026-02-27 15:17:48.459461+00
59690,14.25,2026-02-27 15:18:32.322704+00
59691,14.15,2026-02-27 15:19:11.956676+00
59692,14.1,2026-02-27 15:20:30.861604+00
59693,13.71,2026-02-27 15:22:20.929414+00
59694,13.79,2026-02-27 15:23:09.410967+00
59695,12.91,2026-02-27 15:24:49.334241+00
59696,13.18,2026-02-27 15:25:33.401055+00
59697,13.68,2026-02-27 15:26:01.40151+00
59698,13.89,2026-02-27 15:27:15.989001+00
59699,14.06,2026-02-27 15:28:49.614929+00
59700,12.6,2026-02-27 15:29:26.425504+00
59701,12.46,2026-02-27 15:30:31.323319+00
59702,13.54,2026-02-27 15:31:49.440813+00
59703,12.28,2026-02-27 15:32:11.576696+00
59704,13.25,2026-02-27 15:33:41.823643+00
59705,12.53,2026-02-27 15:34:38.789525+00
59706,13.72,2026-02-27 15:35:14.2271+00
59707,13.31,2026-02-27 15:36:07.305558+00
59708,13.51,2026-02-27 15:38:33.909497+00
59709,13.28,2026-02-27 15:39:45.132664+00
59710,12.72,2026-02-27 15:40:29.963452+00
59711,13.14,2026-02-27 15:41:41.333725+00
59712,13.17,2026-02-27 15:42:38.140687+00
59713,13.2,2026-02-27 15:43:06.057648+00
59714,14.04,2026-02-27 15:44:39.3843+00
59715,13.05,2026-02-27 15:45:03.239225+00
59716,14.02,2026-02-27 15:46:12.73375+00
59717,13.13,2026-02-27 15:47:13.154624+00
59718,12.18,2026-02-27 15:48:13.752025+00
59719,13.77,2026-02-27 15:49:45.355123+00
59720,12.12,2026-02-27 15:50:47.14391+00
59721,13.05,2026-02-27 15:51:13.253037+00
59722,14.02,2026-02-27 15:52:00.34151+00
59723,13.75,2026-02-27 15:54:14.263527+00
59724,13.99,2026-02-27 15:55:08.797647+00
59725,13.2,2026-02-27 15:56:19.826854+00
59726,12.61,2026-02-27 15:57:04.256769+00
59727,13.66,2026-02-27 15:58:30.844112+00
59728,12.4,2026-02-27 15:59:06.674951+00
59729,12.18,2026-02-27 16:00:45.965967+00
59730,12.93,2026-02-27 16:01:34.43318+00
59731,13.95,2026-02-27 16:02:49.703552+00
59732,13.66,2026-02-27 16:03:24.736797+00
59733,13.71,2026-02-27 16:04:21.357514+00
59734,12.65,2026-02-27 16:05:35.271111+00
59735,12.91,2026-02-27 16:06:48.440654+00
59736,12.91,2026-02-27 16:07:11.556435+00
59737,12.88,2026-02-27 16:08:39.450511+00
59738,12.56,2026-02-27 16:10:09.949276+00
59739,12.21,2026-02-27 16:11:49.585558+00
59740,12.95,2026-02-27 16:12:19.101564+00
59741,12.89,2026-02-27 16:13:34.700846+00
59742,13.08,2026-02-27 16:14:28.025836+00
59743,12.13,2026-02-27 16:15:19.763432+00
59744,12.32,2026-02-27 16:16:30.721043+00
59745,13.73,2026-02-27 16:17:25.651341+00
59746,13.02,2026-02-27 16:18:41.188485+00
59747,13.24,2026-02-27 16:19:00.689749+00
59748,12.3,2026-02-27 16:20:36.264544+00
59749,13.56,2026-02-27 16:21:07.386221+00
59750,12.85,2026-02-27 16:22:19.272917+00
59751,13.83,2026-02-27 16:23:41.961533+00
59752,13.24,2026-02-27 16:25:42.012329+00
59753,13.11,2026-02-27 16:26:07.243182+00
59754,13.37,2026-02-27 16:27:38.110956+00
59755,13.42,2026-02-27 16:28:29.917766+00
59756,12.86,2026-02-27 16:29:03.221469+00
59757,12.31,2026-02-27 16:30:48.367379+00
59758,12.91,2026-02-27 16:31:14.082693+00
59759,12.25,2026-02-27 16:32:13.725429+00
59760,12.08,2026-02-27 16:33:20.929845+00
59761,12.19,2026-02-27 16:34:11.902729+00
59762,12.87,2026-02-27 16:35:32.174907+00
59763,12.66,2026-02-27 16:36:19.233375+00
59764,13.78,2026-02-27 16:37:26.714853+00
59765,13.02,2026-02-27 16:38:28.848981+00
59766,12.72,2026-02-27 16:40:12.562946+00
59767,12.22,2026-02-27 16:41:27.619615+00
59768,13.89,2026-02-27 16:42:07.732731+00
59769,12.55,2026-02-27 16:43:25.995685+00
59770,13.44,2026-02-27 16:44:44.935929+00
59771,12.8,2026-02-27 16:45:07.845288+00
59772,12.4,2026-02-27 16:46:26.190702+00
59773,13.71,2026-02-27 16:47:32.065509+00
59774,13.55,2026-02-27 16:48:33.87299+00
59775,12.16,2026-02-27 16:49:37.326682+00
59776,12.76,2026-02-27 16:50:34.581132+00
59777,12.92,2026-02-27 16:52:44.057183+00
59778,11.82,2026-02-27 16:53:26.675134+00
59779,13.4,2026-02-27 16:54:48.54285+00
59780,12.31,2026-02-27 16:55:20.524654+00
59781,13.04,2026-02-27 16:56:02.739018+00
59782,13.17,2026-02-27 16:57:06.963867+00
59783,12.04,2026-02-27 16:58:37.968603+00
59784,12.91,2026-02-27 16:59:45.697123+00
59785,13.6,2026-02-27 17:00:06.034136+00
59786,13.69,2026-02-27 17:01:49.31269+00
59787,13.37,2026-02-27 17:02:31.01462+00
59788,13.53,2026-02-27 17:03:18.857165+00
59789,13.69,2026-02-27 17:04:26.521294+00
59790,11.85,2026-02-27 17:06:06.863044+00
59791,12.57,2026-02-27 17:07:46.125171+00
59792,13.43,2026-02-27 17:08:37.976464+00
59793,12.14,2026-02-27 17:09:35.31252+00
59794,12.97,2026-02-27 17:10:30.597074+00
59795,12.4,2026-02-27 17:11:16.598673+00
59796,13.7,2026-02-27 17:12:22.378041+00
59797,13.68,2026-02-27 17:13:05.699325+00
59798,12.29,2026-02-27 17:14:29.922093+00
59799,13.38,2026-02-27 17:15:05.69934+00
59800,11.94,2026-02-27 17:16:30.89603+00
59801,13.31,2026-02-27 17:17:16.30294+00
59802,13.06,2026-02-27 17:18:03.37529+00
59803,12.77,2026-02-27 17:19:37.810281+00
59804,11.93,2026-02-27 17:21:33.298848+00
59805,12.39,2026-02-27 17:22:24.034014+00
59806,11.74,2026-02-27 17:23:05.24361+00
59807,13.59,2026-02-27 17:24:41.546219+00
59808,13.21,2026-02-27 17:25:31.180679+00
59809,12.12,2026-02-27 17:26:40.689917+00
59810,12.58,2026-02-27 17:27:00.414939+00
59811,11.78,2026-02-27 17:28:27.439048+00
59812,12.37,2026-02-27 17:29:01.913276+00
59813,12.81,2026-02-27 17:30:07.181317+00
59814,13.59,2026-02-27 17:31:24.995587+00
59815,11.92,2026-02-27 17:32:49.649075+00
59816,11.83,2026-02-27 17:33:41.529609+00
59817,13.23,2026-02-27 17:34:16.34683+00
59818,12.11,2026-02-27 17:36:11.286509+00
59819,12.91,2026-02-27 17:37:48.173229+00
59820,13.28,2026-02-27 17:38:37.653311+00
59821,11.97,2026-02-27 17:39:32.983852+00
59822,11.71,2026-02-27 17:40:08.14708+00
59823,13.22,2026-02-27 17:41:49.441565+00
59824,12.62,2026-02-27 17:42:31.55659+00
59825,12.15,2026-02-27 17:43:01.709508+00
59826,12.27,2026-02-27 17:44:34.919741+00
59827,12.38,2026-02-27 17:45:37.681991+00
59828,11.81,2026-02-27 17:46:34.623847+00
59829,13.46,2026-02-27 17:47:32.770825+00
59830,12.2,2026-02-27 17:48:17.096196+00
59831,11.63,2026-02-27 17:49:06.025119+00
59832,12.08,2026-02-27 17:51:13.206153+00
59833,13.2,2026-02-27 17:52:10.110004+00
59834,12.53,2026-02-27 17:53:41.062856+00
59835,11.63,2026-02-27 17:54:42.248043+00
59836,12.95,2026-02-27 17:55:26.842299+00
59837,11.68,2026-02-27 17:56:27.232503+00
59838,12.28,2026-02-27 17:57:09.838932+00
59839,12.86,2026-02-27 17:58:20.441039+00
59840,12.03,2026-02-27 17:59:33.666248+00
59841,12.15,2026-02-27 18:00:16.121119+00
59842,13.03,2026-02-27 18:01:31.93882+00
59843,12.41,2026-02-27 18:02:43.065054+00
59844,12.25,2026-02-27 18:04:01.634782+00
59845,11.97,2026-02-27 18:05:02.083649+00
59846,11.91,2026-02-27 18:06:44.864554+00
59847,11.83,2026-02-27 18:07:32.429597+00
59848,12.22,2026-02-27 18:08:17.419548+00
59849,11.63,2026-02-27 18:09:28.733466+00
59850,11.73,2026-02-27 18:10:03.266873+00
59851,11.81,2026-02-27 18:11:11.793077+00
59852,12.05,2026-02-27 18:12:36.567354+00
59853,11.96,2026-02-27 18:13:17.424047+00
59854,11.56,2026-02-27 18:14:46.703682+00
59855,12.71,2026-02-27 18:15:09.131722+00
59856,11.33,2026-02-27 18:16:30.547766+00
59857,11.37,2026-02-27 18:17:43.776112+00
59858,12.18,2026-02-27 18:19:46.922426+00
59859,12.11,2026-02-27 18:20:36.71107+00
59860,12.55,2026-02-27 18:21:15.544111+00
59861,12.58,2026-02-27 18:22:11.762212+00
59862,12.51,2026-02-27 18:23:10.917572+00
59863,13.13,2026-02-27 18:24:31.649926+00
59864,11.58,2026-02-27 18:25:35.420515+00
59865,12.65,2026-02-27 18:26:48.458852+00
59866,11.51,2026-02-27 18:27:15.383704+00
59867,12.43,2026-02-27 18:28:30.910894+00
59868,12.63,2026-02-27 18:29:07.926789+00
59869,12.49,2026-02-27 18:30:34.67204+00
59870,12.65,2026-02-27 18:31:12.731609+00
59871,11.55,2026-02-27 18:32:10.436908+00
59872,11.76,2026-02-27 18:33:30.477405+00
59873,12.23,2026-02-27 18:35:26.626183+00
59874,11.76,2026-02-27 18:36:05.689029+00
59875,12.58,2026-02-27 18:37:21.02143+00
59876,11.62,2026-02-27 18:38:02.343613+00
59877,11.48,2026-02-27 18:39:45.273956+00
59878,11.25,2026-02-27 18:40:11.554222+00
59879,11.84,2026-02-27 18:41:08.143783+00
59880,12.3,2026-02-27 18:42:01.402133+00
59881,11.8,2026-02-27 18:43:49.253426+00
59882,12.62,2026-02-27 18:44:01.755966+00
59883,11.58,2026-02-27 18:46:27.415213+00
59884,12.38,2026-02-27 18:47:34.265878+00
59885,12.7,2026-02-27 18:48:24.437287+00
59886,11.82,2026-02-27 18:49:40.664827+00
59887,11.6,2026-02-27 18:50:08.912717+00
59888,12.33,2026-02-27 18:51:07.534745+00
59889,11.74,2026-02-27 18:52:03.232432+00
59890,12.16,2026-02-27 18:53:28.869807+00
59891,11.2,2026-02-27 18:54:18.142763+00
59892,12.33,2026-02-27 18:55:32.277979+00
59893,12.09,2026-02-27 18:56:44.713637+00
59894,12.46,2026-02-27 18:57:27.546386+00
59895,12.81,2026-02-27 18:58:39.747713+00
59896,11.46,2026-02-27 18:59:42.865913+00
59897,11.47,2026-02-27 19:00:19.08648+00
59898,11.38,2026-02-27 19:02:44.097637+00
59899,11.81,2026-02-27 19:03:47.939093+00
59900,12.28,2026-02-27 19:04:46.478635+00
59901,12.46,2026-02-27 19:05:19.996229+00
59902,12.16,2026-02-27 19:06:13.501818+00
59903,11.87,2026-02-27 19:07:21.847305+00
59904,11.27,2026-02-27 19:08:15.101448+00
59905,10.93,2026-02-27 19:09:42.867406+00
59906,12.11,2026-02-27 19:10:49.522689+00
59907,11.74,2026-02-27 19:11:19.150912+00
59908,11.93,2026-02-27 19:12:26.604285+00
59909,11.34,2026-02-27 19:13:05.773708+00
59910,10.93,2026-02-27 19:15:45.180058+00
59911,11.21,2026-02-27 19:16:02.419156+00
59912,12.55,2026-02-27 19:17:04.162969+00
59913,12.33,2026-02-27 19:18:29.165225+00
59914,11.42,2026-02-27 19:19:40.042411+00
59915,11.19,2026-02-27 19:20:06.546432+00
59916,12.11,2026-02-27 19:21:37.190428+00
59917,10.93,2026-02-27 19:22:17.176661+00
59918,11.08,2026-02-27 19:23:49.166473+00
59919,10.84,2026-02-27 19:24:44.442906+00
59920,11.45,2026-02-27 19:26:00.467797+00
59921,10.98,2026-02-27 19:28:25.598876+00
59922,11.6,2026-02-27 19:29:07.142861+00
59923,11.35,2026-02-27 19:30:23.939288+00
59924,11.75,2026-02-27 19:31:30.992546+00
59925,11.75,2026-02-27 19:32:35.84251+00
59926,10.95,2026-02-27 19:33:36.136026+00
59927,11.75,2026-02-27 19:34:23.960375+00
59928,10.8,2026-02-27 19:35:04.028953+00
59929,12.27,2026-02-27 19:36:48.443063+00
59930,11.8,2026-02-27 19:37:45.01844+00
59931,11.32,2026-02-27 19:38:43.01255+00
59932,10.91,2026-02-27 19:39:37.010397+00
59933,12.16,2026-02-27 19:40:11.24229+00
59934,11.18,2026-02-27 19:41:05.868106+00
59935,12.45,2026-02-27 19:43:01.841763+00
59936,11.68,2026-02-27 19:44:38.731362+00
59937,12.4,2026-02-27 19:45:01.947021+00
59938,11.87,2026-02-27 19:46:37.812875+00
59939,11.45,2026-02-27 19:47:24.930483+00
59940,11.35,2026-02-27 19:48:11.529028+00
59941,11.68,2026-02-27 19:49:16.283808+00
59942,11.98,2026-02-27 19:53:34.917214+00
59943,10.8,2026-02-27 19:54:17.012837+00
59944,12.16,2026-02-27 19:55:21.418102+00
59945,12.5,2026-02-27 19:56:09.929179+00
59946,11.85,2026-02-27 19:57:00.146415+00
59947,11.78,2026-02-27 19:58:12.054688+00
59948,12.13,2026-02-27 19:59:47.490109+00
59949,10.94,2026-02-27 20:00:48.700633+00
59950,12.62,2026-02-27 20:01:29.462231+00
59951,11.99,2026-02-27 20:02:03.152426+00
59952,11.27,2026-02-27 20:03:31.937228+00
59953,11.41,2026-02-27 20:04:15.458917+00
59954,11.97,2026-02-27 20:05:05.453972+00
59955,12.01,2026-02-27 20:07:25.011264+00
59956,12.06,2026-02-27 20:08:37.047689+00
59957,12.43,2026-02-27 20:09:03.318464+00
59958,12.68,2026-02-27 20:10:16.334242+00
59959,12.59,2026-02-27 20:11:32.81896+00
59960,12.59,2026-02-27 20:13:15.10595+00
59961,12.44,2026-02-27 20:14:32.047369+00
59962,11.86,2026-02-27 20:15:38.107273+00
59963,12.52,2026-02-27 20:16:31.327109+00
59964,12.51,2026-02-27 20:17:00.9653+00
59965,10.87,2026-02-27 20:19:28.612387+00
59966,10.69,2026-02-27 20:20:17.572881+00
59967,12.03,2026-02-27 20:21:31.870009+00
59968,10.78,2026-02-27 20:22:24.381599+00
59969,11.81,2026-02-27 20:23:35.238261+00
59970,12.23,2026-02-27 20:24:28.870812+00
59971,10.66,2026-02-27 20:25:33.368144+00
59972,12.11,2026-02-27 20:26:42.442873+00
59973,11.71,2026-02-27 20:27:10.188119+00
59974,11.42,2026-02-27 20:28:07.370044+00
59975,12.15,2026-02-27 20:29:39.429986+00
59976,10.85,2026-02-27 20:30:07.192523+00
59977,10.96,2026-02-27 20:31:30.613628+00
59978,11.69,2026-02-27 20:32:39.471054+00
59979,11.85,2026-02-27 20:34:40.463889+00
59980,10.72,2026-02-27 20:35:00.665163+00
59981,11.08,2026-02-27 20:36:18.663784+00
59982,12.22,2026-02-27 20:37:03.747489+00
59983,11.07,2026-02-27 20:38:04.156068+00
59984,11.66,2026-02-27 20:39:08.675298+00
59985,10.99,2026-02-27 20:40:48.165277+00
59986,11.68,2026-02-27 20:41:17.360141+00
59987,12.24,2026-02-27 20:42:11.382028+00
59988,10.9,2026-02-27 20:43:39.541524+00
59989,11.69,2026-02-27 20:44:32.853271+00
59990,11.28,2026-02-27 20:45:01.174864+00
59991,10.39,2026-02-27 20:46:31.091152+00
59992,11.76,2026-02-27 20:47:27.367037+00
59993,11.02,2026-02-27 20:48:36.49182+00
59994,11.23,2026-02-27 20:50:06.484669+00
59995,10.75,2026-02-27 20:51:37.138338+00
59996,11.31,2026-02-27 20:52:40.045202+00
59997,10.22,2026-02-27 20:53:18.261608+00
59998,11.53,2026-02-27 20:54:19.345613+00
59999,12.17,2026-02-27 20:55:02.4322+00
60000,10.91,2026-02-27 20:56:39.370578+00
60001,11,2026-02-27 20:57:32.840452+00
60002,12.17,2026-02-27 20:58:25.906171+00
60003,11.63,2026-02-27 20:59:38.488929+00
60004,11.38,2026-02-27 21:00:22.459739+00
60005,10.33,2026-02-27 21:01:48.368367+00
60006,12.01,2026-02-27 21:02:32.061154+00
60007,10.56,2026-02-27 21:04:40.467215+00
60008,10.79,2026-02-27 21:05:22.828493+00
60009,10.98,2026-02-27 21:06:24.380725+00
60010,11.06,2026-02-27 21:07:35.225667+00
60011,11.14,2026-02-27 21:08:42.711096+00
60012,11.46,2026-02-27 21:09:27.458804+00
60013,11,2026-02-27 21:10:18.15484+00
60014,10.52,2026-02-27 21:11:36.466538+00
60015,10.29,2026-02-27 21:12:36.326099+00
60016,11.28,2026-02-27 21:13:34.24334+00
60017,11.62,2026-02-27 21:14:01.471973+00
60018,10.46,2026-02-27 21:15:35.547538+00
60019,11.97,2026-02-27 21:16:06.411258+00
60020,10.33,2026-02-27 21:17:24.485864+00
60021,10.66,2026-02-27 21:19:07.344062+00
60022,10.32,2026-02-27 21:20:27.208691+00
60023,10.68,2026-02-27 21:21:26.690724+00
60024,11.24,2026-02-27 21:22:47.802219+00
60025,10.73,2026-02-27 21:23:43.653481+00
60026,11.67,2026-02-27 21:24:42.356911+00
60027,10.6,2026-02-27 21:25:41.300009+00
60028,10.47,2026-02-27 21:26:39.817223+00
60029,11.38,2026-02-27 21:27:27.090856+00
60030,10.13,2026-02-27 21:28:25.652533+00
60031,10.37,2026-02-27 21:29:14.165413+00
60032,9.81,2026-02-27 21:30:22.095447+00
60033,10.43,2026-02-27 21:31:26.762061+00
60034,10.75,2026-02-27 21:32:15.939055+00
60035,10.71,2026-02-27 21:34:07.448686+00
60036,9.79,2026-02-27 21:35:16.351722+00
60037,11.63,2026-02-27 21:36:09.009319+00
60038,10.18,2026-02-27 21:37:37.72637+00
60039,11.47,2026-02-27 21:38:10.588712+00
60040,11.24,2026-02-27 21:39:09.417208+00
60041,9.93,2026-02-27 21:40:17.76527+00
60042,9.99,2026-02-27 21:41:48.226958+00
60043,10.99,2026-02-27 21:42:00.925498+00
60044,10.35,2026-02-27 21:43:49.21355+00
60045,10.44,2026-02-27 21:44:29.240106+00
60046,10.39,2026-02-27 21:45:06.526163+00
60047,10.25,2026-02-27 21:46:48.100864+00
60048,10.33,2026-02-27 21:47:13.426217+00
60049,9.89,2026-02-27 21:48:12.59252+00
60050,9.89,2026-02-27 21:50:41.429344+00
60051,9.9,2026-02-27 21:51:18.286415+00
60052,11.31,2026-02-27 21:52:19.607682+00
60053,10.3,2026-02-27 21:53:41.021865+00
60054,10.05,2026-02-27 21:54:22.349757+00
60055,9.95,2026-02-27 21:55:44.572379+00
60056,10.2,2026-02-27 21:56:40.518767+00
60057,10.35,2026-02-27 21:57:22.747631+00
60058,11.41,2026-02-27 21:58:16.588591+00
60059,10.7,2026-02-27 21:59:39.159681+00
60060,9.65,2026-02-27 22:00:05.217719+00
60061,9.7,2026-02-27 22:01:07.212384+00
60062,10.19,2026-02-27 22:02:35.611487+00
60063,10.33,2026-02-27 22:04:02.475924+00
60064,11.24,2026-02-27 22:05:10.378671+00
60065,11.38,2026-02-27 22:06:49.45681+00
60066,11.45,2026-02-27 22:07:21.732901+00
60067,9.65,2026-02-27 22:08:48.375231+00
60068,9.92,2026-02-27 22:09:36.859724+00
60069,11.46,2026-02-27 22:10:07.139624+00
60070,10.26,2026-02-27 22:11:14.082396+00
60071,10.33,2026-02-27 22:12:02.549773+00
60072,11.52,2026-02-27 22:13:36.183137+00
60073,10.89,2026-02-27 22:14:27.241132+00
60074,11.23,2026-02-27 22:15:11.576264+00
60075,9.7,2026-02-27 22:16:49.96701+00
60076,10.71,2026-02-27 22:18:36.202184+00
60077,10.1,2026-02-27 22:19:19.192635+00
60078,10.97,2026-02-27 22:20:42.28526+00
60079,10.36,2026-02-27 22:21:44.91074+00
60080,10.98,2026-02-27 22:22:22.034645+00
60081,11.31,2026-02-27 22:23:31.614871+00
60082,11.52,2026-02-27 22:24:23.920826+00
60083,9.89,2026-02-27 22:25:07.180743+00
60084,10.16,2026-02-27 22:26:21.907552+00
60085,11.08,2026-02-27 22:27:03.409729+00
60086,10.42,2026-02-27 22:28:39.037813+00
60087,10.97,2026-02-27 22:29:23.284118+00
60088,10.41,2026-02-27 22:30:05.659399+00
60089,10.76,2026-02-27 22:31:41.982042+00
60090,10.55,2026-02-27 22:32:07.163881+00
60091,10.53,2026-02-27 22:34:29.8922+00
60092,11.2,2026-02-27 22:35:08.690925+00
60093,11.25,2026-02-27 22:36:16.630965+00
60094,10.67,2026-02-27 22:37:47.51641+00
60095,10.89,2026-02-27 22:38:20.418204+00
60096,11.45,2026-02-27 22:39:07.733321+00
60097,10.23,2026-02-27 22:40:18.624958+00
60098,10.43,2026-02-27 22:41:12.097092+00
60099,11.22,2026-02-27 22:42:21.684055+00
60100,9.69,2026-02-27 22:43:01.40012+00
60101,11.5,2026-02-27 22:44:43.854732+00
60102,10.18,2026-02-27 22:45:14.73875+00
60103,10.48,2026-02-27 22:46:26.146843+00
60104,10.49,2026-02-27 22:48:49.645258+00
60105,10.48,2026-02-27 22:49:06.093244+00
60106,11.38,2026-02-27 22:50:09.946814+00
60107,11.5,2026-02-27 22:51:13.414342+00
60108,11.49,2026-02-27 22:52:39.428242+00
60109,11.14,2026-02-27 22:53:10.614031+00
60110,10.64,2026-02-27 22:55:43.446607+00
60111,10.33,2026-02-27 22:56:00.45939+00
60112,10.16,2026-02-27 22:57:49.980974+00
60113,10.27,2026-02-27 22:58:39.131554+00
60114,11.48,2026-02-27 22:59:30.959491+00
60115,9.96,2026-02-27 23:00:49.76442+00
60116,9.88,2026-02-27 23:01:31.099606+00
60117,10,2026-02-27 23:02:10.601128+00
60118,9.69,2026-02-27 23:03:32.579715+00
60119,11.27,2026-02-27 23:04:25.299667+00
60120,11.03,2026-02-27 23:05:23.858192+00
60121,10.5,2026-02-27 23:06:35.507409+00
60122,10.17,2026-02-27 23:07:24.199603+00
60123,11.16,2026-02-27 23:08:00.695487+00
60124,10.21,2026-02-27 23:10:44.560193+00
60125,10.37,2026-02-27 23:11:47.248216+00
60126,10.8,2026-02-27 23:12:07.696903+00
60127,11.19,2026-02-27 23:13:20.861213+00
60128,10.54,2026-02-27 23:14:47.071324+00
60129,9.8,2026-02-27 23:15:24.984135+00
60130,10.18,2026-02-27 23:16:11.869879+00
60131,10.23,2026-02-27 23:17:18.246929+00
60132,10.75,2026-02-27 23:18:11.142047+00
60133,11.47,2026-02-27 23:19:32.058746+00
60134,9.62,2026-02-27 23:20:06.783216+00
60135,11.45,2026-02-27 23:21:46.511587+00
60136,10.89,2026-02-27 23:22:17.285479+00
60137,10.17,2026-02-27 23:23:36.134964+00
60138,10.34,2026-02-27 23:25:28.109649+00
60139,9.49,2026-02-27 23:26:28.823865+00
60140,11.37,2026-02-27 23:27:43.073711+00
60141,9.77,2026-02-27 23:28:26.466427+00
60142,11.09,2026-02-27 23:29:00.904381+00
60143,10.71,2026-02-27 23:30:35.628744+00
60144,10.68,2026-02-27 23:31:13.801932+00
60145,10.51,2026-02-27 23:32:19.566917+00
60146,10.55,2026-02-27 23:33:29.385311+00
60147,10.15,2026-02-27 23:34:46.500169+00
60148,11.17,2026-02-27 23:35:11.558167+00
60149,9.62,2026-02-27 23:36:12.510983+00
60150,10.53,2026-02-27 23:37:05.801915+00
60151,9.95,2026-02-27 23:38:02.062276+00
60152,9.72,2026-02-27 23:40:09.360542+00
60153,9.44,2026-02-27 23:41:33.679616+00
60154,10.24,2026-02-27 23:42:48.14314+00
60155,10.08,2026-02-27 23:43:20.994356+00
60156,9.71,2026-02-27 23:44:40.869899+00
60157,10.53,2026-02-27 23:45:20.904169+00
60158,9.46,2026-02-27 23:46:07.138124+00
60159,9.64,2026-02-27 23:47:10.72239+00
60160,11.3,2026-02-27 23:48:40.696817+00
60161,9.56,2026-02-27 23:49:22.484462+00
60162,10.15,2026-02-27 23:50:14.356208+00
60163,9.43,2026-02-27 23:51:28.239164+00
60164,9.59,2026-02-27 23:52:14.047618+00
60165,10.49,2026-02-27 23:54:19.368997+00
60166,10.45,2026-02-27 23:55:16.691837+00
60167,10.13,2026-02-27 23:56:20.458085+00
60168,10.48,2026-02-27 23:57:15.144536+00
60169,11.04,2026-02-27 23:58:29.087247+00
60170,9.7,2026-02-27 23:59:45.876063+00
60171,9.52,2026-02-28 00:00:38.153876+00
60172,9.57,2026-02-28 00:01:23.206895+00
60173,9.45,2026-02-28 00:02:22.686227+00
60174,10.11,2026-02-28 00:03:05.87746+00
60175,10.48,2026-02-28 00:04:14.296578+00
60176,10.56,2026-02-28 00:05:29.064963+00
60177,10.92,2026-02-28 00:06:48.664337+00
60178,11.24,2026-02-28 00:07:07.834929+00
60179,10.32,2026-02-28 00:09:08.623958+00
60180,10.34,2026-02-28 00:10:41.604971+00
60181,9.74,2026-02-28 00:11:14.108953+00
60182,10.62,2026-02-28 00:12:24.352489+00
60183,9.58,2026-02-28 00:13:11.033383+00
60184,10.19,2026-02-28 00:14:31.85934+00
60185,10.1,2026-02-28 00:15:20.542286+00
60186,10.97,2026-02-28 00:16:30.49814+00
60187,9.27,2026-02-28 00:17:35.082814+00
60188,10.92,2026-02-28 00:18:09.461232+00
60189,10.21,2026-02-28 00:19:44.162932+00
60190,10.47,2026-02-28 00:20:02.50149+00
60191,11.02,2026-02-28 00:21:36.471752+00
60192,9.49,2026-02-28 00:22:25.402189+00
60193,10.27,2026-02-28 00:24:09.621543+00
60194,10.84,2026-02-28 00:25:38.696661+00
60195,10.63,2026-02-28 00:26:22.722611+00
60196,11.25,2026-02-28 00:27:02.116311+00
60197,9.99,2026-02-28 00:28:03.08931+00
60198,11.2,2026-02-28 00:29:40.096897+00
60199,10.02,2026-02-28 00:30:32.558195+00
60200,10.17,2026-02-28 00:31:01.546629+00
60201,11.22,2026-02-28 00:32:13.933277+00
60202,9.95,2026-02-28 00:33:45.886224+00
60203,11.12,2026-02-28 00:34:35.99549+00
60204,10.28,2026-02-28 00:35:20.233769+00
60205,9.9,2026-02-28 00:36:07.028678+00
60206,9.41,2026-02-28 00:38:21.154567+00
60207,11.28,2026-02-28 00:39:03.461546+00
60208,9.91,2026-02-28 00:40:26.381358+00
60209,10.41,2026-02-28 00:41:36.673548+00
60210,10.58,2026-02-28 00:42:12.738585+00
60211,10.25,2026-02-28 00:43:32.239742+00
60212,10.01,2026-02-28 00:44:01.999493+00
60213,9.7,2026-02-28 00:45:06.180076+00
60214,10.25,2026-02-28 00:46:02.616361+00
60215,10.09,2026-02-28 00:47:30.921634+00
60216,9.62,2026-02-28 00:48:32.300263+00
60217,9.79,2026-02-28 00:49:17.612213+00
60218,9.49,2026-02-28 00:50:09.093302+00
60219,10.42,2026-02-28 00:51:45.105517+00
60220,11.05,2026-02-28 00:52:38.86538+00
60221,10.15,2026-02-28 00:54:24.841914+00
60222,9.15,2026-02-28 00:55:19.910741+00
60223,9.21,2026-02-28 00:56:36.808991+00
60224,9.63,2026-02-28 00:57:05.598474+00
60225,10.74,2026-02-28 00:58:05.262476+00
60226,9.45,2026-02-28 00:59:04.738443+00
60227,10.38,2026-02-28 01:00:41.794572+00
60228,10.07,2026-02-28 01:01:23.506556+00
60229,10.91,2026-02-28 01:02:49.778581+00
60230,10.3,2026-02-28 01:03:44.25424+00
60231,9.66,2026-02-28 01:04:43.748977+00
60232,10.52,2026-02-28 01:05:08.735397+00
60233,10.63,2026-02-28 01:06:35.478334+00
60234,10.76,2026-02-28 01:08:00.535622+00
60235,10.11,2026-02-28 01:09:32.491959+00
60236,9.78,2026-02-28 01:10:09.896055+00
60237,9.68,2026-02-28 01:11:49.637195+00
60238,9.22,2026-02-28 01:12:44.339122+00
60239,9.77,2026-02-28 01:13:26.358449+00
60240,9.79,2026-02-28 01:14:17.237415+00
60241,10.71,2026-02-28 01:15:31.616422+00
60242,10.19,2026-02-28 01:16:27.843194+00
60243,10.97,2026-02-28 01:17:31.702068+00
60244,10.99,2026-02-28 01:18:39.694384+00
60245,10.47,2026-02-28 01:19:30.037658+00
60246,9.89,2026-02-28 01:20:39.606986+00
60247,10.74,2026-02-28 01:21:00.630306+00
60248,10.53,2026-02-28 01:23:10.104169+00
60249,9.24,2026-02-28 01:24:01.283141+00
60250,9.44,2026-02-28 01:25:05.976438+00
60251,10.7,2026-02-28 01:26:23.831628+00
60252,10.42,2026-02-28 01:27:20.244605+00
60253,9.28,2026-02-28 01:28:43.038278+00
60254,10.15,2026-02-28 01:29:09.33702+00
60255,10.17,2026-02-28 01:30:47.209882+00
60256,10.04,2026-02-28 01:31:26.668657+00
60257,9.35,2026-02-28 01:32:12.952934+00
60258,10.6,2026-02-28 01:33:48.666918+00
60259,9.77,2026-02-28 01:34:28.189512+00
60260,10.28,2026-02-28 01:35:02.040199+00
60261,9.33,2026-02-28 01:36:07.41279+00
60262,10.63,2026-02-28 01:37:18.093711+00
60263,9.18,2026-02-28 01:39:00.16842+00
60264,9.55,2026-02-28 01:40:22.015444+00
60265,9.53,2026-02-28 01:41:26.949065+00
60266,9.91,2026-02-28 01:42:02.446207+00
60267,10.77,2026-02-28 01:43:20.98117+00
60268,10.82,2026-02-28 01:44:14.567837+00
60269,10.92,2026-02-28 01:45:18.679624+00
60270,9.92,2026-02-28 01:46:24.98267+00
60271,10.89,2026-02-28 01:47:26.199339+00
60272,10.14,2026-02-28 01:48:31.106269+00
60273,9.56,2026-02-28 01:49:00.287956+00
60274,9.95,2026-02-28 01:50:43.871714+00
60275,10.83,2026-02-28 01:51:05.88436+00
60276,9.59,2026-02-28 01:53:14.537135+00
60277,10.63,2026-02-28 01:54:47.358485+00
60278,9.2,2026-02-28 01:55:12.549117+00
60279,10.69,2026-02-28 01:56:28.338049+00
60280,10.9,2026-02-28 01:57:33.864038+00
60281,10.76,2026-02-28 01:58:49.897461+00
60282,10.38,2026-02-28 01:59:25.834101+00
60283,9.67,2026-02-28 02:00:09.178989+00
60284,9.96,2026-02-28 02:01:48.977694+00
60285,10.18,2026-02-28 02:02:33.660421+00
60286,8.98,2026-02-28 02:03:48.189653+00
60287,10.48,2026-02-28 02:04:33.495711+00
60288,9.1,2026-02-28 02:05:07.654754+00
60289,10.08,2026-02-28 02:06:09.109822+00
60290,9.85,2026-02-28 02:08:29.955706+00
60291,10.32,2026-02-28 02:09:37.600106+00
60292,10.74,2026-02-28 02:10:02.547631+00
60293,9.33,2026-02-28 02:11:45.860958+00
60294,10.45,2026-02-28 02:12:13.649098+00
60295,10.51,2026-02-28 02:13:17.30614+00
60296,10.87,2026-02-28 02:14:33.360119+00
60297,9.33,2026-02-28 02:15:13.149494+00
60298,10.74,2026-02-28 02:16:21.223633+00
60299,10.78,2026-02-28 02:17:39.522275+00
60300,10.37,2026-02-28 02:18:48.825013+00
60301,10.48,2026-02-28 02:19:31.974277+00
60302,10.12,2026-02-28 02:20:31.82706+00
60303,9.9,2026-02-28 02:21:49.046647+00
60304,8.97,2026-02-28 02:23:09.016859+00
60305,9.06,2026-02-28 02:24:43.805648+00
60306,10.2,2026-02-28 02:25:13.388518+00
60307,10.34,2026-02-28 02:26:40.594612+00
60308,9.16,2026-02-28 02:27:38.296372+00
60309,9.99,2026-02-28 02:28:03.57313+00
60310,10.15,2026-02-28 02:29:31.549297+00
60311,10.53,2026-02-28 02:30:06.360652+00
60312,10.21,2026-02-28 02:31:36.490858+00
60313,9.93,2026-02-28 02:32:47.898432+00
60314,10.79,2026-02-28 02:33:46.701917+00
60315,9.44,2026-02-28 02:34:41.622567+00
60316,10.32,2026-02-28 02:35:23.931536+00
60317,8.94,2026-02-28 02:36:21.197125+00
60318,10.05,2026-02-28 02:37:34.49258+00
60319,9.57,2026-02-28 02:39:31.566311+00
60320,9.76,2026-02-28 02:40:34.28456+00
60321,8.92,2026-02-28 02:41:26.344436+00
60322,9.89,2026-02-28 02:42:23.009811+00
60323,9.85,2026-02-28 02:43:41.469038+00
60324,8.95,2026-02-28 02:44:29.522083+00
60325,9.52,2026-02-28 02:45:02.519693+00
60326,9.09,2026-02-28 02:46:06.563203+00
60327,9.61,2026-02-28 02:47:48.941481+00
60328,9.53,2026-02-28 02:48:34.073134+00
60329,10.17,2026-02-28 02:49:20.358511+00
60330,9.96,2026-02-28 02:50:39.907777+00
60331,9.15,2026-02-28 02:51:14.608901+00
60332,9.7,2026-02-28 02:52:37.083235+00
60333,10.17,2026-02-28 02:54:42.381774+00
60334,9.41,2026-02-28 02:55:43.371686+00
60335,10.49,2026-02-28 02:56:05.384353+00
60336,9.08,2026-02-28 02:57:04.291477+00
60337,8.98,2026-02-28 02:58:34.390678+00
60338,10.02,2026-02-28 02:59:44.739667+00
60339,10.38,2026-02-28 03:00:20.613157+00
60340,9.66,2026-02-28 03:01:22.424896+00
60341,8.83,2026-02-28 03:02:28.823878+00
60342,9.55,2026-02-28 03:03:45.543485+00
60343,10.07,2026-02-28 03:04:24.065966+00
60344,9.13,2026-02-28 03:05:40.235328+00
60345,8.85,2026-02-28 03:06:01.213508+00
60346,10.07,2026-02-28 03:07:32.710112+00
60347,9.1,2026-02-28 03:09:16.587403+00
60348,9.89,2026-02-28 03:10:01.312625+00
60349,9.31,2026-02-28 03:11:18.997428+00
60350,9.06,2026-02-28 03:12:00.467115+00
60351,9.69,2026-02-28 03:13:38.460014+00
60352,9.44,2026-02-28 03:14:44.330212+00
60353,9.1,2026-02-28 03:15:33.803063+00
60354,9.97,2026-02-28 03:16:08.834976+00
60355,10.11,2026-02-28 03:17:48.505615+00
60356,9.38,2026-02-28 03:18:39.117822+00
60357,8.96,2026-02-28 03:19:24.453595+00
60358,9.95,2026-02-28 03:20:29.007207+00
60359,9.17,2026-02-28 03:21:32.958567+00
60360,9.3,2026-02-28 03:22:30.384273+00
60361,10.37,2026-02-28 03:24:26.367215+00
60362,9.41,2026-02-28 03:25:36.370983+00
60363,9.06,2026-02-28 03:26:24.15278+00
60364,8.89,2026-02-28 03:27:00.794296+00
60365,9.07,2026-02-28 03:28:36.801856+00
60366,9.67,2026-02-28 03:29:41.952547+00
60367,9.85,2026-02-28 03:30:46.620927+00
60368,9.47,2026-02-28 03:31:29.994824+00
60369,10.57,2026-02-28 03:32:20.029179+00
60370,9.75,2026-02-28 03:33:38.002456+00
60371,10.53,2026-02-28 03:34:40.896204+00
60372,9.91,2026-02-28 03:35:20.718946+00
60373,9.34,2026-02-28 03:37:37.597207+00
60374,8.9,2026-02-28 03:38:12.343164+00
60375,9.34,2026-02-28 03:39:21.156746+00
60376,9.66,2026-02-28 03:40:04.177375+00
60377,8.67,2026-02-28 03:41:32.758049+00
60378,9.8,2026-02-28 03:42:26.76626+00
60379,9.37,2026-02-28 03:43:36.792634+00
60380,10.24,2026-02-28 03:44:17.930897+00
60381,8.64,2026-02-28 03:45:27.507941+00
60382,9.44,2026-02-28 03:46:15.043132+00
60383,9.29,2026-02-28 03:47:47.720068+00
60384,10.25,2026-02-28 03:48:13.936523+00
60385,8.76,2026-02-28 03:49:29.398322+00
60386,10.32,2026-02-28 03:50:02.832414+00
60387,9.4,2026-02-28 03:52:42.37982+00
60388,8.99,2026-02-28 03:53:40.516657+00
60389,9.61,2026-02-28 03:54:08.443939+00
60390,10.44,2026-02-28 03:55:23.385331+00
60391,10.35,2026-02-28 03:56:48.323402+00
60392,10.12,2026-02-28 03:57:40.651215+00
60393,8.84,2026-02-28 03:58:14.708496+00
60394,8.64,2026-02-28 03:59:32.589079+00
60395,9.63,2026-02-28 04:00:17.671655+00
60396,8.55,2026-02-28 04:01:28.575199+00
60397,10.45,2026-02-28 04:02:48.725491+00
60398,9.21,2026-02-28 04:03:43.910781+00
60399,10.23,2026-02-28 04:04:43.177814+00
60400,10.26,2026-02-28 04:05:28.17541+00
60401,9.21,2026-02-28 04:06:02.840592+00
60402,9.7,2026-02-28 04:08:21.660801+00
60403,10.03,2026-02-28 04:09:25.529494+00
60404,9.78,2026-02-28 04:10:11.964277+00
60405,10.47,2026-02-28 04:11:30.569857+00
60406,9.51,2026-02-28 04:12:02.455001+00
60407,9.75,2026-02-28 04:13:09.258175+00
60408,9.33,2026-02-28 04:14:19.388273+00
60409,9.1,2026-02-28 04:15:00.226122+00
60410,9.9,2026-02-28 04:16:06.624093+00
60411,8.84,2026-02-28 04:17:12.612422+00
60412,9.09,2026-02-28 04:18:13.20006+00
60413,8.8,2026-02-28 04:19:39.33763+00
60414,9.77,2026-02-28 04:20:21.328923+00
60415,9.78,2026-02-28 04:21:14.914025+00
60416,8.69,2026-02-28 04:23:39.17057+00
60417,8.77,2026-02-28 04:24:19.485542+00
60418,9.87,2026-02-28 04:25:03.874409+00
60419,10.47,2026-02-28 04:26:27.289881+00
60420,9.92,2026-02-28 04:27:30.396075+00
60421,9.75,2026-02-28 04:28:49.85384+00
60422,9.47,2026-02-28 04:29:37.241562+00
60423,9.12,2026-02-28 04:30:20.339925+00
60424,9.71,2026-02-28 04:32:18.985464+00
60425,8.73,2026-02-28 04:33:40.630194+00
60426,8.99,2026-02-28 04:35:38.212805+00
60427,10.24,2026-02-28 04:36:42.527589+00
60428,8.9,2026-02-28 04:37:28.016955+00
60429,10.3,2026-02-28 04:38:07.739271+00
60430,10.44,2026-02-28 04:39:28.066381+00
60431,10.11,2026-02-28 04:40:04.271417+00
60432,10.27,2026-02-28 04:41:30.013065+00
60433,9.44,2026-02-28 04:42:09.302676+00
60434,9.12,2026-02-28 04:43:26.335546+00
60435,9.66,2026-02-28 04:44:43.910375+00
60436,9.62,2026-02-28 04:45:45.050701+00
60437,8.33,2026-02-28 04:46:38.052048+00
60438,9.55,2026-02-28 04:47:26.918945+00
60439,10.19,2026-02-28 04:48:02.020272+00
60440,9.56,2026-02-28 04:50:00.090223+00
60441,9.32,2026-02-28 04:51:15.837148+00
60442,9.24,2026-02-28 04:52:01.105959+00
60443,9.53,2026-02-28 04:53:32.98214+00
60444,9.32,2026-02-28 04:54:39.179705+00
60445,8.59,2026-02-28 04:55:15.870697+00
60446,9.4,2026-02-28 04:56:34.390527+00
60447,9.37,2026-02-28 04:57:05.797606+00
60448,10.05,2026-02-28 04:58:43.949455+00
60449,9.44,2026-02-28 04:59:00.38483+00
60450,9.24,2026-02-28 05:00:11.547883+00
60451,9.67,2026-02-28 05:01:30.713327+00
60452,9.19,2026-02-28 05:02:10.83347+00
60453,9.29,2026-02-28 05:04:22.980646+00
60454,9.46,2026-02-28 05:05:24.523311+00
60455,8.98,2026-02-28 05:06:00.741512+00
60456,9.46,2026-02-28 05:07:10.242535+00
60457,8.37,2026-02-28 05:08:04.159122+00
60458,8.62,2026-02-28 05:09:44.77222+00
60459,8.71,2026-02-28 05:10:45.512116+00
60460,9.76,2026-02-28 05:11:19.013306+00
60461,9.1,2026-02-28 05:12:34.360706+00
60462,9.03,2026-02-28 05:13:45.285167+00
60463,9.07,2026-02-28 05:14:21.885325+00
60464,8.67,2026-02-28 05:15:07.745924+00
60465,9.4,2026-02-28 05:16:03.563673+00
60466,9.3,2026-02-28 05:17:44.293124+00
60467,9.99,2026-02-28 05:19:42.001414+00
60468,8.29,2026-02-28 05:20:15.686183+00
60469,8.49,2026-02-28 05:21:26.940482+00
60470,9.72,2026-02-28 05:22:01.994746+00
60471,10.17,2026-02-28 05:23:20.134339+00
60472,8.56,2026-02-28 05:24:46.613967+00
60473,8.39,2026-02-28 05:25:06.759781+00
60474,9.37,2026-02-28 05:26:34.698101+00
60475,8.42,2026-02-28 05:27:11.770629+00
60476,8.86,2026-02-28 05:28:40.9888+00
60477,8.92,2026-02-28 05:29:00.642155+00
60478,8.33,2026-02-28 05:30:37.492704+00
60479,8.87,2026-02-28 05:31:01.172293+00
60480,8.78,2026-02-28 05:33:41.537646+00
60481,9,2026-02-28 05:34:37.492779+00
60482,8.22,2026-02-28 05:35:08.907846+00
60483,9.17,2026-02-28 05:36:18.436632+00
60484,8.7,2026-02-28 05:37:02.10899+00
60485,7.9,2026-02-28 05:38:33.457128+00
60486,8.49,2026-02-28 05:39:19.23446+00
60487,7.96,2026-02-28 05:40:14.579944+00
60488,8.8,2026-02-28 05:41:22.01492+00
60489,9.14,2026-02-28 05:42:24.505577+00
60490,9.15,2026-02-28 05:43:25.320857+00
60491,9.84,2026-02-28 05:44:13.428252+00
60492,9.2,2026-02-28 05:45:27.776222+00
60493,9.21,2026-02-28 05:46:17.006891+00
60494,8.35,2026-02-28 05:48:02.330183+00
60495,8.04,2026-02-28 05:49:43.743603+00
60496,8.4,2026-02-28 05:50:15.830555+00
60497,7.96,2026-02-28 05:51:36.187978+00
60498,7.74,2026-02-28 05:52:27.194357+00
60499,8.71,2026-02-28 05:53:37.738114+00
60500,9.12,2026-02-28 05:54:33.07331+00
60501,8.97,2026-02-28 05:55:33.413313+00
60502,8.62,2026-02-28 05:56:19.290588+00
60503,8.04,2026-02-28 05:57:03.914051+00
60504,7.83,2026-02-28 05:58:37.711591+00
60505,8.58,2026-02-28 05:59:02.245123+00
60506,8.55,2026-02-28 06:00:23.698491+00
60507,7.62,2026-02-28 06:01:22.838018+00
60508,7.64,2026-02-28 06:02:31.886579+00
60509,8.37,2026-02-28 06:04:49.939088+00
60510,9.5,2026-02-28 06:05:06.258054+00
60511,8.87,2026-02-28 06:06:07.412412+00
60512,9.28,2026-02-28 06:07:33.349113+00
60513,8.23,2026-02-28 06:08:02.086109+00
60514,9.45,2026-02-28 06:09:24.084937+00
60515,9.49,2026-02-28 06:10:13.670153+00
60516,8.01,2026-02-28 06:11:25.273512+00
60517,8.65,2026-02-28 06:12:40.963446+00
60518,8.7,2026-02-28 06:13:05.301942+00
60519,8.26,2026-02-28 06:14:04.791156+00
60520,7.5,2026-02-28 06:15:36.004852+00
60521,7.43,2026-02-28 06:16:01.007677+00
60522,7.44,2026-02-28 06:18:07.025074+00
60523,8.51,2026-02-28 06:19:49.831766+00
60524,7.81,2026-02-28 06:20:07.526828+00
60525,9.39,2026-02-28 06:21:07.611243+00
60526,8.99,2026-02-28 06:22:33.137515+00
60527,9.39,2026-02-28 06:23:41.379911+00
60528,8.21,2026-02-28 06:24:14.427606+00
60529,8,2026-02-28 06:25:03.958349+00
60530,9.16,2026-02-28 06:26:25.249283+00
60531,8.51,2026-02-28 06:27:31.136834+00
60532,9.21,2026-02-28 06:28:01.835674+00
60533,7.58,2026-02-28 06:29:48.354907+00
60534,8.89,2026-02-28 06:30:31.021385+00
60535,8.79,2026-02-28 06:31:31.820636+00
60536,7.63,2026-02-28 06:32:45.119075+00
60537,7.38,2026-02-28 06:34:19.505912+00
60538,8.8,2026-02-28 06:35:30.008637+00
60539,7.53,2026-02-28 06:36:18.027381+00
60540,9.01,2026-02-28 06:37:08.903943+00
60541,8.22,2026-02-28 06:38:37.180615+00
60542,7.83,2026-02-28 06:39:46.632594+00
60543,7.84,2026-02-28 06:40:20.549036+00
60544,8.27,2026-02-28 06:41:33.209982+00
60545,7.49,2026-02-28 06:42:34.242993+00
60546,8.28,2026-02-28 06:43:00.660355+00
60547,7.97,2026-02-28 06:44:34.25708+00
60548,8.85,2026-02-28 06:45:46.923183+00
60549,8.63,2026-02-28 06:46:14.702874+00
60550,7.82,2026-02-28 06:47:15.248216+00
60551,7.62,2026-02-28 06:49:12.485356+00
60552,8.6,2026-02-28 06:50:13.778439+00
60553,8.28,2026-02-28 06:51:49.118181+00
60554,8.1,2026-02-28 06:52:22.900522+00
60555,7.13,2026-02-28 06:53:46.600642+00
60556,7.31,2026-02-28 06:54:18.374416+00
60557,7.15,2026-02-28 06:55:06.03762+00
60558,8.03,2026-02-28 06:56:21.884379+00
60559,8,2026-02-28 06:57:18.948881+00
60560,8.68,2026-02-28 06:58:44.881583+00
60561,7.69,2026-02-28 06:59:24.334825+00
60562,7,2026-02-28 07:00:28.702939+00
60563,7.14,2026-02-28 07:01:37.068655+00
60564,7.74,2026-02-28 07:02:49.270799+00
60565,7.14,2026-02-28 07:03:08.155822+00
60566,8.38,2026-02-28 07:05:09.206287+00
60567,7.34,2026-02-28 07:06:01.970029+00
60568,8.24,2026-02-28 07:07:43.994614+00
60569,8.49,2026-02-28 07:08:47.402574+00
60570,7.59,2026-02-28 07:09:30.843484+00
60571,8,2026-02-28 07:10:41.54179+00
60572,8.51,2026-02-28 07:11:08.300601+00
60573,8.46,2026-02-28 07:12:42.851142+00
60574,7.05,2026-02-28 07:13:36.576299+00
60575,8.54,2026-02-28 07:14:37.079453+00
60576,8.28,2026-02-28 07:15:22.44104+00
60577,8.7,2026-02-28 07:16:21.721892+00
60578,7,2026-02-28 07:17:13.91125+00
60579,8,2026-02-28 07:18:48.552635+00
60580,8.36,2026-02-28 07:19:24.676821+00
60581,8.11,2026-02-28 07:21:43.758193+00
60582,7.7,2026-02-28 07:22:15.815259+00
60583,7.72,2026-02-28 07:23:18.432566+00
60584,8.4,2026-02-28 07:24:22.181321+00
60585,7.87,2026-02-28 07:25:05.123562+00
60586,6.72,2026-02-28 07:26:47.964999+00
60587,8.14,2026-02-28 07:27:41.214419+00
60588,7.49,2026-02-28 07:28:07.720225+00
60589,7.28,2026-02-28 07:29:09.978702+00
60590,7.28,2026-02-28 07:30:31.271623+00
60591,7.28,2026-02-28 07:31:23.406204+00
60592,7.4,2026-02-28 07:32:25.386656+00
60593,7.99,2026-02-28 07:33:07.497175+00
60594,7.01,2026-02-28 07:35:32.359482+00
60595,6.71,2026-02-28 07:36:06.949058+00
60596,7.04,2026-02-28 07:37:30.401358+00
60597,7.77,2026-02-28 07:38:14.192819+00
60598,7.46,2026-02-28 07:39:32.768957+00
60599,7.36,2026-02-28 07:40:18.984574+00
60600,7.86,2026-02-28 07:41:00.417808+00
60601,7.29,2026-02-28 07:42:39.507024+00
60602,7.8,2026-02-28 07:43:43.522242+00
60603,6.74,2026-02-28 07:44:19.473157+00
60604,6.36,2026-02-28 07:45:08.002422+00
60605,6.64,2026-02-28 07:46:41.961301+00
60606,8.05,2026-02-28 07:47:03.566404+00
60607,6.79,2026-02-28 07:48:41.195918+00
60608,7.25,2026-02-28 07:50:31.646389+00
60609,6,2026-02-28 07:51:49.615141+00
60610,6.03,2026-02-28 07:52:31.191118+00
60611,7.2,2026-02-28 07:53:18.950078+00
60612,7.35,2026-02-28 07:54:46.892177+00
60613,7.51,2026-02-28 07:55:04.135751+00
60614,7.37,2026-02-28 07:56:08.043273+00
60615,6.09,2026-02-28 07:57:16.890865+00
60616,6.76,2026-02-28 07:58:16.072131+00
60617,6.65,2026-02-28 07:59:05.878746+00
60618,6.46,2026-02-28 08:00:00.762689+00
60619,6.35,2026-02-28 08:01:12.059175+00
60620,7.36,2026-02-28 08:02:29.741953+00
60621,6.9,2026-02-28 08:04:11.471235+00
60622,7.38,2026-02-28 08:05:28.207396+00
60623,7.73,2026-02-28 08:06:17.291392+00
60624,6.65,2026-02-28 08:07:32.414137+00
60625,6.82,2026-02-28 08:08:39.354496+00
60626,6.04,2026-02-28 08:09:03.813623+00
60627,6.48,2026-02-28 08:10:10.414733+00
60628,6.06,2026-02-28 08:11:17.360194+00
60629,5.95,2026-02-28 08:12:36.618633+00
60630,6.52,2026-02-28 08:13:31.198713+00
60631,6.74,2026-02-28 08:14:35.590438+00
60632,6.66,2026-02-28 08:15:01.887221+00
60633,6.66,2026-02-28 08:16:05.943026+00
60634,7.33,2026-02-28 08:17:40.495454+00
60635,6.29,2026-02-28 08:18:29.306816+00
60636,6.2,2026-02-28 08:21:11.678421+00
60637,7.82,2026-02-28 08:22:21.311116+00
60638,6.53,2026-02-28 08:23:20.818989+00
60639,5.9,2026-02-28 08:24:17.0001+00
60640,6.05,2026-02-28 08:25:11.614403+00
60641,7.36,2026-02-28 08:26:22.621142+00
60642,7.5,2026-02-28 08:27:37.024286+00
60643,6.76,2026-02-28 08:28:38.429046+00
60644,7.22,2026-02-28 08:29:32.696485+00
60645,6.79,2026-02-28 08:30:36.943376+00
60646,6.37,2026-02-28 08:31:15.846349+00
60647,7.21,2026-02-28 08:32:21.011655+00
60648,7.11,2026-02-28 08:34:39.091072+00
60649,7.45,2026-02-28 08:35:20.096671+00
60650,7.09,2026-02-28 08:36:07.535011+00
60651,6.37,2026-02-28 08:37:40.270319+00
60652,6.38,2026-02-28 08:38:35.364252+00
60653,6.64,2026-02-28 08:39:14.617268+00
60654,7.2,2026-02-28 08:40:04.66853+00
60655,7.21,2026-02-28 08:41:46.324373+00
60656,6.03,2026-02-28 08:42:20.902553+00
60657,7.3,2026-02-28 08:43:45.136857+00
60658,6.92,2026-02-28 08:44:21.664632+00
60659,6.16,2026-02-28 08:45:20.982711+00
60660,7.06,2026-02-28 08:46:48.208692+00
60661,7.78,2026-02-28 08:47:20.368051+00
60662,6.63,2026-02-28 08:49:49.013466+00
60663,5.83,2026-02-28 08:50:31.852756+00
60664,6.19,2026-02-28 08:51:26.65962+00
60665,6.9,2026-02-28 08:52:25.779259+00
60666,6.62,2026-02-28 08:53:36.501908+00
60667,7.22,2026-02-28 08:54:46.912023+00
60668,6.54,2026-02-28 08:55:45.423762+00
60669,7.07,2026-02-28 08:56:25.901632+00
60670,7.17,2026-02-28 08:57:03.67373+00
60671,7.49,2026-02-28 08:58:36.226463+00
60672,6.18,2026-02-28 08:59:12.318114+00
60673,7.86,2026-02-28 09:00:31.958935+00
60674,7.12,2026-02-28 09:01:40.605662+00
60675,7.37,2026-02-28 09:02:36.412786+00
60676,7.3,2026-02-28 09:03:29.848566+00
60677,6.05,2026-02-28 09:05:49.215292+00
60678,7.36,2026-02-28 09:06:17.040444+00
60679,7.69,2026-02-28 09:07:19.2044+00
60680,7.4,2026-02-28 09:08:27.416355+00
60681,6.37,2026-02-28 09:09:49.199004+00
60682,7.83,2026-02-28 09:10:06.051509+00
60683,7.88,2026-02-28 09:11:42.591116+00
60684,6.57,2026-02-28 09:12:09.045684+00
60685,7.34,2026-02-28 09:13:40.582911+00
60686,7.69,2026-02-28 09:14:09.258362+00
60687,6.73,2026-02-28 09:15:31.364991+00
60688,7.62,2026-02-28 09:16:09.466822+00
60689,6.39,2026-02-28 09:18:10.902967+00
60690,8.05,2026-02-28 09:19:43.440701+00
60691,7.72,2026-02-28 09:20:08.512182+00
60692,6.31,2026-02-28 09:21:04.935319+00
60693,7.21,2026-02-28 09:22:45.12631+00
60694,7.46,2026-02-28 09:23:20.294305+00
60695,8.03,2026-02-28 09:24:26.554082+00
60696,7.61,2026-02-28 09:25:31.457935+00
60697,7.58,2026-02-28 09:26:46.78386+00
60698,7.25,2026-02-28 09:27:17.049272+00
60699,7.72,2026-02-28 09:28:03.844279+00
60700,6.25,2026-02-28 09:29:49.633951+00
60701,7.28,2026-02-28 09:30:49.808305+00
60702,6.69,2026-02-28 09:32:42.925004+00
60703,6.46,2026-02-28 09:33:31.816008+00
60704,7.89,2026-02-28 09:34:43.204071+00
60705,7.41,2026-02-28 09:35:20.154642+00
60706,8.12,2026-02-28 09:36:16.882946+00
60707,6.42,2026-02-28 09:37:40.071564+00
60708,8.03,2026-02-28 09:38:22.898307+00
60709,6.44,2026-02-28 09:39:10.401322+00
60710,7.95,2026-02-28 09:40:03.507133+00
60711,6.8,2026-02-28 09:41:35.294759+00
60712,6.36,2026-02-28 09:42:45.343839+00
60713,7.57,2026-02-28 09:43:34.428161+00
60714,6.27,2026-02-28 09:44:13.715411+00
60715,7.87,2026-02-28 09:45:27.073552+00
60716,6.3,2026-02-28 09:46:38.124127+00
60717,6.24,2026-02-28 09:48:31.547831+00
60718,8.14,2026-02-28 09:49:46.151555+00
60719,6.9,2026-02-28 09:50:41.080661+00
60720,7.56,2026-02-28 09:51:24.521389+00
60721,6.89,2026-02-28 09:52:46.46778+00
60722,6.76,2026-02-28 09:53:21.233199+00
60723,6.27,2026-02-28 09:54:22.91364+00
60724,6.6,2026-02-28 09:55:24.219337+00
60725,7.34,2026-02-28 09:56:48.154566+00
60726,7.75,2026-02-28 09:57:33.114899+00
60727,6.93,2026-02-28 09:58:21.507894+00
60728,6.26,2026-02-28 09:59:47.041977+00
60729,8.17,2026-02-28 10:00:45.410837+00
60730,6.95,2026-02-28 10:01:13.281736+00
60731,7.06,2026-02-28 10:02:41.335864+00
60732,6.8,2026-02-28 10:04:33.336729+00
60733,6.7,2026-02-28 10:05:34.607331+00
60734,8.25,2026-02-28 10:06:08.42781+00
60735,7.66,2026-02-28 10:07:18.387773+00
60736,7.11,2026-02-28 10:08:34.69893+00
60737,7.17,2026-02-28 10:09:42.106598+00
60738,6.99,2026-02-28 10:10:27.349918+00
60739,6.36,2026-02-28 10:11:44.299487+00
60740,7.96,2026-02-28 10:12:04.043003+00
60741,7.15,2026-02-28 10:13:15.722501+00
60742,6.62,2026-02-28 10:14:35.355604+00
60743,7.53,2026-02-28 10:15:34.000413+00
60744,8.29,2026-02-28 10:16:36.659022+00
60745,7.12,2026-02-28 10:18:34.511173+00
60746,7.73,2026-02-28 10:19:47.729692+00
60747,7.33,2026-02-28 10:20:39.903156+00
60748,8.19,2026-02-28 10:21:47.082139+00
60749,7.26,2026-02-28 10:22:06.652929+00
60750,6.85,2026-02-28 10:23:38.697152+00
60751,7.73,2026-02-28 10:24:38.543902+00
60752,6.92,2026-02-28 10:25:12.731576+00
60753,8.01,2026-02-28 10:26:40.396972+00
60754,6.54,2026-02-28 10:27:15.038499+00
60755,6.84,2026-02-28 10:28:19.962293+00
60756,7.22,2026-02-28 10:29:04.864121+00
60757,6.93,2026-02-28 10:30:32.748516+00
60758,7.53,2026-02-28 10:31:26.489904+00
60759,6.93,2026-02-28 10:33:01.189167+00
60760,7.65,2026-02-28 10:34:39.508253+00
60761,8.02,2026-02-28 10:35:40.243304+00
60762,7.46,2026-02-28 10:36:31.571288+00
60763,7.63,2026-02-28 10:37:45.02464+00
60764,7.15,2026-02-28 10:38:18.302277+00
60765,8.06,2026-02-28 10:39:42.284423+00
60766,7.82,2026-02-28 10:40:44.786335+00
60767,8.53,2026-02-28 10:41:22.073749+00
60768,6.85,2026-02-28 10:42:00.531568+00
60769,7.01,2026-02-28 10:43:41.808261+00
60770,7.48,2026-02-28 10:44:21.579126+00
60771,8.04,2026-02-28 10:45:00.808043+00
60772,7.77,2026-02-28 10:46:15.898056+00
60773,8.6,2026-02-28 10:48:06.094853+00
60774,8.71,2026-02-28 10:49:15.61606+00
60775,8.53,2026-02-28 10:50:25.883398+00
60776,7.99,2026-02-28 10:51:10.01642+00
60777,8.78,2026-02-28 10:52:07.247315+00
60778,9.31,2026-02-28 10:53:21.59213+00
60779,8.49,2026-02-28 10:54:28.761404+00
60780,8.3,2026-02-28 10:55:16.133606+00
60781,8.03,2026-02-28 10:56:23.175706+00
60782,8.48,2026-02-28 10:57:47.993334+00
60783,9.03,2026-02-28 10:58:45.231602+00
60784,8.85,2026-02-28 10:59:14.971947+00
60785,9.57,2026-02-28 11:01:42.916208+00
60786,9.27,2026-02-28 11:02:35.720768+00
60787,8.01,2026-02-28 11:03:25.273049+00
60788,9.45,2026-02-28 11:04:23.719867+00
60789,8.11,2026-02-28 11:05:33.155848+00
60790,8.47,2026-02-28 11:06:03.519339+00
60791,8.41,2026-02-28 11:07:03.732415+00
60792,8.44,2026-02-28 11:08:32.615153+00
60793,9.57,2026-02-28 11:09:09.613171+00
60794,9.61,2026-02-28 11:10:31.423324+00
60795,7.92,2026-02-28 11:11:43.661755+00
60796,9.45,2026-02-28 11:13:45.244033+00
60797,8.97,2026-02-28 11:14:42.211039+00
60798,8.66,2026-02-28 11:15:25.25835+00
60799,9.2,2026-02-28 11:16:40.595983+00
60800,7.95,2026-02-28 11:17:20.911253+00
60801,8.06,2026-02-28 11:18:48.914442+00
60802,8.37,2026-02-28 11:19:27.719984+00
60803,8.88,2026-02-28 11:20:32.092035+00
60804,9.18,2026-02-28 11:21:08.596127+00
60805,9.37,2026-02-28 11:22:20.736997+00
60806,9.21,2026-02-28 11:23:15.657568+00
60807,8.95,2026-02-28 11:24:46.123198+00
60808,9.08,2026-02-28 11:25:13.453722+00
60809,8.55,2026-02-28 11:26:01.967357+00
60810,9.16,2026-02-28 11:28:33.142958+00
60811,8.58,2026-02-28 11:29:10.709651+00
60812,8.46,2026-02-28 11:30:37.711731+00
60813,8.15,2026-02-28 11:31:16.766473+00
60814,9.9,2026-02-28 11:32:47.977737+00
60815,8.17,2026-02-28 11:33:29.068361+00
60816,9.2,2026-02-28 11:34:48.96684+00
60817,8.5,2026-02-28 11:35:38.815869+00
60818,8.25,2026-02-28 11:36:16.679369+00
60819,9.45,2026-02-28 11:37:15.528531+00
60820,9.43,2026-02-28 11:38:48.548613+00
60821,7.94,2026-02-28 11:39:12.119661+00
60822,8.54,2026-02-28 11:40:49.323862+00
60823,8.79,2026-02-28 11:41:43.199582+00
60824,8.4,2026-02-28 11:42:27.823104+00
60825,8.77,2026-02-28 11:44:13.607897+00
60826,9.36,2026-02-28 11:45:47.740901+00
60827,8.17,2026-02-28 11:46:24.680549+00
60828,9.78,2026-02-28 11:47:46.634715+00
60829,8.6,2026-02-28 11:48:26.31694+00
60830,8.56,2026-02-28 11:49:43.039725+00
60831,8.55,2026-02-28 11:50:05.052989+00
60832,8.4,2026-02-28 11:51:24.531897+00
60833,9.53,2026-02-28 11:52:09.463553+00
60834,8.93,2026-02-28 11:53:11.7643+00
60835,8.82,2026-02-28 11:54:10.609559+00
60836,8.61,2026-02-28 11:55:17.676667+00
60837,8.2,2026-02-28 11:56:15.09986+00
60838,9.86,2026-02-28 11:57:32.277354+00
60839,9.29,2026-02-28 11:59:41.332056+00
60840,9.89,2026-02-28 12:01:46.952826+00
60841,9.25,2026-02-28 12:02:05.960621+00
60842,9.2,2026-02-28 12:03:01.570318+00
60843,9.12,2026-02-28 12:04:02.47861+00
60844,9.74,2026-02-28 12:05:21.45197+00
60845,8.5,2026-02-28 12:06:18.993256+00
60846,9.3,2026-02-28 12:07:45.394091+00
60847,8.85,2026-02-28 12:08:26.477946+00
60848,9.02,2026-02-28 12:09:31.219916+00
60849,8.6,2026-02-28 12:10:41.52672+00
60850,8.88,2026-02-28 12:11:11.703468+00
60851,9.89,2026-02-28 12:12:18.675236+00
60852,9.35,2026-02-28 12:14:27.910883+00
60853,8.54,2026-02-28 12:15:06.769598+00
60854,9.87,2026-02-28 12:16:26.615397+00
60855,8.86,2026-02-28 12:17:19.917641+00
60856,9.16,2026-02-28 12:18:00.763639+00
60857,9.83,2026-02-28 12:19:45.161445+00
60858,8.34,2026-02-28 12:20:11.921841+00
60859,9.15,2026-02-28 12:21:14.885335+00
60860,8.64,2026-02-28 12:22:35.6429+00
60861,10.28,2026-02-28 12:23:07.855471+00
60862,8.93,2026-02-28 12:24:32.259817+00
60863,9.26,2026-02-28 12:25:20.162678+00
60864,8.81,2026-02-28 12:26:18.363867+00
60865,9.23,2026-02-28 12:27:18.482412+00
60866,9.59,2026-02-28 12:29:42.249518+00
60867,9.04,2026-02-28 12:30:29.694415+00
60868,9.81,2026-02-28 12:31:46.538536+00
60869,9.04,2026-02-28 12:32:41.670161+00
60870,9.64,2026-02-28 12:33:02.614865+00
60871,9.09,2026-02-28 12:34:21.424069+00
60872,8.82,2026-02-28 12:35:12.982633+00
60873,9.41,2026-02-28 12:36:28.612476+00
60874,8.32,2026-02-28 12:37:43.840515+00
60875,9.92,2026-02-28 12:38:46.133369+00
60876,9.22,2026-02-28 12:39:18.736113+00
60877,8.29,2026-02-28 12:40:42.881834+00
60878,9.25,2026-02-28 12:42:40.072251+00
60879,8.52,2026-02-28 12:43:12.370421+00
60880,8.13,2026-02-28 12:44:06.119232+00
60881,9.85,2026-02-28 12:45:02.284828+00
60882,9.22,2026-02-28 12:46:23.325569+00
60883,10.12,2026-02-28 12:47:34.478604+00
60884,8.34,2026-02-28 12:48:40.296312+00
60885,8.84,2026-02-28 12:49:14.81979+00
60886,8.77,2026-02-28 12:50:03.712439+00
60887,9.32,2026-02-28 12:51:33.056851+00
60888,8.53,2026-02-28 12:52:05.394189+00
60889,10.11,2026-02-28 12:53:20.672899+00
60890,9.72,2026-02-28 12:54:31.918224+00
60891,8.27,2026-02-28 12:55:39.452521+00
60892,9.98,2026-02-28 12:57:01.259311+00
60893,8.55,2026-02-28 12:58:17.129829+00
60894,8.6,2026-02-28 12:59:13.793315+00
60895,8.8,2026-02-28 13:00:35.675646+00
60896,8.48,2026-02-28 13:01:23.100524+00
60897,9.12,2026-02-28 13:02:24.903829+00
60898,8.55,2026-02-28 13:03:41.398037+00
60899,10.14,2026-02-28 13:04:48.962158+00
60900,9.76,2026-02-28 13:05:18.113103+00
60901,9.76,2026-02-28 13:06:04.739682+00
60902,9.95,2026-02-28 13:07:41.981661+00
60903,9.92,2026-02-28 13:08:38.571042+00
60904,8.51,2026-02-28 13:09:15.014335+00
60905,10.12,2026-02-28 13:10:32.49151+00
60906,8.47,2026-02-28 13:12:30.595414+00
60907,9.76,2026-02-28 13:13:16.215248+00
60908,8.23,2026-02-28 13:14:01.96496+00
60909,9.58,2026-02-28 13:15:21.079065+00
60910,8.58,2026-02-28 13:16:28.889432+00
60911,9.49,2026-02-28 13:17:28.703117+00
60912,9.52,2026-02-28 13:18:05.97683+00
60913,9.1,2026-02-28 13:19:35.775707+00
60914,9.21,2026-02-28 13:20:03.312937+00
60915,10.09,2026-02-28 13:21:26.328992+00
60916,9.23,2026-02-28 13:22:04.418365+00
60917,9.21,2026-02-28 13:23:42.679564+00
60918,8.74,2026-02-28 13:25:14.231072+00
60919,9.91,2026-02-28 13:26:11.870464+00
60920,9.04,2026-02-28 13:27:09.347108+00
60921,9.81,2026-02-28 13:28:47.121113+00
60922,9.53,2026-02-28 13:29:23.899247+00
60923,9.8,2026-02-28 13:30:12.694233+00
60924,10.05,2026-02-28 13:31:28.268474+00
60925,9.32,2026-02-28 13:32:15.089308+00
60926,8.86,2026-02-28 13:33:13.182517+00
60927,9.8,2026-02-28 13:34:04.702772+00
60928,9.53,2026-02-28 13:35:21.871607+00
60929,9.88,2026-02-28 13:36:26.435367+00
60930,9.64,2026-02-28 13:37:40.401199+00
60931,9.54,2026-02-28 13:39:47.106564+00
60932,8.86,2026-02-28 13:40:23.234432+00
60933,8.91,2026-02-28 13:41:18.657022+00
60934,9.92,2026-02-28 13:42:11.178917+00
60935,9.43,2026-02-28 13:43:12.39307+00
60936,9.35,2026-02-28 13:44:24.211093+00
60937,9.68,2026-02-28 13:45:11.148425+00
60938,9.89,2026-02-28 13:46:43.593276+00
60939,10.35,2026-02-28 13:47:16.501816+00
60940,9.74,2026-02-28 13:48:21.53059+00
60941,10.41,2026-02-28 13:49:35.146385+00
60942,9.11,2026-02-28 13:50:03.878781+00
60943,10.57,2026-02-28 13:51:20.011538+00
60944,10.75,2026-02-28 13:53:19.580835+00
60945,9.01,2026-02-28 13:54:09.874358+00
60946,9.51,2026-02-28 13:55:17.079257+00
60947,10.59,2026-02-28 13:56:38.409545+00
60948,10.57,2026-02-28 13:57:23.765208+00
60949,9.76,2026-02-28 13:58:33.706867+00
60950,9.66,2026-02-28 13:59:24.368092+00
60951,9.14,2026-02-28 14:00:40.338347+00
60952,9.98,2026-02-28 14:01:30.62365+00
60953,9.15,2026-02-28 14:02:40.056689+00
60954,9.69,2026-02-28 14:03:29.464905+00
60955,10.52,2026-02-28 14:04:01.380562+00
60956,10.53,2026-02-28 14:05:27.937798+00
60957,10.69,2026-02-28 14:06:00.582134+00
60958,10.94,2026-02-28 14:07:30.993028+00
60959,10.18,2026-02-28 14:09:39.398424+00
60960,10.99,2026-02-28 14:10:48.91149+00
60961,11,2026-02-28 14:11:08.235095+00
60962,10.74,2026-02-28 14:12:22.089799+00
60963,9.87,2026-02-28 14:13:08.107136+00
60964,9.69,2026-02-28 14:14:10.108939+00
60965,9.5,2026-02-28 14:15:00.262283+00
60966,9.58,2026-02-28 14:16:20.167705+00
60967,9.3,2026-02-28 14:17:18.497501+00
60968,9.94,2026-02-28 14:18:29.2278+00
60969,9.87,2026-02-28 14:19:06.398362+00
60970,9.97,2026-02-28 14:20:24.21169+00
60971,9.76,2026-02-28 14:21:08.291998+00
60972,10.05,2026-02-28 14:23:26.623924+00
60973,8.94,2026-02-28 14:24:15.296185+00
60974,10.12,2026-02-28 14:25:06.00123+00
60975,9.98,2026-02-28 14:26:49.491479+00
60976,8.64,2026-02-28 14:27:10.866293+00
60977,9.44,2026-02-28 14:28:24.317877+00
60978,8.64,2026-02-28 14:29:32.535477+00
60979,9.28,2026-02-28 14:30:47.222308+00
60980,10.1,2026-02-28 14:31:20.766871+00
60981,9.79,2026-02-28 14:32:47.093162+00
60982,9.75,2026-02-28 14:33:29.78823+00
60983,10.63,2026-02-28 14:34:43.957833+00
60984,9.94,2026-02-28 14:35:08.650505+00
60985,9.23,2026-02-28 14:37:06.924277+00
60986,10.47,2026-02-28 14:38:38.295253+00
60987,9.92,2026-02-28 14:39:18.413644+00
60988,9.46,2026-02-28 14:40:23.489205+00
60989,10.56,2026-02-28 14:41:39.469341+00
60990,10.75,2026-02-28 14:42:28.931054+00
60991,9.55,2026-02-28 14:43:08.699346+00
60992,9.06,2026-02-28 14:44:21.166199+00
60993,11.07,2026-02-28 14:45:10.901894+00
60994,9.86,2026-02-28 14:46:04.066066+00
60995,9.62,2026-02-28 14:47:48.526156+00
60996,10.08,2026-02-28 14:48:02.8454+00
60997,9.66,2026-02-28 14:49:40.798897+00
60998,9.14,2026-02-28 14:50:38.330837+00
60999,9.17,2026-02-28 14:51:29.088189+00
61000,9.64,2026-02-28 14:53:35.26174+00
61001,9.42,2026-02-28 14:54:11.710537+00
61002,10.83,2026-02-28 14:55:25.703112+00
61003,9.94,2026-02-28 14:56:30.913335+00
61004,9.95,2026-02-28 14:57:19.775368+00
61005,9.85,2026-02-28 14:58:33.513105+00
61006,9.29,2026-02-28 14:59:33.032991+00
61007,10.8,2026-02-28 15:00:17.774206+00
61008,10.89,2026-02-28 15:02:14.167684+00
61009,9.95,2026-02-28 15:03:37.72067+00
61010,10.82,2026-02-28 15:05:24.362724+00
61011,10.74,2026-02-28 15:06:47.101774+00
61012,9.29,2026-02-28 15:07:21.733515+00
61013,9.52,2026-02-28 15:08:13.238487+00
61014,9.6,2026-02-28 15:09:36.044959+00
61015,9.76,2026-02-28 15:10:17.40845+00
61016,10.97,2026-02-28 15:11:49.534293+00
61017,10.79,2026-02-28 15:12:41.661223+00
61018,9.78,2026-02-28 15:13:26.737189+00
61019,9.46,2026-02-28 15:14:42.288137+00
61020,9.56,2026-02-28 15:15:07.518034+00
61021,11.01,2026-02-28 15:16:25.677932+00
61022,9.94,2026-02-28 15:17:42.051214+00
61023,10.01,2026-02-28 15:19:34.268199+00
61024,10.37,2026-02-28 15:20:49.842725+00
61025,10.54,2026-02-28 15:21:31.698339+00
61026,9.7,2026-02-28 15:22:28.73971+00
61027,10.98,2026-02-28 15:23:42.243115+00
61028,10.16,2026-02-28 15:24:10.286888+00
61029,10.88,2026-02-28 15:25:18.165519+00
61030,11.11,2026-02-28 15:26:32.605907+00
61031,10.23,2026-02-28 15:27:45.893751+00
61032,9.93,2026-02-28 15:28:23.790252+00
61033,10.69,2026-02-28 15:29:04.072797+00
61034,9.61,2026-02-28 15:30:19.287643+00
61035,10.32,2026-02-28 15:31:07.99563+00
61036,9.85,2026-02-28 15:32:17.521378+00
61037,10.8,2026-02-28 15:33:19.855786+00
61038,10.28,2026-02-28 15:35:17.62352+00
61039,10.24,2026-02-28 15:36:45.767244+00
61040,9.82,2026-02-28 15:37:31.216772+00
61041,10.09,2026-02-28 15:38:17.867181+00
61042,10.85,2026-02-28 15:39:37.632098+00
61043,10.94,2026-02-28 15:40:48.211942+00
61044,10.6,2026-02-28 15:41:27.270816+00
61045,10.57,2026-02-28 15:42:01.517684+00
61046,10.87,2026-02-28 15:43:33.164918+00
61047,10.91,2026-02-28 15:44:29.395586+00
61048,10.66,2026-02-28 15:45:45.89258+00
61049,10.12,2026-02-28 15:46:23.555555+00
61050,11.05,2026-02-28 15:47:05.594648+00
61051,10,2026-02-28 15:48:01.921048+00
61052,10.61,2026-02-28 15:50:44.938169+00
61053,10.56,2026-02-28 15:51:16.94365+00
61054,10.95,2026-02-28 15:52:21.319304+00
61055,10.51,2026-02-28 15:53:13.849257+00
61056,9.59,2026-02-28 15:54:16.403474+00
61057,10.91,2026-02-28 15:55:20.916004+00
61058,10.69,2026-02-28 15:56:45.430169+00
61059,10.33,2026-02-28 15:57:11.969685+00
61060,9.91,2026-02-28 15:58:10.817016+00
61061,10.99,2026-02-28 15:59:39.992187+00
61062,11.27,2026-02-28 16:00:25.805715+00
61063,10.39,2026-02-28 16:01:39.097127+00
61064,10.74,2026-02-28 16:02:32.192241+00
61065,11.06,2026-02-28 16:03:20.363868+00
61066,9.68,2026-02-28 16:05:26.572676+00
61067,10.78,2026-02-28 16:06:45.847311+00
61068,11.48,2026-02-28 16:07:44.259353+00
61069,10.43,2026-02-28 16:08:49.854165+00
61070,11.04,2026-02-28 16:09:33.376905+00
61071,9.67,2026-02-28 16:10:25.245714+00
61072,10.4,2026-02-28 16:11:49.323255+00
61073,10.58,2026-02-28 16:12:08.385804+00
61074,10.08,2026-02-28 16:13:36.167299+00
61075,11.2,2026-02-28 16:14:09.380325+00
61076,11.29,2026-02-28 16:15:07.054268+00
61077,9.95,2026-02-28 16:16:14.031037+00
61078,10.97,2026-02-28 16:17:32.198975+00
61079,10.65,2026-02-28 16:19:11.724652+00
61080,9.57,2026-02-28 16:20:19.365704+00
61081,11.08,2026-02-28 16:21:18.62522+00
61082,10.12,2026-02-28 16:22:06.238365+00
61083,9.63,2026-02-28 16:23:16.190741+00
61084,10.19,2026-02-28 16:24:29.292639+00
61085,10.23,2026-02-28 16:25:08.324512+00
61086,11.3,2026-02-28 16:26:11.222678+00
61087,10.05,2026-02-28 16:27:08.625461+00
61088,10.55,2026-02-28 16:28:43.263147+00
61089,11.08,2026-02-28 16:29:42.66025+00
61090,10.11,2026-02-28 16:30:16.783849+00
61091,9.78,2026-02-28 16:31:21.216353+00
61092,10.36,2026-02-28 16:33:14.04651+00
61093,9.26,2026-02-28 16:34:32.954609+00
61094,10.37,2026-02-28 16:35:22.981198+00
61095,10.1,2026-02-28 16:36:07.674554+00
61096,10.76,2026-02-28 16:37:38.623164+00
61097,10.47,2026-02-28 16:38:00.001173+00
61098,11.14,2026-02-28 16:39:20.66644+00
61099,10.06,2026-02-28 16:40:23.087737+00
61100,10.43,2026-02-28 16:41:40.670093+00
61101,10.97,2026-02-28 16:42:16.517106+00
61102,10.43,2026-02-28 16:43:33.595098+00
61103,10.22,2026-02-28 16:44:44.449888+00
61104,9.78,2026-02-28 16:45:48.972482+00
61105,9.9,2026-02-28 16:46:42.102231+00
61106,10.17,2026-02-28 16:48:46.979163+00
61107,11.04,2026-02-28 16:49:22.179811+00
61108,9.75,2026-02-28 16:50:38.209404+00
61109,11.01,2026-02-28 16:51:47.135489+00
61110,10.02,2026-02-28 16:52:25.006642+00
61111,10.35,2026-02-28 16:53:41.500753+00
61112,10.8,2026-02-28 16:54:09.812482+00
61113,10.96,2026-02-28 16:55:34.092222+00
61114,10.46,2026-02-28 16:56:39.439314+00
61115,10.11,2026-02-28 16:57:37.742506+00
61116,9.88,2026-02-28 16:58:08.983279+00
61117,9.53,2026-02-28 16:59:28.533411+00
61118,10.14,2026-02-28 17:00:38.367595+00
61119,9.42,2026-02-28 17:02:33.672049+00
61120,10.9,2026-02-28 17:03:00.586241+00
61121,9.51,2026-02-28 17:04:07.624858+00
61122,10.16,2026-02-28 17:05:02.336189+00
61123,9.41,2026-02-28 17:06:26.758376+00
61124,10.56,2026-02-28 17:07:13.003146+00
61125,10.2,2026-02-28 17:08:14.607692+00
61126,10.59,2026-02-28 17:09:25.171212+00
61127,9.37,2026-02-28 17:10:06.365677+00
61128,9.14,2026-02-28 17:11:17.766928+00
61129,10.91,2026-02-28 17:12:43.253073+00
61130,9.7,2026-02-28 17:13:49.154545+00
61131,9.28,2026-02-28 17:14:41.60724+00
61132,9.95,2026-02-28 17:15:32.846996+00
61133,10.29,2026-02-28 17:17:19.05597+00
61134,9.25,2026-02-28 17:18:40.1948+00
61135,9.61,2026-02-28 17:19:01.37962+00
61136,10.61,2026-02-28 17:20:28.212319+00
61137,10.01,2026-02-28 17:21:42.99018+00
61138,9.66,2026-02-28 17:22:24.011734+00
61139,10.68,2026-02-28 17:23:32.742767+00
61140,9.55,2026-02-28 17:24:45.856443+00
61141,9.74,2026-02-28 17:25:21.744821+00
61142,10.07,2026-02-28 17:26:48.005025+00
61143,9.48,2026-02-28 17:27:00.572032+00
61144,9.4,2026-02-28 17:28:39.92195+00
61145,10.77,2026-02-28 17:29:06.452633+00
61146,10.35,2026-02-28 17:30:10.642115+00
61147,9.08,2026-02-28 17:31:48.410399+00
61148,9.3,2026-02-28 17:33:15.415116+00
61149,9.34,2026-02-28 17:34:18.930621+00
61150,10.42,2026-02-28 17:35:31.190334+00
61151,9.87,2026-02-28 17:36:09.250263+00
61152,9.98,2026-02-28 17:37:28.991408+00
61153,10.09,2026-02-28 17:38:17.087767+00
61154,10.3,2026-02-28 17:39:19.854281+00
61155,9.25,2026-02-28 17:40:43.90122+00
61156,9.97,2026-02-28 17:41:30.090404+00
61157,10.54,2026-02-28 17:42:32.377746+00
61158,9.96,2026-02-28 17:43:43.982158+00
61159,10.11,2026-02-28 17:44:34.205686+00
61160,8.5,2026-02-28 17:45:25.281763+00
61161,9.8,2026-02-28 17:46:49.98223+00
61162,9.75,2026-02-28 17:48:49.399847+00
61163,10.18,2026-02-28 17:49:19.267666+00
61164,9.4,2026-02-28 17:50:12.607794+00
61165,10.2,2026-02-28 17:51:41.726447+00
61166,9.03,2026-02-28 17:52:26.24834+00
61167,9.27,2026-02-28 17:53:21.272485+00
61168,10.17,2026-02-28 17:54:14.693055+00
61169,10.02,2026-02-28 17:55:09.48939+00
61170,10.33,2026-02-28 17:56:40.122138+00
61171,9.07,2026-02-28 17:57:16.301793+00
61172,9.35,2026-02-28 17:58:17.47889+00
61173,9.88,2026-02-28 17:59:43.148613+00
61174,9.31,2026-02-28 18:00:29.733084+00
61175,9.67,2026-02-28 18:02:02.67768+00
61176,9.86,2026-02-28 18:03:47.54849+00
61177,9.86,2026-02-28 18:04:09.240768+00
61178,10.06,2026-02-28 18:05:46.76391+00
61179,10.15,2026-02-28 18:06:16.972652+00
61180,9.63,2026-02-28 18:07:41.4724+00
61181,9.28,2026-02-28 18:08:26.007453+00
61182,10.27,2026-02-28 18:09:34.012849+00
61183,10.17,2026-02-28 18:10:49.19566+00
61184,8.6,2026-02-28 18:11:16.784076+00
61185,8.73,2026-02-28 18:12:29.818614+00
61186,8.35,2026-02-28 18:13:01.644025+00
61187,9.08,2026-02-28 18:14:13.139506+00
61188,8.42,2026-02-28 18:15:43.053626+00
61189,9.49,2026-02-28 18:16:48.966726+00
61190,9.49,2026-02-28 18:18:39.381051+00
61191,8.22,2026-02-28 18:19:01.791137+00
61192,10.05,2026-02-28 18:20:48.677357+00
61193,9.13,2026-02-28 18:21:15.463153+00
61194,9.88,2026-02-28 18:22:47.694785+00
61195,9.64,2026-02-28 18:23:04.553631+00
61196,9.58,2026-02-28 18:24:24.434156+00
61197,9.32,2026-02-28 18:25:14.052262+00
61198,8.45,2026-02-28 18:26:36.724749+00
61199,10.29,2026-02-28 18:27:36.557933+00
61200,9.66,2026-02-28 18:28:46.698579+00
61201,8.69,2026-02-28 18:29:23.336494+00
61202,9.5,2026-02-28 18:30:07.405797+00
61203,9.08,2026-02-28 18:31:31.775636+00
61204,8.97,2026-02-28 18:32:41.442123+00
61205,9.83,2026-02-28 18:34:24.963672+00
61206,9.35,2026-02-28 18:35:17.473119+00
61207,8.59,2026-02-28 18:36:34.951142+00
61208,8.54,2026-02-28 18:37:09.069013+00
61209,9.44,2026-02-28 18:38:00.02543+00
61210,9.46,2026-02-28 18:39:36.9025+00
61211,9.09,2026-02-28 18:40:26.675108+00
61212,9.06,2026-02-28 18:41:25.81214+00
61213,8.14,2026-02-28 18:42:16.249999+00
61214,8.49,2026-02-28 18:43:06.353768+00
61215,8.49,2026-02-28 18:44:34.546242+00
61216,8.87,2026-02-28 18:45:08.741153+00
61217,8.02,2026-02-28 18:46:47.232891+00
61218,8.34,2026-02-28 18:48:49.591492+00
61219,9.57,2026-02-28 18:49:01.04088+00
61220,9.27,2026-02-28 18:50:45.08113+00
61221,8.13,2026-02-28 18:51:26.788199+00
61222,9.62,2026-02-28 18:52:11.524234+00
61223,9.62,2026-02-28 18:53:14.288467+00
61224,8.04,2026-02-28 18:54:09.861162+00
61225,7.96,2026-02-28 18:55:38.546956+00
61226,9.85,2026-02-28 18:56:39.621818+00
61227,8.73,2026-02-28 18:57:23.344021+00
61228,9.74,2026-02-28 18:58:35.203829+00
61229,8.44,2026-02-28 18:59:22.269577+00
61230,8.54,2026-02-28 19:00:13.238851+00
61231,8.73,2026-02-28 19:01:29.144818+00
61232,7.82,2026-02-28 19:03:04.456053+00
61233,9.68,2026-02-28 19:04:07.576411+00
61234,8.13,2026-02-28 19:05:02.710803+00
61235,8.31,2026-02-28 19:06:23.12488+00
61236,9.26,2026-02-28 19:07:11.990939+00
61237,8.08,2026-02-28 19:08:10.366751+00
61238,7.92,2026-02-28 19:09:33.708456+00
61239,9.7,2026-02-28 19:10:21.400825+00
61240,9.22,2026-02-28 19:11:31.578953+00
61241,9.25,2026-02-28 19:12:46.751326+00
61242,9.1,2026-02-28 19:13:47.289496+00
61243,7.73,2026-02-28 19:14:17.452986+00
61244,7.63,2026-02-28 19:15:30.603361+00
61245,7.8,2026-02-28 19:17:24.567985+00
61246,8.35,2026-02-28 19:18:10.07101+00
61247,8.65,2026-02-28 19:19:19.452156+00
61248,7.57,2026-02-28 19:20:24.4799+00
61249,7.96,2026-02-28 19:21:47.503024+00
61250,7.73,2026-02-28 19:22:19.085099+00
61251,8.29,2026-02-28 19:23:27.563354+00
61252,9.38,2026-02-28 19:24:19.839171+00
61253,9.07,2026-02-28 19:25:37.153501+00
61254,8.02,2026-02-28 19:26:05.827895+00
61255,9.23,2026-02-28 19:27:07.582443+00
61256,8.71,2026-02-28 19:28:29.103353+00
61257,7.54,2026-02-28 19:29:45.413949+00
61258,8.07,2026-02-28 19:30:00.879328+00
61259,8.54,2026-02-28 19:31:10.771175+00
61260,8.72,2026-02-28 19:33:48.922332+00
61261,7.97,2026-02-28 19:34:49.413519+00
61262,9.38,2026-02-28 19:35:09.029969+00
61263,8.44,2026-02-28 19:36:10.536551+00
61264,7.64,2026-02-28 19:37:30.947157+00
61265,8.35,2026-02-28 19:38:46.231637+00
61266,7.44,2026-02-28 19:39:18.824243+00
61267,9.07,2026-02-28 19:40:34.973515+00
61268,8.57,2026-02-28 19:41:08.488135+00
61269,8.44,2026-02-28 19:42:40.198301+00
61270,9.05,2026-02-28 19:43:25.988246+00
61271,8.19,2026-02-28 19:44:06.978852+00
61272,8.28,2026-02-28 19:45:06.341458+00
61273,9.07,2026-02-28 19:46:49.439691+00
61274,8.05,2026-02-28 19:47:22.769153+00
61275,7.25,2026-02-28 19:49:47.506662+00
61276,8.09,2026-02-28 19:50:29.671276+00
61277,8.08,2026-02-28 19:51:27.320456+00
61278,8.21,2026-02-28 19:52:07.88135+00
61279,8.54,2026-02-28 19:53:15.531335+00
61280,7.27,2026-02-28 19:54:07.990268+00
61281,8.59,2026-02-28 19:55:09.766135+00
61282,8.39,2026-02-28 19:56:46.467195+00
61283,8.69,2026-02-28 19:57:37.93193+00
61284,7.95,2026-02-28 19:58:49.119121+00
61285,9.02,2026-02-28 19:59:06.217832+00
61286,7.6,2026-02-28 20:00:35.044721+00
61287,7.43,2026-02-28 20:01:33.5819+00
61288,8.25,2026-02-28 20:02:28.91005+00
61289,7.91,2026-02-28 20:04:49.100512+00
61290,7.39,2026-02-28 20:05:01.92138+00
61291,7.91,2026-02-28 20:06:29.591037+00
61292,7.61,2026-02-28 20:07:06.267444+00
61293,8.92,2026-02-28 20:08:12.745532+00
61294,8.3,2026-02-28 20:09:03.560722+00
61295,8.15,2026-02-28 20:10:20.195439+00
61296,8,2026-02-28 20:11:08.369021+00
61297,8.94,2026-02-28 20:12:25.344628+00
61298,8.49,2026-02-28 20:13:40.288222+00
61299,7.67,2026-02-28 20:14:24.066171+00
61300,8.29,2026-02-28 20:15:07.289985+00
61301,7.72,2026-02-28 20:16:08.569397+00
61302,7.21,2026-02-28 20:17:43.183915+00
61303,8.82,2026-02-28 20:19:22.278873+00
61304,8.49,2026-02-28 20:20:36.397927+00
61305,7.06,2026-02-28 20:21:14.304393+00
61306,8.53,2026-02-28 20:22:30.624826+00
61307,8.86,2026-02-28 20:23:28.070947+00
61308,8.34,2026-02-28 20:24:12.866593+00
61309,7.66,2026-02-28 20:25:49.669175+00
61310,7.08,2026-02-28 20:26:24.778668+00
61311,7.35,2026-02-28 20:27:48.037731+00
61312,8.19,2026-02-28 20:28:43.416719+00
61313,7.58,2026-02-28 20:29:34.61478+00
61314,7.56,2026-02-28 20:30:11.320596+00
61315,7.77,2026-02-28 20:31:02.276524+00
61316,7.95,2026-02-28 20:32:06.915769+00
61317,6.86,2026-02-28 20:34:13.827254+00
61318,7.6,2026-02-28 20:35:29.354144+00
61319,8.67,2026-02-28 20:36:34.563053+00
61320,7.13,2026-02-28 20:37:18.909157+00
61321,8.4,2026-02-28 20:38:40.992823+00
61322,7.82,2026-02-28 20:39:16.535946+00
61323,7.15,2026-02-28 20:40:02.285639+00
61324,7.19,2026-02-28 20:41:01.16144+00
61325,7.52,2026-02-28 20:42:21.471923+00
61326,7.31,2026-02-28 20:43:36.855251+00
61327,8.05,2026-02-28 20:44:26.769148+00
61328,7.52,2026-02-28 20:45:25.286473+00
61329,8.21,2026-02-28 20:46:48.227127+00
61330,6.71,2026-02-28 20:47:22.4386+00
61331,8.62,2026-02-28 20:49:16.793044+00
61332,8.14,2026-02-28 20:50:19.929654+00
61333,7.11,2026-02-28 20:51:15.149937+00
61334,7.6,2026-02-28 20:52:12.924097+00
61335,6.79,2026-02-28 20:53:36.890982+00
61336,6.97,2026-02-28 20:54:31.606723+00
61337,7.57,2026-02-28 20:55:07.637119+00
61338,6.99,2026-02-28 20:56:00.61032+00
61339,8.39,2026-02-28 20:57:25.709031+00
61340,8.57,2026-02-28 20:58:47.001973+00
61341,8.02,2026-02-28 20:59:45.870721+00
61342,7.99,2026-02-28 21:00:00.247281+00
61343,7.06,2026-02-28 21:01:42.44346+00
61344,8.55,2026-02-28 21:02:12.308709+00
61345,7.66,2026-02-28 21:04:42.763588+00
61346,6.73,2026-02-28 21:05:18.466901+00
61347,6.93,2026-02-28 21:06:42.218759+00
61348,7.6,2026-02-28 21:07:21.702239+00
61349,8.43,2026-02-28 21:08:11.521178+00
61350,7.54,2026-02-28 21:09:32.971126+00
61351,7.08,2026-02-28 21:10:16.464108+00
61352,7.88,2026-02-28 21:11:42.445645+00
61353,8.58,2026-02-28 21:12:19.621988+00
61354,6.88,2026-02-28 21:13:26.205749+00
61355,8.07,2026-02-28 21:14:29.806865+00
61356,8.44,2026-02-28 21:15:19.126683+00
61357,7.29,2026-02-28 21:16:40.125552+00
61358,7.83,2026-02-28 21:17:03.357809+00
61359,6.75,2026-02-28 21:19:22.520558+00
61360,8.17,2026-02-28 21:20:37.686851+00
61361,8.48,2026-02-28 21:21:35.658334+00
61362,7.19,2026-02-28 21:22:40.855578+00
61363,8.23,2026-02-28 21:23:02.697143+00
61364,7.56,2026-02-28 21:24:24.423482+00
61365,7.93,2026-02-28 21:25:43.398165+00
61366,8.1,2026-02-28 21:26:37.608212+00
61367,7.16,2026-02-28 21:27:11.288743+00
61368,6.64,2026-02-28 21:28:26.311405+00
61369,7.99,2026-02-28 21:29:26.367778+00
61370,8.04,2026-02-28 21:30:18.714872+00
61371,7.48,2026-02-28 21:31:19.195034+00
61372,6.69,2026-02-28 21:32:44.962466+00
61373,7.83,2026-02-28 21:34:31.968606+00
61374,7.02,2026-02-28 21:35:48.729796+00
61375,7.93,2026-02-28 21:36:38.523327+00
61376,7.01,2026-02-28 21:37:09.034208+00
61377,7.25,2026-02-28 21:38:08.744297+00
61378,7.7,2026-02-28 21:39:23.546182+00
61379,7.65,2026-02-28 21:40:29.761571+00
61380,6.85,2026-02-28 21:41:18.867732+00
61381,6.82,2026-02-28 21:42:42.449174+00
61382,6.52,2026-02-28 21:43:39.724777+00
61383,7.06,2026-02-28 21:44:39.725865+00
61384,6.8,2026-02-28 21:45:24.366296+00
61385,7.46,2026-02-28 21:46:36.0364+00
61386,8.05,2026-02-28 21:47:37.426562+00
61387,8.04,2026-02-28 21:49:38.655547+00
61388,7.66,2026-02-28 21:50:07.52106+00
61389,6.65,2026-02-28 21:51:45.723592+00
61390,7.38,2026-02-28 21:52:04.713356+00
61391,7.15,2026-02-28 21:53:19.381218+00
61392,6.51,2026-02-28 21:54:02.89443+00
61393,8.11,2026-02-28 21:55:03.966266+00
61394,8.14,2026-02-28 21:56:17.560663+00
61395,8.22,2026-02-28 21:57:48.452258+00
61396,6.96,2026-02-28 21:58:22.985922+00
61397,6.97,2026-02-28 21:59:48.811832+00
61398,7.86,2026-02-28 22:00:44.365198+00
61399,6.42,2026-02-28 22:01:36.743129+00
61400,7.34,2026-02-28 22:02:24.261502+00
61401,6.85,2026-02-28 22:04:21.641522+00
61402,7.16,2026-02-28 22:05:32.821327+00
61403,7.81,2026-02-28 22:06:47.596541+00
61404,6.94,2026-02-28 22:07:40.426182+00
61405,7.74,2026-02-28 22:08:23.346463+00
61406,7.41,2026-02-28 22:09:38.933945+00
61407,7.34,2026-02-28 22:10:38.362716+00
61408,7.63,2026-02-28 22:11:14.246395+00
61409,6.51,2026-02-28 22:12:40.653798+00
61410,8.32,2026-02-28 22:13:20.342997+00
61411,6.86,2026-02-28 22:14:04.915622+00
61412,7.3,2026-02-28 22:15:33.047403+00
61413,6.79,2026-02-28 22:16:39.840756+00
61414,7.79,2026-02-28 22:17:14.025054+00
61415,8.49,2026-02-28 22:19:13.665018+00
61416,8.48,2026-02-28 22:20:01.970687+00
61417,7.31,2026-02-28 22:21:40.055233+00
61418,6.63,2026-02-28 22:22:17.465634+00
61419,8.5,2026-02-28 22:23:16.52803+00
61420,6.64,2026-02-28 22:24:30.205645+00
61421,8.25,2026-02-28 22:25:47.047016+00
61422,7.73,2026-02-28 22:26:26.740865+00
61423,7.7,2026-02-28 22:27:49.401546+00
61424,8.01,2026-02-28 22:28:09.037918+00
61425,7.56,2026-02-28 22:29:16.288979+00
61426,7.49,2026-02-28 22:30:42.437896+00
61427,6.72,2026-02-28 22:31:22.852588+00
61428,8.38,2026-02-28 22:32:02.389236+00
61429,7.38,2026-02-28 22:34:40.728301+00
61430,6.57,2026-02-28 22:35:42.224121+00
61431,7.31,2026-02-28 22:36:26.625496+00
61432,6.67,2026-02-28 22:37:20.538561+00
61433,8.15,2026-02-28 22:38:24.793024+00
61434,8.17,2026-02-28 22:39:25.576115+00
61435,8.4,2026-02-28 22:40:12.341794+00
61436,8.05,2026-02-28 22:41:09.594857+00
61437,8.33,2026-02-28 22:42:21.518862+00
61438,7.9,2026-02-28 22:43:02.946429+00
61439,6.73,2026-02-28 22:44:21.008345+00
61440,6.73,2026-02-28 22:45:41.786554+00
61441,7.3,2026-02-28 22:46:05.115399+00
61442,8.57,2026-02-28 22:48:26.171935+00
61443,7.34,2026-02-28 22:49:46.71592+00
61444,8.71,2026-02-28 22:50:01.04277+00
61445,7.63,2026-02-28 22:51:08.038896+00
61446,8.12,2026-02-28 22:52:33.491734+00
61447,7.28,2026-02-28 22:53:45.165176+00
61448,7.85,2026-02-28 22:54:11.456543+00
61449,7.15,2026-02-28 22:55:12.168257+00
61450,7.02,2026-02-28 22:56:18.316815+00
61451,7.03,2026-02-28 22:57:40.806253+00
61452,8.53,2026-02-28 22:58:38.236352+00
61453,7.45,2026-02-28 22:59:17.425055+00
61454,7.26,2026-02-28 23:00:45.3949+00
61455,7.51,2026-02-28 23:01:13.600563+00
61456,7.21,2026-02-28 23:03:07.75411+00
61457,8.79,2026-02-28 23:04:02.268773+00
61458,8.98,2026-02-28 23:05:15.076253+00
61459,7.85,2026-02-28 23:06:15.685343+00
61460,8.72,2026-02-28 23:07:06.676677+00
61461,8.18,2026-02-28 23:08:04.154314+00
61462,7.38,2026-02-28 23:09:41.866747+00
61463,7.22,2026-02-28 23:10:19.524635+00
61464,8.18,2026-02-28 23:11:48.9339+00
61465,8.15,2026-02-28 23:12:19.364076+00
61466,8.42,2026-02-28 23:13:29.894138+00
61467,7.36,2026-02-28 23:14:15.515745+00
61468,8.07,2026-02-28 23:15:48.351403+00
61469,8.23,2026-02-28 23:16:41.017299+00
61470,8.28,2026-02-28 23:18:32.741502+00
61471,7.64,2026-02-28 23:19:28.306608+00
61472,7.68,2026-02-28 23:20:36.661098+00
61473,8.42,2026-02-28 23:21:22.982878+00
61474,7.16,2026-02-28 23:22:46.04027+00
61475,7.11,2026-02-28 23:23:45.803412+00
61476,7.14,2026-02-28 23:24:25.29408+00
61477,6.92,2026-02-28 23:25:01.57907+00
61478,8.36,2026-02-28 23:26:09.333565+00
61479,8.78,2026-02-28 23:27:29.660255+00
61480,8.25,2026-02-28 23:28:19.007886+00
61481,8.06,2026-02-28 23:29:37.179641+00
61482,7.12,2026-02-28 23:30:39.466921+00
61483,7.24,2026-02-28 23:31:44.194701+00
61484,8.37,2026-02-28 23:33:21.455532+00
61485,8.01,2026-02-28 23:34:34.132584+00
61486,7.11,2026-02-28 23:35:28.058149+00
61487,6.97,2026-02-28 23:36:04.21266+00
61488,8.03,2026-02-28 23:37:29.355381+00
61489,7.57,2026-02-28 23:38:44.815123+00
61490,8.49,2026-02-28 23:39:48.345974+00
61491,8,2026-02-28 23:40:40.524411+00
61492,8.77,2026-02-28 23:41:38.217846+00
61493,7.95,2026-02-28 23:42:39.76494+00
61494,7.23,2026-02-28 23:43:13.035308+00
61495,8.36,2026-02-28 23:44:23.379714+00
61496,8.79,2026-02-28 23:45:33.978343+00
61497,7.23,2026-02-28 23:46:23.993983+00
61498,7.19,2026-02-28 23:47:12.886935+00
61499,7.78,2026-02-28 23:49:35.756491+00
61500,7.37,2026-02-28 23:50:39.585383+00
61501,7.43,2026-02-28 23:51:41.052958+00
61502,7.07,2026-02-28 23:52:13.004954+00
61503,8.3,2026-02-28 23:53:38.597562+00
61504,7.71,2026-02-28 23:54:13.296659+00
61505,7.95,2026-02-28 23:55:43.686064+00
61506,7.71,2026-02-28 23:56:40.418541+00
61507,8.25,2026-02-28 23:57:13.951199+00
61508,8.26,2026-02-28 23:58:24.187122+00
61509,7.13,2026-02-28 23:59:31.072039+00
61510,7.28,2026-03-01 00:00:22.346961+00
61511,8.36,2026-03-01 00:01:32.816731+00
61512,8.32,2026-03-01 00:03:40.394468+00
61513,8.52,2026-03-01 00:04:49.121015+00
61514,8.63,2026-03-01 00:05:39.118661+00
61515,8.2,2026-03-01 00:06:33.872564+00
61516,7.75,2026-03-01 00:07:46.866597+00
61517,8.33,2026-03-01 00:08:48.749435+00
61518,7.88,2026-03-01 00:09:00.351678+00
61519,8.67,2026-03-01 00:10:23.195502+00
61520,7.62,2026-03-01 00:11:29.536391+00
61521,8.75,2026-03-01 00:12:02.991014+00
61522,8.7,2026-03-01 00:13:24.336832+00
61523,8.55,2026-03-01 00:14:16.209061+00
61524,7.17,2026-03-01 00:17:42.820501+00
61525,7.72,2026-03-01 00:18:21.506099+00
61526,7.93,2026-03-01 00:19:26.420208+00
61527,7.37,2026-03-01 00:20:39.729862+00
61528,8.07,2026-03-01 00:21:33.356937+00
61529,7.28,2026-03-01 00:22:38.245954+00
61530,8.34,2026-03-01 00:23:26.771817+00
61531,8.21,2026-03-01 00:24:49.352783+00
61532,7.56,2026-03-01 00:25:24.191203+00
61533,7.12,2026-03-01 00:26:36.818915+00
61534,6.84,2026-03-01 00:27:25.543268+00
61535,7.48,2026-03-01 00:28:37.535659+00
61536,7.29,2026-03-01 00:29:32.277975+00
61537,7.17,2026-03-01 00:31:15.279487+00
61538,8.57,2026-03-01 00:32:24.93086+00
61539,7.72,2026-03-01 00:33:18.486191+00
61540,6.92,2026-03-01 00:34:15.271246+00
61541,7.25,2026-03-01 00:35:17.359411+00
61542,7.5,2026-03-01 00:36:36.300878+00
61543,8.04,2026-03-01 00:37:05.227042+00
61544,7.97,2026-03-01 00:38:35.741109+00
61545,6.99,2026-03-01 00:39:20.373868+00
61546,8.74,2026-03-01 00:40:48.818835+00
61547,7.94,2026-03-01 00:41:17.093348+00
61548,8.6,2026-03-01 00:42:01.805245+00
61549,8.02,2026-03-01 00:43:05.131215+00
61550,7.38,2026-03-01 00:45:49.313964+00
61551,7.76,2026-03-01 00:46:13.03891+00
61552,8.18,2026-03-01 00:47:19.706908+00
61553,7.96,2026-03-01 00:48:19.783927+00
61554,8.45,2026-03-01 00:49:21.859013+00
61555,8,2026-03-01 00:50:10.990716+00
61556,7.48,2026-03-01 00:51:29.668904+00
61557,7.63,2026-03-01 00:52:12.350196+00
61558,7.06,2026-03-01 00:53:26.792972+00
61559,7.11,2026-03-01 00:54:13.432723+00
61560,7.02,2026-03-01 00:55:40.298433+00
61561,8.09,2026-03-01 00:56:49.530639+00
61562,7.85,2026-03-01 00:57:12.024381+00
61563,8.65,2026-03-01 00:59:03.391495+00
61564,8.58,2026-03-01 01:01:36.913288+00
61565,7.13,2026-03-01 01:02:14.821608+00
61566,8.65,2026-03-01 01:03:46.643515+00
61567,8.18,2026-03-01 01:04:49.332675+00
61568,7.96,2026-03-01 01:05:13.523871+00
61569,7.49,2026-03-01 01:06:29.690924+00
61570,7.34,2026-03-01 01:07:06.527751+00
61571,8.32,2026-03-01 01:08:39.381401+00
61572,8.72,2026-03-01 01:09:14.040004+00
61573,7.75,2026-03-01 01:10:38.830785+00
61574,7.39,2026-03-01 01:11:40.317406+00
61575,8.29,2026-03-01 01:12:47.489538+00
61576,7.35,2026-03-01 01:14:23.902831+00
61577,8.72,2026-03-01 01:15:21.172392+00
61578,7.63,2026-03-01 01:16:23.995652+00
61579,8.01,2026-03-01 01:17:01.021076+00
61580,8.61,2026-03-01 01:18:02.110347+00
61581,8.37,2026-03-01 01:19:23.84775+00
61582,8.78,2026-03-01 01:20:22.799138+00
61583,8.63,2026-03-01 01:21:04.79786+00
61584,8.4,2026-03-01 01:22:46.725417+00
61585,8.09,2026-03-01 01:23:26.597841+00
61586,7.88,2026-03-01 01:24:24.946963+00
61587,7.69,2026-03-01 01:25:09.472063+00
61588,7.24,2026-03-01 01:26:18.902575+00
61589,7.85,2026-03-01 01:27:07.850005+00
61590,7.88,2026-03-01 01:29:20.101193+00
61591,8.27,2026-03-01 01:30:39.001171+00
61592,7.72,2026-03-01 01:31:16.86975+00
61593,8.97,2026-03-01 01:32:17.995768+00
61594,8.19,2026-03-01 01:33:30.172402+00
61595,8.05,2026-03-01 01:34:26.383818+00
61596,8.77,2026-03-01 01:35:12.674093+00
61597,7.82,2026-03-01 01:36:31.826696+00
61598,8.6,2026-03-01 01:37:43.822199+00
61599,8.91,2026-03-01 01:38:16.418861+00
61600,8.02,2026-03-01 01:39:46.040976+00
61601,7.66,2026-03-01 01:40:05.422433+00
61602,8.19,2026-03-01 01:41:11.356861+00
61603,8.73,2026-03-01 01:42:45.675943+00
61604,7.46,2026-03-01 01:44:24.3983+00
61605,7.57,2026-03-01 01:45:21.112218+00
61606,9.16,2026-03-01 01:46:44.597412+00
61607,8.04,2026-03-01 01:47:10.415188+00
61608,7.67,2026-03-01 01:48:13.07332+00
61609,7.71,2026-03-01 01:49:19.522914+00
61610,8.53,2026-03-01 01:50:15.181259+00
61611,8.43,2026-03-01 01:51:12.282324+00
61612,8.37,2026-03-01 01:52:14.812456+00
61613,8.96,2026-03-01 01:53:25.75523+00
61614,9.01,2026-03-01 01:54:48.870269+00
61615,7.81,2026-03-01 01:55:39.500347+00
61616,7.52,2026-03-01 01:56:49.510904+00
61617,7.23,2026-03-01 01:57:06.761815+00
61618,8.67,2026-03-01 01:59:06.773899+00
61619,8.94,2026-03-01 02:00:18.129824+00
61620,7.29,2026-03-01 02:01:09.947307+00
61621,7.63,2026-03-01 02:02:49.768484+00
61622,7.47,2026-03-01 02:03:19.603153+00
61623,9.14,2026-03-01 02:04:24.869018+00
61624,9.17,2026-03-01 02:05:08.77404+00
61625,7.28,2026-03-01 02:06:48.331408+00
61626,7.91,2026-03-01 02:07:39.536037+00
61627,8.8,2026-03-01 02:08:02.154278+00
61628,8.13,2026-03-01 02:09:18.017139+00
61629,7.72,2026-03-01 02:10:46.490068+00
61630,7.2,2026-03-01 02:11:46.400808+00
61631,7.38,2026-03-01 02:13:01.696616+00
61632,7.33,2026-03-01 02:14:17.393511+00
61633,8.44,2026-03-01 02:15:17.651801+00
61634,9.07,2026-03-01 02:16:04.80456+00
61635,7.39,2026-03-01 02:17:15.715234+00
61636,7.48,2026-03-01 02:18:48.292321+00
61637,8.29,2026-03-01 02:19:10.361988+00
61638,7.83,2026-03-01 02:20:13.026632+00
61639,8.96,2026-03-01 02:21:05.813601+00
61640,8.82,2026-03-01 02:22:49.518186+00
61641,7.88,2026-03-01 02:23:22.091392+00
61642,7.89,2026-03-01 02:24:12.99837+00
61643,8.06,2026-03-01 02:25:16.308978+00
61644,8.35,2026-03-01 02:26:33.075529+00
61645,7.87,2026-03-01 02:27:10.741116+00
61646,8.17,2026-03-01 02:29:37.158868+00
61647,7.37,2026-03-01 02:30:31.845959+00
61648,8.85,2026-03-01 02:31:05.976044+00
61649,7.6,2026-03-01 02:32:37.213909+00
61650,9.03,2026-03-01 02:33:46.108279+00
61651,7.3,2026-03-01 02:34:07.845736+00
61652,8.42,2026-03-01 02:35:17.410615+00
61653,7.22,2026-03-01 02:36:06.93614+00
61654,7.99,2026-03-01 02:37:08.528135+00
61655,7.95,2026-03-01 02:38:28.179806+00
61656,7.83,2026-03-01 02:39:32.126886+00
61657,8.35,2026-03-01 02:40:32.44811+00
61658,8.64,2026-03-01 02:41:46.219681+00
61659,7.44,2026-03-01 02:43:00.196703+00
61660,8.81,2026-03-01 02:44:46.014513+00
61661,8.81,2026-03-01 02:45:11.134025+00
61662,9.09,2026-03-01 02:46:49.887787+00
61663,8.33,2026-03-01 02:47:33.878739+00
61664,9.08,2026-03-01 02:48:02.324619+00
61665,8.39,2026-03-01 02:49:22.006924+00
61666,8.97,2026-03-01 02:50:45.091739+00
61667,7.44,2026-03-01 02:51:48.525066+00
61668,7.59,2026-03-01 02:52:24.566337+00
61669,8.54,2026-03-01 02:53:41.884527+00
61670,9.05,2026-03-01 02:54:35.881297+00
61671,8.25,2026-03-01 02:55:22.189666+00
61672,7.41,2026-03-01 02:56:04.597326+00
61673,7.89,2026-03-01 02:57:30.182904+00
61674,8.79,2026-03-01 02:59:01.988672+00
61675,9.12,2026-03-01 03:00:46.831436+00
61676,8.11,2026-03-01 03:01:04.623528+00
61677,7.23,2026-03-01 03:02:48.773939+00
61678,7.42,2026-03-01 03:03:31.222137+00
61679,8.21,2026-03-01 03:04:18.021977+00
61680,8.55,2026-03-01 03:05:19.882382+00
61681,7.99,2026-03-01 03:06:07.407473+00
61682,9.14,2026-03-01 03:08:21.802459+00
61683,7.33,2026-03-01 03:10:23.005371+00
61684,7.84,2026-03-01 03:11:31.570819+00
61685,7.49,2026-03-01 03:12:10.554477+00
61686,8.08,2026-03-01 03:13:17.361817+00
61687,7.82,2026-03-01 03:14:38.023489+00
61688,7.69,2026-03-01 03:15:00.2375+00
61689,8.35,2026-03-01 03:16:31.748907+00
61690,7.93,2026-03-01 03:17:31.626898+00
61691,8.87,2026-03-01 03:18:12.799568+00
61692,8.81,2026-03-01 03:19:15.119927+00
61693,8.55,2026-03-01 03:20:28.802288+00
61694,7.7,2026-03-01 03:21:15.680839+00
61695,7.38,2026-03-01 03:22:36.710365+00
61696,8.38,2026-03-01 03:24:44.216067+00
61697,8.04,2026-03-01 03:25:33.065945+00
61698,7.33,2026-03-01 03:26:06.030712+00
61699,8.31,2026-03-01 03:27:37.018591+00
61700,8.64,2026-03-01 03:28:28.684293+00
61701,8.83,2026-03-01 03:29:00.591685+00
61702,8.99,2026-03-01 03:30:47.874734+00
61703,7.54,2026-03-01 03:31:47.702145+00
61704,8.37,2026-03-01 03:32:01.484347+00
61705,7.83,2026-03-01 03:33:28.186773+00
61706,9.2,2026-03-01 03:34:15.701702+00
61707,8.78,2026-03-01 03:35:19.918338+00
61708,8.29,2026-03-01 03:36:48.087177+00
61709,8.34,2026-03-01 03:37:11.677439+00
61710,9.13,2026-03-01 03:39:14.844729+00
61711,8.26,2026-03-01 03:40:26.227429+00
61712,8.51,2026-03-01 03:41:39.817146+00
61713,7.67,2026-03-01 03:42:43.340605+00
61714,7.97,2026-03-01 03:43:25.316061+00
61715,8.44,2026-03-01 03:45:37.491995+00
61716,9.12,2026-03-01 03:46:28.971195+00
61717,8.58,2026-03-01 03:47:05.762977+00
61718,8.34,2026-03-01 03:48:09.773621+00
61719,8.02,2026-03-01 03:50:43.469272+00
61720,8.94,2026-03-01 03:51:04.109834+00
61721,8.95,2026-03-01 03:52:08.410537+00
61722,9.08,2026-03-01 03:53:32.424776+00
61723,8.32,2026-03-01 03:55:43.418852+00
61724,8.19,2026-03-01 03:56:37.874021+00
61725,7.99,2026-03-01 03:57:48.258133+00
61726,8.61,2026-03-01 03:58:34.636739+00
61727,8.18,2026-03-01 03:59:43.749577+00
61728,7.72,2026-03-01 04:00:18.76219+00
61729,8.89,2026-03-01 04:02:44.298977+00
61730,7.74,2026-03-01 04:03:16.262004+00
61731,7.95,2026-03-01 04:04:06.823271+00
61732,8.24,2026-03-01 04:05:25.239986+00
61733,8.53,2026-03-01 04:06:01.328962+00
61734,7.95,2026-03-01 04:07:43.521274+00
61735,7.53,2026-03-01 04:08:20.569589+00
61736,7.31,2026-03-01 04:09:44.502647+00
61737,8.12,2026-03-01 04:10:15.352759+00
61738,8.26,2026-03-01 04:11:22.959301+00
61739,7.86,2026-03-01 04:12:08.362116+00
61740,8.94,2026-03-01 04:13:22.530724+00
61741,8.31,2026-03-01 04:14:17.994895+00
61742,8.11,2026-03-01 04:15:08.832941+00
61743,8.23,2026-03-01 04:17:03.2382+00
61744,7.9,2026-03-01 04:18:34.891985+00
61745,7.72,2026-03-01 04:19:23.312416+00
61746,7.79,2026-03-01 04:20:03.132917+00
61747,7.89,2026-03-01 04:21:40.418124+00
61748,9.06,2026-03-01 04:22:25.530207+00
61749,8.94,2026-03-01 04:23:11.941995+00
61750,9.04,2026-03-01 04:24:49.710208+00
61751,8.61,2026-03-01 04:25:19.828436+00
61752,7.48,2026-03-01 04:26:37.185114+00
61753,8.87,2026-03-01 04:27:27.445306+00
61754,8.6,2026-03-01 04:28:28.715124+00
61755,8.85,2026-03-01 04:29:41.676945+00
61756,9.07,2026-03-01 04:30:33.125482+00
61757,7.22,2026-03-01 04:32:19.624952+00
61758,8.14,2026-03-01 04:33:36.968136+00
61759,8.66,2026-03-01 04:34:24.252647+00
61760,8.67,2026-03-01 04:35:46.748673+00
61761,7.58,2026-03-01 04:36:46.02124+00
61762,8.18,2026-03-01 04:37:12.122985+00
61763,7.81,2026-03-01 04:38:18.179172+00
61764,7.87,2026-03-01 04:39:47.109978+00
61765,8.47,2026-03-01 04:40:43.433596+00
61766,9.03,2026-03-01 04:41:26.6924+00
61767,9.11,2026-03-01 04:42:44.563027+00
61768,8.35,2026-03-01 04:43:38.653943+00
61769,7.44,2026-03-01 04:44:31.922988+00
61770,8.97,2026-03-01 04:45:03.4896+00
61771,8.1,2026-03-01 04:47:35.079438+00
61772,7.73,2026-03-01 04:48:14.272746+00
61773,8.48,2026-03-01 04:49:00.370029+00
61774,7.41,2026-03-01 04:50:19.250895+00
61775,9.1,2026-03-01 04:51:13.027467+00
61776,8.66,2026-03-01 04:52:46.245806+00
61777,8.26,2026-03-01 04:53:29.739863+00
61778,7.37,2026-03-01 04:54:43.055141+00
61779,7.84,2026-03-01 04:55:14.779879+00
61780,7.52,2026-03-01 04:56:43.601542+00
61781,7.77,2026-03-01 04:57:06.504225+00
61782,7.98,2026-03-01 04:58:22.58758+00
61783,8.68,2026-03-01 04:59:11.462689+00
61784,7.42,2026-03-01 05:00:01.406484+00
61785,7.96,2026-03-01 05:01:37.78444+00
61786,8.38,2026-03-01 05:03:27.031833+00
61787,9.05,2026-03-01 05:04:26.186364+00
61788,8.43,2026-03-01 05:05:27.813229+00
61789,7.42,2026-03-01 05:06:07.957176+00
61790,8.38,2026-03-01 05:07:04.765396+00
61791,7.5,2026-03-01 05:08:05.159002+00
61792,7.88,2026-03-01 05:09:02.725285+00
61793,7.67,2026-03-01 05:10:18.301005+00
61794,7.65,2026-03-01 05:11:22.814624+00
61795,8.96,2026-03-01 05:12:46.126304+00
61796,9,2026-03-01 05:13:29.194033+00
61797,8.46,2026-03-01 05:14:08.616751+00
61798,7.77,2026-03-01 05:15:12.006206+00
61799,8.15,2026-03-01 05:17:14.706976+00
61800,9.03,2026-03-01 05:18:09.495982+00
61801,9.19,2026-03-01 05:19:48.247752+00
61802,7.48,2026-03-01 05:20:35.438067+00
61803,8.5,2026-03-01 05:21:25.350768+00
61804,8.17,2026-03-01 05:22:45.18732+00
61805,7.21,2026-03-01 05:23:43.061866+00
61806,7.83,2026-03-01 05:24:40.356477+00
61807,8.47,2026-03-01 05:25:36.101836+00
61808,9.13,2026-03-01 05:26:28.184081+00
61809,7.74,2026-03-01 05:27:02.801804+00
61810,8.55,2026-03-01 05:28:43.834275+00
61811,7.92,2026-03-01 05:29:05.660437+00
61812,7.71,2026-03-01 05:30:36.592472+00
61813,7.64,2026-03-01 05:32:23.20026+00
61814,7.98,2026-03-01 05:33:22.93274+00
61815,8.19,2026-03-01 05:34:28.119167+00
61816,8.91,2026-03-01 05:35:05.27433+00
61817,7.3,2026-03-01 05:36:22.433752+00
61818,7.59,2026-03-01 05:37:24.235592+00
61819,7.38,2026-03-01 05:38:18.123572+00
61820,8.84,2026-03-01 05:39:44.125793+00
61821,7.66,2026-03-01 05:40:28.219464+00
61822,7.95,2026-03-01 05:41:34.990967+00
61823,8.69,2026-03-01 05:42:10.138535+00
61824,8.19,2026-03-01 05:43:40.665644+00
61825,7.83,2026-03-01 05:44:44.837802+00
61826,9.23,2026-03-01 05:45:35.076311+00
61827,8.08,2026-03-01 05:47:34.324706+00
61828,7.42,2026-03-01 05:48:30.010504+00
61829,7.9,2026-03-01 05:49:34.445269+00
61830,7.97,2026-03-01 05:50:23.880101+00
61831,9.19,2026-03-01 05:51:03.924467+00
61832,9.05,2026-03-01 05:52:40.482978+00
61833,7.61,2026-03-01 05:53:11.049426+00
61834,8.43,2026-03-01 05:54:32.956652+00
61835,7.3,2026-03-01 05:55:46.472191+00
61836,7.79,2026-03-01 05:56:19.753144+00
61837,8.07,2026-03-01 05:57:31.779054+00
61838,7.76,2026-03-01 05:58:18.834031+00
61839,7.42,2026-03-01 05:59:36.718835+00
61840,9.1,2026-03-01 06:00:31.31495+00
61841,8.72,2026-03-01 06:02:33.197473+00
61842,7.66,2026-03-01 06:03:48.296071+00
61843,8.73,2026-03-01 06:04:47.20938+00
61844,9.25,2026-03-01 06:05:19.802522+00
61845,8.05,2026-03-01 06:06:16.059823+00
61846,8.94,2026-03-01 06:07:20.778394+00
61847,7.37,2026-03-01 06:08:16.118243+00
61848,8.54,2026-03-01 06:09:32.170442+00
61849,9.25,2026-03-01 06:10:24.650146+00
61850,8,2026-03-01 06:11:26.862377+00
61851,7.47,2026-03-01 06:12:49.636416+00
61852,8.55,2026-03-01 06:13:03.887217+00
61853,7.66,2026-03-01 06:14:11.544269+00
61854,8.09,2026-03-01 06:15:32.510909+00
61855,7.35,2026-03-01 06:17:44.069534+00
61856,7.97,2026-03-01 06:18:00.505846+00
61857,7.48,2026-03-01 06:19:12.231065+00
61858,7.52,2026-03-01 06:20:11.120519+00
61859,9.16,2026-03-01 06:21:04.362735+00
61860,8.86,2026-03-01 06:22:14.983783+00
61861,8.62,2026-03-01 06:23:39.627926+00
61862,7.67,2026-03-01 06:24:40.304764+00
61863,7.72,2026-03-01 06:25:42.222055+00
61864,7.88,2026-03-01 06:26:18.706948+00
61865,7.5,2026-03-01 06:27:16.664298+00
61866,7.3,2026-03-01 06:28:36.27018+00
61867,8.87,2026-03-01 06:29:47.397935+00
61868,9.02,2026-03-01 06:30:49.594054+00
61869,9.3,2026-03-01 06:32:40.914402+00
61870,7.79,2026-03-01 06:33:26.70337+00
61871,9.05,2026-03-01 06:34:46.163516+00
61872,8.69,2026-03-01 06:35:49.492694+00
61873,8.79,2026-03-01 06:36:28.150053+00
61874,7.74,2026-03-01 06:37:08.818842+00
61875,8.63,2026-03-01 06:38:09.922254+00
61876,8.84,2026-03-01 06:39:43.208748+00
61877,8.97,2026-03-01 06:40:11.580216+00
61878,7.3,2026-03-01 06:41:26.194239+00
61879,7.33,2026-03-01 06:42:10.934192+00
61880,9.17,2026-03-01 06:43:11.551558+00
61881,8.07,2026-03-01 06:44:22.139166+00
61882,8.44,2026-03-01 06:45:03.614768+00
61883,9.27,2026-03-01 06:47:17.594103+00
61884,7.33,2026-03-01 06:48:30.606156+00
61885,8.29,2026-03-01 06:49:01.955525+00
61886,7.38,2026-03-01 06:50:39.623375+00
61887,7.49,2026-03-01 06:51:23.666224+00
61888,8.88,2026-03-01 06:52:17.366275+00
61889,7.6,2026-03-01 06:53:44.082643+00
61890,7.85,2026-03-01 06:54:06.108228+00
61891,7.98,2026-03-01 06:55:13.303116+00
61892,9.29,2026-03-01 06:56:18.477498+00
61893,7.61,2026-03-01 06:57:15.9928+00
61894,8.54,2026-03-01 06:58:25.074446+00
61895,7.81,2026-03-01 06:59:42.954445+00
61896,8.7,2026-03-01 07:00:20.369596+00
61897,8.7,2026-03-01 07:02:16.96871+00
61898,8.24,2026-03-01 07:03:27.067467+00
61899,7.35,2026-03-01 07:04:10.432387+00
61900,8.67,2026-03-01 07:05:28.09816+00
61901,7.93,2026-03-01 07:06:39.078561+00
61902,9.23,2026-03-01 07:07:35.533893+00
61903,8.85,2026-03-01 07:08:07.922145+00
61904,8.11,2026-03-01 07:09:19.882729+00
61905,7.3,2026-03-01 07:10:15.970642+00
61906,9.08,2026-03-01 07:11:11.404696+00
61907,8.47,2026-03-01 07:12:06.076318+00
61908,8.65,2026-03-01 07:13:11.870737+00
61909,8.35,2026-03-01 07:14:49.073327+00
61910,8.71,2026-03-01 07:15:13.135528+00
61911,7.67,2026-03-01 07:16:35.356076+00
61912,8.21,2026-03-01 07:18:32.238072+00
61913,8.76,2026-03-01 07:19:28.275259+00
61914,8.78,2026-03-01 07:20:35.338687+00
61915,8.14,2026-03-01 07:21:28.847735+00
61916,8.96,2026-03-01 07:22:21.529097+00
61917,8.82,2026-03-01 07:23:10.775809+00
61918,9.17,2026-03-01 07:24:32.298601+00
61919,8.06,2026-03-01 07:25:14.232903+00
61920,8,2026-03-01 07:26:01.648836+00
61921,9.02,2026-03-01 07:27:49.224572+00
61922,8.68,2026-03-01 07:28:10.917493+00
61923,8.05,2026-03-01 07:29:08.163176+00
61924,8.09,2026-03-01 07:30:23.810237+00
61925,7.7,2026-03-01 07:31:30.829131+00
61926,8.38,2026-03-01 07:33:09.491577+00
61927,9.16,2026-03-01 07:34:11.98747+00
61928,9.3,2026-03-01 07:35:01.089665+00
61929,9.29,2026-03-01 07:36:44.77316+00
61930,9.24,2026-03-01 07:37:08.543427+00
61931,8.6,2026-03-01 07:38:16.974231+00
61932,8.82,2026-03-01 07:39:05.326414+00
61933,9,2026-03-01 07:40:23.404163+00
61934,8.57,2026-03-01 07:41:44.843618+00
61935,7.89,2026-03-01 07:42:28.473158+00
61936,9.45,2026-03-01 07:43:19.827638+00
61937,8.44,2026-03-01 07:44:20.959289+00
61938,8.39,2026-03-01 07:45:15.531204+00
61939,8.57,2026-03-01 07:46:38.562372+00
61940,8.06,2026-03-01 07:47:37.772355+00
61941,9.59,2026-03-01 07:49:29.732944+00
61942,9.65,2026-03-01 07:50:31.608973+00
61943,8.51,2026-03-01 07:51:00.749927+00
61944,9.71,2026-03-01 07:52:30.637694+00
61945,9.49,2026-03-01 07:53:23.278903+00
61946,8.99,2026-03-01 07:54:17.714229+00
61947,9.71,2026-03-01 07:55:32.26848+00
61948,9.08,2026-03-01 07:56:09.835435+00
61949,8.87,2026-03-01 07:57:34.533892+00
61950,8.12,2026-03-01 07:58:09.594965+00
61951,7.92,2026-03-01 07:59:24.566548+00
61952,8.39,2026-03-01 08:00:49.008488+00
61953,8.98,2026-03-01 08:01:25.200879+00
61954,7.88,2026-03-01 08:02:13.56792+00
61955,7.87,2026-03-01 08:05:31.208611+00
61956,8.3,2026-03-01 08:06:00.700975+00
61957,7.96,2026-03-01 08:07:02.862353+00
61958,9,2026-03-01 08:08:41.663321+00
61959,8.53,2026-03-01 08:09:28.595242+00
61960,8.37,2026-03-01 08:10:26.741013+00
61961,8.72,2026-03-01 08:11:17.517251+00
61962,9.16,2026-03-01 08:12:00.53471+00
61963,9.71,2026-03-01 08:13:25.135206+00
61964,9.52,2026-03-01 08:14:24.358033+00
61965,9.22,2026-03-01 08:16:31.930953+00
61966,8.06,2026-03-01 08:17:18.664491+00
61967,8.93,2026-03-01 08:18:45.956719+00
61968,9.23,2026-03-01 08:19:14.474348+00
61969,9.19,2026-03-01 08:20:07.156988+00
61970,8.9,2026-03-01 08:21:21.33287+00
61971,8.44,2026-03-01 08:22:10.468024+00
61972,8.77,2026-03-01 08:23:49.593463+00
61973,7.99,2026-03-01 08:24:07.304279+00
61974,9.5,2026-03-01 08:25:05.808366+00
61975,9.69,2026-03-01 08:26:05.949442+00
61976,7.96,2026-03-01 08:27:49.957673+00
61977,9.27,2026-03-01 08:28:06.297754+00
61978,9.27,2026-03-01 08:29:08.157246+00
61979,9.81,2026-03-01 08:30:27.343847+00
61980,9.28,2026-03-01 08:32:00.948562+00
61981,8.17,2026-03-01 08:33:25.763718+00
61982,9.55,2026-03-01 08:34:30.933491+00
61983,8.25,2026-03-01 08:35:34.834483+00
61984,9.25,2026-03-01 08:36:28.978852+00
61985,8.6,2026-03-01 08:37:44.755733+00
61986,9.6,2026-03-01 08:38:32.183055+00
61987,8.01,2026-03-01 08:39:03.778519+00
61988,9.03,2026-03-01 08:40:13.645297+00
61989,8.31,2026-03-01 08:41:20.295406+00
61990,8.9,2026-03-01 08:42:44.360376+00
61991,8.26,2026-03-01 08:43:32.160375+00
61992,8.59,2026-03-01 08:44:09.501228+00
61993,8.32,2026-03-01 08:45:40.76012+00
61994,9.58,2026-03-01 08:47:44.501591+00
61995,9.34,2026-03-01 08:48:25.14335+00
61996,9.4,2026-03-01 08:49:25.476483+00
61997,8.74,2026-03-01 08:50:47.69833+00
61998,8.59,2026-03-01 08:51:19.098056+00
61999,8.68,2026-03-01 08:52:35.453209+00
62000,8.23,2026-03-01 08:53:25.697742+00
62001,8.46,2026-03-01 08:54:31.938963+00
62002,9.98,2026-03-01 08:55:40.291176+00
62003,9.01,2026-03-01 08:56:10.690426+00
62004,8.6,2026-03-01 08:57:18.89618+00
62005,9.68,2026-03-01 08:58:40.510697+00
62006,8.75,2026-03-01 08:59:27.864064+00
62007,9.44,2026-03-01 09:00:40.420728+00
62008,9.45,2026-03-01 09:03:21.358632+00
62009,9.15,2026-03-01 09:04:13.723182+00
62010,8.02,2026-03-01 09:05:33.900599+00
62011,8.99,2026-03-01 09:06:28.444798+00
62012,9.65,2026-03-01 09:07:45.292509+00
62013,9.98,2026-03-01 09:08:13.04577+00
62014,9.61,2026-03-01 09:09:08.844841+00
62015,9.02,2026-03-01 09:10:12.74817+00
62016,9.15,2026-03-01 09:11:24.667554+00
62017,9.33,2026-03-01 09:12:07.663664+00
62018,8.72,2026-03-01 09:13:29.200875+00
62019,8.29,2026-03-01 09:15:11.576819+00
62020,9.18,2026-03-01 09:16:20.876653+00
62021,8.71,2026-03-01 09:17:40.541521+00
62022,8.8,2026-03-01 09:18:46.874256+00
62023,8.23,2026-03-01 09:19:32.109402+00
62024,8.63,2026-03-01 09:20:29.222628+00
62025,9.11,2026-03-01 09:21:16.682666+00
62026,10.01,2026-03-01 09:22:26.584566+00
62027,10.1,2026-03-01 09:23:03.25522+00
62028,9.39,2026-03-01 09:24:42.914508+00
62029,9.57,2026-03-01 09:25:03.243159+00
62030,8.83,2026-03-01 09:26:49.474648+00
62031,9.28,2026-03-01 09:27:08.126724+00
62032,8.62,2026-03-01 09:28:01.016246+00
62033,9.9,2026-03-01 09:30:42.766893+00
62034,8.44,2026-03-01 09:31:24.117148+00
62035,10.28,2026-03-01 09:32:02.259228+00
62036,10.1,2026-03-01 09:33:42.984976+00
62037,9.82,2026-03-01 09:34:25.555451+00
62038,9.71,2026-03-01 09:35:05.430557+00
62039,10.06,2026-03-01 09:36:49.347647+00
62040,9.69,2026-03-01 09:37:17.98912+00
62041,10.28,2026-03-01 09:38:45.247715+00
62042,10.03,2026-03-01 09:39:25.426975+00
62043,9.7,2026-03-01 09:40:48.763729+00
62044,10.24,2026-03-01 09:41:32.673933+00
62045,8.48,2026-03-01 09:43:11.750805+00
62046,10.04,2026-03-01 09:44:14.756823+00
62047,9.45,2026-03-01 09:45:33.121542+00
62048,9.67,2026-03-01 09:46:07.243698+00
62049,10.38,2026-03-01 09:47:28.170436+00
62050,9.24,2026-03-01 09:48:16.632439+00
62051,9.17,2026-03-01 09:49:37.441243+00
62052,9,2026-03-01 09:50:44.998885+00
62053,8.77,2026-03-01 09:51:42.148405+00
62054,9.45,2026-03-01 09:52:38.381188+00
62055,9.72,2026-03-01 09:53:48.021234+00
62056,10.38,2026-03-01 09:54:44.404835+00
62057,9.75,2026-03-01 09:55:04.732266+00
62058,8.78,2026-03-01 09:56:34.289018+00
62059,9.36,2026-03-01 09:57:08.358896+00
62060,9.57,2026-03-01 09:59:27.697953+00
62061,10.22,2026-03-01 10:01:04.470167+00
62062,9.37,2026-03-01 10:02:09.21534+00
62063,10.26,2026-03-01 10:03:20.770705+00
62064,9.71,2026-03-01 10:04:09.464348+00
62065,9.39,2026-03-01 10:05:16.50465+00
62066,9.55,2026-03-01 10:06:27.959404+00
62067,10.53,2026-03-01 10:07:14.870237+00
62068,9.25,2026-03-01 10:08:34.818961+00
62069,8.97,2026-03-01 10:09:18.559066+00
62070,9.83,2026-03-01 10:10:30.715184+00
62071,9.78,2026-03-01 10:11:11.906152+00
62072,10.46,2026-03-01 10:12:32.441441+00
62073,9.77,2026-03-01 10:14:04.72838+00
62074,10.5,2026-03-01 10:15:38.996582+00
62075,10.67,2026-03-01 10:16:06.470405+00
62076,10,2026-03-01 10:17:20.532255+00
62077,10.46,2026-03-01 10:18:28.565871+00
62078,10.69,2026-03-01 10:19:40.218125+00
62079,9.69,2026-03-01 10:20:27.381217+00
62080,9.88,2026-03-01 10:21:11.886321+00
62081,9.57,2026-03-01 10:22:28.183449+00
62082,9.81,2026-03-01 10:23:43.14213+00
62083,10.62,2026-03-01 10:24:07.850836+00
62084,9.29,2026-03-01 10:25:07.905114+00
62085,10.54,2026-03-01 10:26:47.735819+00
62086,10.48,2026-03-01 10:27:20.282431+00
62087,9.23,2026-03-01 10:28:03.293112+00
62088,10.22,2026-03-01 10:30:18.577718+00
62089,10.14,2026-03-01 10:31:33.882145+00
62090,10.37,2026-03-01 10:32:29.593187+00
62091,8.76,2026-03-01 10:33:49.6122+00
62092,9.99,2026-03-01 10:34:33.37234+00
62093,9.77,2026-03-01 10:35:48.213148+00
62094,10.63,2026-03-01 10:36:20.044065+00
62095,9.44,2026-03-01 10:37:27.490704+00
62096,9.05,2026-03-01 10:38:18.196678+00
62097,9.26,2026-03-01 10:39:01.641997+00
62098,8.8,2026-03-01 10:40:20.538582+00
62099,10.08,2026-03-01 10:41:37.231953+00
62100,8.72,2026-03-01 10:42:42.999834+00
62101,10.52,2026-03-01 10:44:05.880372+00
62102,8.95,2026-03-01 10:45:16.053955+00
62103,10.2,2026-03-01 10:46:28.129468+00
62104,10.06,2026-03-01 10:47:29.053194+00
62105,9.12,2026-03-01 10:48:13.495489+00
62106,8.79,2026-03-01 10:49:06.661387+00
62107,8.93,2026-03-01 10:50:09.441998+00
62108,8.75,2026-03-01 10:51:02.723087+00
62109,10.34,2026-03-01 10:52:34.86125+00
62110,10.48,2026-03-01 10:53:49.058739+00
62111,8.96,2026-03-01 10:54:35.874867+00
62112,10.06,2026-03-01 10:55:31.119961+00
62113,10.65,2026-03-01 10:56:11.940847+00
62114,10.47,2026-03-01 10:57:15.737589+00
62115,9.53,2026-03-01 10:59:26.091492+00
62116,8.81,2026-03-01 11:00:41.643201+00
62117,9.5,2026-03-01 11:01:32.612752+00
62118,10,2026-03-01 11:02:21.033834+00
62119,10.48,2026-03-01 11:03:35.373093+00
62120,9.04,2026-03-01 11:04:13.259001+00
62121,10.34,2026-03-01 11:05:46.103677+00
62122,10.43,2026-03-01 11:06:00.424538+00
62123,8.83,2026-03-01 11:07:40.689746+00
62124,8.77,2026-03-01 11:08:19.131914+00
62125,10.22,2026-03-01 11:09:36.974202+00
62126,9.22,2026-03-01 11:10:45.177987+00
62127,10.31,2026-03-01 11:11:19.981525+00
62128,10.38,2026-03-01 11:13:37.699888+00
62129,8.85,2026-03-01 11:14:03.684338+00
62130,9.25,2026-03-01 11:15:00.144186+00
62131,9.64,2026-03-01 11:16:29.770898+00
62132,10.72,2026-03-01 11:17:39.846287+00
62133,9.39,2026-03-01 11:18:15.380365+00
62134,8.92,2026-03-01 11:19:16.346605+00
62135,9.97,2026-03-01 11:20:00.767648+00
62136,10.87,2026-03-01 11:21:30.361958+00
62137,10.89,2026-03-01 11:22:06.22958+00
62138,9.46,2026-03-01 11:23:19.81893+00
62139,10.87,2026-03-01 11:24:02.885509+00
62140,9.69,2026-03-01 11:25:07.460887+00
62141,10.87,2026-03-01 11:27:26.665658+00
62142,9.2,2026-03-01 11:28:39.583904+00
62143,9.59,2026-03-01 11:29:43.910084+00
62144,10.37,2026-03-01 11:30:06.078226+00
62145,10.76,2026-03-01 11:31:07.101668+00
62146,10.83,2026-03-01 11:32:12.029988+00
62147,9.39,2026-03-01 11:33:23.186786+00
62148,9.91,2026-03-01 11:34:22.501023+00
62149,9.23,2026-03-01 11:35:01.962563+00
62150,9.46,2026-03-01 11:36:03.433356+00
62151,9.96,2026-03-01 11:37:08.110119+00
62152,9.61,2026-03-01 11:38:38.548951+00
62153,10.13,2026-03-01 11:39:14.601598+00
62154,10.25,2026-03-01 11:40:28.191272+00
62155,9.6,2026-03-01 11:41:06.352232+00
62156,9.51,2026-03-01 11:42:30.703762+00
62157,10.26,2026-03-01 11:43:27.010098+00
62158,11.07,2026-03-01 11:44:20.227832+00
62159,9.71,2026-03-01 11:45:22.306142+00
62160,9.61,2026-03-01 11:46:37.357573+00
62161,11.17,2026-03-01 11:48:38.636835+00
62162,9.46,2026-03-01 11:49:34.615744+00
62163,10.7,2026-03-01 11:50:49.911859+00
62164,10.51,2026-03-01 11:51:25.956833+00
62165,10.41,2026-03-01 11:52:37.46249+00
62166,10.34,2026-03-01 11:53:11.883694+00
62167,9.32,2026-03-01 11:54:30.405081+00
62168,10.06,2026-03-01 11:55:39.055134+00
62169,10.94,2026-03-01 11:56:03.091448+00
62170,9.73,2026-03-01 11:57:26.974346+00
62171,10.22,2026-03-01 11:58:30.888295+00
62172,10.23,2026-03-01 11:59:49.607845+00
62173,10.43,2026-03-01 12:00:43.684834+00
62174,11.07,2026-03-01 12:01:20.185052+00
62175,10.52,2026-03-01 12:03:11.42098+00
62176,10.31,2026-03-01 12:04:44.35676+00
62177,10.37,2026-03-01 12:05:23.266105+00
62178,9.59,2026-03-01 12:06:01.951539+00
62179,9.65,2026-03-01 12:08:17.50398+00
62180,9.72,2026-03-01 12:09:21.185647+00
62181,9.46,2026-03-01 12:10:21.653608+00
62182,9.93,2026-03-01 12:11:03.683049+00
62183,10.01,2026-03-01 12:12:20.142598+00
62184,11.04,2026-03-01 12:14:01.190375+00
62185,10.96,2026-03-01 12:15:24.674986+00
62186,10.62,2026-03-01 12:16:48.860913+00
62187,9.91,2026-03-01 12:17:17.595713+00
62188,11.12,2026-03-01 12:18:40.353592+00
62189,9.7,2026-03-01 12:19:42.688979+00
62190,10.53,2026-03-01 12:20:21.928401+00
62191,11.11,2026-03-01 12:21:34.362731+00
62192,10.05,2026-03-01 12:22:06.10977+00
62193,10.12,2026-03-01 12:23:11.39284+00
62194,10.87,2026-03-01 12:24:11.501001+00
62195,11.21,2026-03-01 12:25:41.373579+00
62196,10.16,2026-03-01 12:26:43.837032+00
62197,11.06,2026-03-01 12:28:20.273819+00
62198,10.25,2026-03-01 12:29:10.145587+00
62199,10.61,2026-03-01 12:30:49.178952+00
62200,10.83,2026-03-01 12:31:38.766176+00
62201,10.6,2026-03-01 12:32:07.633287+00
62202,11.22,2026-03-01 12:33:27.318415+00
62203,11.63,2026-03-01 12:34:38.403236+00
62204,11.02,2026-03-01 12:35:35.545991+00
62205,10.06,2026-03-01 12:36:01.886522+00
62206,10.68,2026-03-01 12:37:18.420261+00
62207,11.33,2026-03-01 12:38:05.230561+00
62208,10.57,2026-03-01 12:39:21.846749+00
62209,11.98,2026-03-01 12:40:22.963234+00
62210,11.09,2026-03-01 12:42:34.802465+00
62211,11.56,2026-03-01 12:43:08.156946+00
62212,10.1,2026-03-01 12:44:18.068057+00
62213,12.36,2026-03-01 12:45:02.464915+00
62214,11.24,2026-03-01 12:46:22.783349+00
62215,12.01,2026-03-01 12:47:20.617793+00
62216,12.26,2026-03-01 12:48:38.020508+00
62217,12.09,2026-03-01 12:49:18.036904+00
62218,11.73,2026-03-01 12:50:16.158998+00
62219,12.06,2026-03-01 12:51:36.112352+00
62220,10.68,2026-03-01 12:52:20.896758+00
62221,11.17,2026-03-01 12:53:49.567466+00
62222,11.34,2026-03-01 12:54:36.024754+00
62223,11.97,2026-03-01 12:55:03.157724+00
62224,12.22,2026-03-01 12:57:03.450934+00
62225,11.67,2026-03-01 12:58:49.965866+00
62226,10.82,2026-03-01 12:59:48.712822+00
62227,11.06,2026-03-01 13:00:46.136875+00
62228,11.01,2026-03-01 13:01:25.956256+00
62229,12.1,2026-03-01 13:02:03.248415+00
62230,12.31,2026-03-01 13:03:49.971847+00
62231,12.24,2026-03-01 13:04:22.119484+00
62232,11.15,2026-03-01 13:05:43.901003+00
62233,12.58,2026-03-01 13:06:35.010228+00
62234,12.07,2026-03-01 13:07:28.808161+00
62235,12.52,2026-03-01 13:08:07.031204+00
62236,10.85,2026-03-01 13:09:02.615323+00
62237,10.92,2026-03-01 13:10:17.729933+00
62238,12.22,2026-03-01 13:12:37.568022+00
62239,10.97,2026-03-01 13:13:48.8547+00
62240,10.86,2026-03-01 13:14:28.871525+00
62241,11.1,2026-03-01 13:15:19.236803+00
62242,11.13,2026-03-01 13:16:09.033335+00
62243,11.29,2026-03-01 13:18:07.800701+00
62244,11,2026-03-01 13:19:19.070009+00
62245,12.67,2026-03-01 13:20:02.6839+00
62246,11.56,2026-03-01 13:21:19.363564+00
62247,11.95,2026-03-01 13:22:22.343222+00
62248,11.43,2026-03-01 13:24:05.412301+00
62249,11.55,2026-03-01 13:25:01.834587+00
62250,12.03,2026-03-01 13:26:12.723554+00
62251,11.96,2026-03-01 13:27:41.232014+00
62252,11.13,2026-03-01 13:28:34.523243+00
62253,12.03,2026-03-01 13:29:33.66706+00
62254,11.19,2026-03-01 13:30:21.821498+00
62255,11.05,2026-03-01 13:31:01.747816+00
62256,12.83,2026-03-01 13:32:04.930403+00
62257,11.56,2026-03-01 13:33:32.024196+00
62258,12.78,2026-03-01 13:34:20.900736+00
62259,12.5,2026-03-01 13:35:25.121739+00
62260,11.83,2026-03-01 13:36:09.740309+00
62261,12.7,2026-03-01 13:37:10.759761+00
62262,11.44,2026-03-01 13:38:29.336419+00
62263,12.39,2026-03-01 13:40:25.483637+00
62264,12.84,2026-03-01 13:41:24.518397+00
62265,12.45,2026-03-01 13:42:38.790126+00
62266,11.44,2026-03-01 13:43:17.88047+00
62267,11.12,2026-03-01 13:44:13.38766+00
62268,11.19,2026-03-01 13:45:23.069935+00
62269,12.44,2026-03-01 13:46:49.401433+00
62270,12.4,2026-03-01 13:47:47.9995+00
62271,12.4,2026-03-01 13:48:38.365824+00
62272,11.96,2026-03-01 13:49:26.109004+00
62273,11,2026-03-01 13:50:09.26684+00
62274,11.29,2026-03-01 13:51:32.596002+00
62275,12.46,2026-03-01 13:53:45.861424+00
62276,10.96,2026-03-01 13:54:03.158696+00
62277,10.66,2026-03-01 13:55:18.660387+00
62278,12.52,2026-03-01 13:56:42.101888+00
62279,11.69,2026-03-01 13:57:15.836508+00
62280,11.77,2026-03-01 13:58:20.69849+00
62281,10.83,2026-03-01 13:59:38.265922+00
62282,12.43,2026-03-01 14:00:24.515021+00
62283,11.27,2026-03-01 14:01:23.356621+00
62284,11.38,2026-03-01 14:02:02.862799+00
62285,11.2,2026-03-01 14:03:46.489833+00
62286,10.5,2026-03-01 14:04:35.751218+00
62287,10.66,2026-03-01 14:05:31.201363+00
62288,10.96,2026-03-01 14:06:49.09149+00
62289,10.77,2026-03-01 14:07:03.54113+00
62290,11.09,2026-03-01 14:09:07.554196+00
62291,11.97,2026-03-01 14:11:10.156477+00
62292,10.83,2026-03-01 14:12:49.766445+00
62293,11.63,2026-03-01 14:13:14.958549+00
62294,11.61,2026-03-01 14:14:36.925135+00
62295,11.28,2026-03-01 14:15:02.733098+00
62296,11.14,2026-03-01 14:16:46.253736+00
62297,12.09,2026-03-01 14:17:13.118719+00
62298,10.54,2026-03-01 14:18:05.93103+00
62299,10.59,2026-03-01 14:19:44.687995+00
62300,12.48,2026-03-01 14:20:40.185413+00
62301,11.81,2026-03-01 14:21:41.180907+00
62302,10.67,2026-03-01 14:23:07.81898+00
62303,12.07,2026-03-01 14:24:10.269767+00
62304,11.06,2026-03-01 14:25:25.216307+00
62305,11.09,2026-03-01 14:26:26.647468+00
62306,11.11,2026-03-01 14:27:27.218517+00
62307,12.2,2026-03-01 14:28:02.905287+00
62308,12.45,2026-03-01 14:29:46.604933+00
62309,11.96,2026-03-01 14:30:13.57493+00
62310,11.85,2026-03-01 14:31:44.697919+00
62311,12.34,2026-03-01 14:32:00.212015+00
62312,12.18,2026-03-01 14:33:27.23961+00
62313,10.94,2026-03-01 14:34:11.403018+00
62314,12.11,2026-03-01 14:35:33.339925+00
62315,11.02,2026-03-01 14:36:00.229664+00
62316,10.86,2026-03-01 14:38:37.768946+00
62317,12.62,2026-03-01 14:39:42.597917+00
62318,12.42,2026-03-01 14:40:19.403901+00
62319,11.73,2026-03-01 14:41:25.149204+00
62320,11,2026-03-01 14:42:07.649414+00
62321,11.7,2026-03-01 14:43:16.446925+00
62322,11.11,2026-03-01 14:44:17.414189+00
62323,11.6,2026-03-01 14:45:18.381392+00
62324,12.65,2026-03-01 14:46:34.762353+00
62325,12.08,2026-03-01 14:47:15.806707+00
62326,12.25,2026-03-01 14:48:42.349679+00
62327,12.44,2026-03-01 14:49:10.471004+00
62328,12.12,2026-03-01 14:51:28.554429+00
62329,10.86,2026-03-01 14:52:12.997773+00
62330,11.13,2026-03-01 14:53:40.54626+00
62331,12.51,2026-03-01 14:54:17.494825+00
62332,12.08,2026-03-01 14:55:27.444784+00
62333,11.27,2026-03-01 14:56:36.70468+00
62334,12.63,2026-03-01 14:57:33.455531+00
62335,11.1,2026-03-01 14:58:29.364357+00
62336,11.44,2026-03-01 14:59:25.611552+00
62337,11.7,2026-03-01 15:00:11.976016+00
62338,11.94,2026-03-01 15:01:27.752051+00
62339,11,2026-03-01 15:02:42.864839+00
62340,11.4,2026-03-01 15:04:03.070998+00
62341,11.28,2026-03-01 15:05:08.143638+00
62342,10.92,2026-03-01 15:06:29.348309+00
62343,12.86,2026-03-01 15:07:47.050259+00
62344,12.14,2026-03-01 15:08:22.959053+00
62345,12.15,2026-03-01 15:09:42.277143+00
62346,12.11,2026-03-01 15:10:27.424087+00
62347,12.76,2026-03-01 15:11:35.279446+00
62348,11.47,2026-03-01 15:12:40.277846+00
62349,12.55,2026-03-01 15:13:31.439679+00
62350,11.05,2026-03-01 15:14:38.898168+00
62351,11.6,2026-03-01 15:16:10.781968+00
62352,12.59,2026-03-01 15:17:26.160877+00
62353,11.37,2026-03-01 15:18:26.889132+00
62354,11.76,2026-03-01 15:19:45.128017+00
62355,12.38,2026-03-01 15:20:25.798979+00
62356,10.91,2026-03-01 15:21:11.443934+00
62357,12.18,2026-03-01 15:22:30.566834+00
62358,12.22,2026-03-01 15:23:42.426323+00
62359,12.56,2026-03-01 15:24:21.074216+00
62360,11.64,2026-03-01 15:25:25.892344+00
62361,11.31,2026-03-01 15:26:19.111939+00
62362,12.35,2026-03-01 15:27:30.667654+00
62363,12.84,2026-03-01 15:28:18.470414+00
62364,11.08,2026-03-01 15:29:46.601795+00
62365,12.48,2026-03-01 15:30:16.21384+00
62366,11.22,2026-03-01 15:32:46.814814+00
62367,11.06,2026-03-01 15:33:15.447794+00
62368,12.5,2026-03-01 15:34:01.256849+00
62369,11.33,2026-03-01 15:35:11.951045+00
62370,11.09,2026-03-01 15:36:18.170235+00
62371,11.15,2026-03-01 15:37:05.312108+00
62372,11.15,2026-03-01 15:38:12.53922+00
62373,12.09,2026-03-01 15:39:36.228725+00
62374,11.95,2026-03-01 15:40:10.912415+00
62375,12.18,2026-03-01 15:41:41.777707+00
62376,11.39,2026-03-01 15:42:39.809205+00
62377,12.61,2026-03-01 15:43:23.362845+00
62378,12.92,2026-03-01 15:44:08.306267+00
62379,11.21,2026-03-01 15:45:00.332787+00
62380,12.12,2026-03-01 15:46:31.800902+00
62381,10.91,2026-03-01 15:48:35.796722+00
62382,10.99,2026-03-01 15:49:29.059969+00
62383,12.21,2026-03-01 15:50:45.398666+00
62384,11.07,2026-03-01 15:51:48.867288+00
62385,12.84,2026-03-01 15:52:26.207179+00
62386,11.76,2026-03-01 15:53:41.506463+00
62387,12.22,2026-03-01 15:54:41.471038+00
62388,11.64,2026-03-01 15:55:02.611579+00
62389,11.09,2026-03-01 15:56:35.007294+00
62390,12.21,2026-03-01 15:57:00.411553+00
62391,12.05,2026-03-01 15:58:33.496815+00
62392,12.2,2026-03-01 15:59:38.354299+00
62393,12.08,2026-03-01 16:00:40.607882+00
62394,12.04,2026-03-01 16:02:16.770185+00
62395,11.63,2026-03-01 16:03:15.232301+00
62396,10.94,2026-03-01 16:04:30.709348+00
62397,12.56,2026-03-01 16:05:44.668408+00
62398,11.59,2026-03-01 16:06:33.318954+00
62399,12.24,2026-03-01 16:07:06.14434+00
62400,12.42,2026-03-01 16:08:01.303086+00
62401,11.11,2026-03-01 16:09:30.55312+00
62402,12.34,2026-03-01 16:10:47.240751+00
62403,11.06,2026-03-01 16:11:03.059979+00
62404,11.67,2026-03-01 16:12:00.087466+00
62405,12.16,2026-03-01 16:13:15.785853+00
62406,12.53,2026-03-01 16:14:19.923984+00
62407,11.37,2026-03-01 16:15:21.185748+00
62408,11.95,2026-03-01 16:17:01.148322+00
62409,11.38,2026-03-01 16:18:37.010729+00
62410,11.12,2026-03-01 16:19:01.122609+00
62411,11.9,2026-03-01 16:20:07.748861+00
62412,12.31,2026-03-01 16:21:13.296762+00
62413,11.48,2026-03-01 16:22:38.139039+00
62414,11.79,2026-03-01 16:23:16.852889+00
62415,12.5,2026-03-01 16:24:21.240924+00
62416,11.35,2026-03-01 16:25:03.24519+00
62417,12.68,2026-03-01 16:26:04.271764+00
62418,12.07,2026-03-01 16:27:32.203052+00
62419,11.3,2026-03-01 16:28:35.783876+00
62420,11.19,2026-03-01 16:29:29.397038+00
62421,11.34,2026-03-01 16:31:29.683273+00
62422,12.29,2026-03-01 16:32:39.711276+00
62423,11.9,2026-03-01 16:33:34.27105+00
62424,11.22,2026-03-01 16:34:15.560487+00
62425,11.82,2026-03-01 16:35:38.778523+00
62426,12.13,2026-03-01 16:36:27.75468+00
62427,12.15,2026-03-01 16:37:49.298361+00
62428,11.06,2026-03-01 16:38:09.801712+00
62429,12.04,2026-03-01 16:39:16.309896+00
62430,12.05,2026-03-01 16:40:15.708849+00
62431,11.49,2026-03-01 16:41:40.836151+00
62432,12.19,2026-03-01 16:42:25.50527+00
62433,11.06,2026-03-01 16:43:24.707758+00
62434,11.38,2026-03-01 16:44:02.77235+00
62435,11.37,2026-03-01 16:46:44.794837+00
62436,10.43,2026-03-01 16:47:45.98753+00
62437,10.78,2026-03-01 16:48:45.022856+00
62438,10.92,2026-03-01 16:49:34.53313+00
62439,10.48,2026-03-01 16:50:18.07679+00
62440,10.82,2026-03-01 16:51:11.689077+00
62441,10.56,2026-03-01 16:52:15.081314+00
62442,10.85,2026-03-01 16:53:47.81179+00
62443,12.18,2026-03-01 16:54:14.843128+00
62444,10.54,2026-03-01 16:55:15.262358+00
62445,11.24,2026-03-01 16:56:42.645226+00
62446,11.43,2026-03-01 16:57:48.9726+00
62447,11.09,2026-03-01 16:58:03.728019+00
62448,10.81,2026-03-01 16:59:09.594907+00
62449,11.01,2026-03-01 17:00:34.603223+00
62450,10.25,2026-03-01 17:02:45.21959+00
62451,10.46,2026-03-01 17:03:19.326914+00
62452,10.75,2026-03-01 17:04:01.781708+00
62453,12.08,2026-03-01 17:05:49.12654+00
62454,11.5,2026-03-01 17:06:01.804106+00
62455,12.04,2026-03-01 17:07:36.025898+00
62456,10.79,2026-03-01 17:08:39.344417+00
62457,10.56,2026-03-01 17:09:31.456702+00
62458,10.76,2026-03-01 17:10:15.808881+00
62459,11.39,2026-03-01 17:11:45.435221+00
62460,11.07,2026-03-01 17:12:47.238743+00
62461,10.36,2026-03-01 17:13:36.621366+00
62462,10.98,2026-03-01 17:14:25.531263+00
62463,11.41,2026-03-01 17:15:26.452567+00
62464,10.62,2026-03-01 17:17:20.537884+00
62465,11.31,2026-03-01 17:18:06.641409+00
62466,11.81,2026-03-01 17:19:35.516528+00
62467,12.13,2026-03-01 17:20:30.76384+00
62468,10.63,2026-03-01 17:21:02.801042+00
62469,11.95,2026-03-01 17:22:22.879326+00
62470,11.45,2026-03-01 17:23:13.070012+00
62471,11.49,2026-03-01 17:24:27.636857+00
62472,12.2,2026-03-01 17:25:35.099118+00
62473,12.05,2026-03-01 17:26:11.640671+00
62474,11.17,2026-03-01 17:27:40.368571+00
62475,11.02,2026-03-01 17:28:37.37514+00
62476,12.13,2026-03-01 17:29:23.464413+00
62477,11.04,2026-03-01 17:30:01.783821+00
62478,11.38,2026-03-01 17:32:00.118599+00
62479,12.06,2026-03-01 17:33:13.343785+00
62480,11.32,2026-03-01 17:34:41.205711+00
62481,12.03,2026-03-01 17:35:32.625932+00
62482,10.88,2026-03-01 17:36:12.403956+00
62483,10.96,2026-03-01 17:37:44.674394+00
62484,11.46,2026-03-01 17:38:29.771957+00
62485,11.66,2026-03-01 17:39:31.939707+00
62486,11.98,2026-03-01 17:40:28.961855+00
62487,10.8,2026-03-01 17:41:36.943892+00
62488,10.61,2026-03-01 17:42:03.967886+00
62489,11.6,2026-03-01 17:43:17.324172+00
62490,11.49,2026-03-01 17:44:23.361597+00
62491,10.85,2026-03-01 17:45:32.470837+00
62492,10.42,2026-03-01 17:46:46.713832+00
62493,12.25,2026-03-01 17:48:45.291567+00
62494,11.87,2026-03-01 17:49:31.081861+00
62495,11.59,2026-03-01 17:50:38.712293+00
62496,12.09,2026-03-01 17:51:38.733946+00
62497,10.72,2026-03-01 17:52:44.180407+00
62498,12.03,2026-03-01 17:53:05.370601+00
62499,10.89,2026-03-01 17:54:23.551712+00
62500,11.05,2026-03-01 17:55:10.432042+00
62501,12.28,2026-03-01 17:56:44.84679+00
62502,10.79,2026-03-01 17:57:22.114194+00
62503,11.48,2026-03-01 17:58:11.785988+00
62504,10.34,2026-03-01 17:59:37.587881+00
62505,12.07,2026-03-01 18:00:48.236944+00
62506,10.58,2026-03-01 18:01:47.084705+00
62507,11.84,2026-03-01 18:03:13.284163+00
62508,11.67,2026-03-01 18:04:01.275332+00
62509,11.09,2026-03-01 18:05:38.161611+00
62510,10.91,2026-03-01 18:06:07.771109+00
62511,11.87,2026-03-01 18:07:28.531019+00
62512,11.11,2026-03-01 18:08:13.815671+00
62513,10.61,2026-03-01 18:09:04.00682+00
62514,10.58,2026-03-01 18:10:46.672042+00
62515,11.66,2026-03-01 18:11:11.39841+00
62516,11.42,2026-03-01 18:12:29.736598+00
62517,11.83,2026-03-01 18:13:44.127774+00
62518,12.14,2026-03-01 18:14:38.45216+00
62519,11.27,2026-03-01 18:15:35.168774+00
62520,11.84,2026-03-01 18:16:44.862748+00
62521,10.78,2026-03-01 18:18:41.043021+00
62522,10.57,2026-03-01 18:19:48.738696+00
62523,10.76,2026-03-01 18:20:38.461568+00
62524,10.67,2026-03-01 18:21:05.624952+00
62525,12.18,2026-03-01 18:22:14.770644+00
62526,11.98,2026-03-01 18:23:47.684599+00
62527,10.88,2026-03-01 18:24:01.483111+00
62528,11.78,2026-03-01 18:25:34.569349+00
62529,12.13,2026-03-01 18:26:30.19943+00
62530,11.43,2026-03-01 18:27:06.523204+00
62531,10.9,2026-03-01 18:28:40.051535+00
62532,10.75,2026-03-01 18:29:33.625219+00
62533,10.56,2026-03-01 18:30:13.956427+00
62534,12.03,2026-03-01 18:31:23.181844+00
62535,11.04,2026-03-01 18:33:24.033901+00
62536,12.01,2026-03-01 18:34:04.392815+00
62537,11.17,2026-03-01 18:35:00.831027+00
62538,10.54,2026-03-01 18:36:18.20434+00
62539,11.11,2026-03-01 18:37:02.177962+00
62540,10.44,2026-03-01 18:38:04.382913+00
62541,10.61,2026-03-01 18:39:12.741738+00
62542,12.39,2026-03-01 18:40:05.733816+00
62543,10.62,2026-03-01 18:41:32.685659+00
62544,10.74,2026-03-01 18:42:10.870369+00
62545,11.84,2026-03-01 18:43:46.24019+00
62546,11.73,2026-03-01 18:44:14.871674+00
62547,12.03,2026-03-01 18:45:03.071112+00
62548,11.49,2026-03-01 18:46:45.344134+00
62549,10.54,2026-03-01 18:48:39.427204+00
62550,10.65,2026-03-01 18:49:03.851762+00
62551,10.79,2026-03-01 18:50:08.259504+00
62552,10.96,2026-03-01 18:51:12.433843+00
62553,10.48,2026-03-01 18:52:04.738063+00
62554,10.42,2026-03-01 18:53:09.807259+00
62555,10.34,2026-03-01 18:54:10.033256+00
62556,10.67,2026-03-01 18:55:32.805181+00
62557,10.38,2026-03-01 18:56:04.118381+00
62558,11.4,2026-03-01 18:57:35.321825+00
62559,10.96,2026-03-01 18:58:40.404513+00
62560,11.26,2026-03-01 18:59:43.070851+00
62561,11.86,2026-03-01 19:00:13.019213+00
62562,11.45,2026-03-01 19:02:06.440555+00
62563,10.61,2026-03-01 19:03:24.820611+00
62564,10.99,2026-03-01 19:04:33.253193+00
62565,11.93,2026-03-01 19:05:43.282415+00
62566,10.9,2026-03-01 19:06:33.674802+00
62567,10.34,2026-03-01 19:07:29.373492+00
62568,11.57,2026-03-01 19:08:42.971319+00
62569,10.95,2026-03-01 19:09:32.885327+00
62570,11.16,2026-03-01 19:10:27.61972+00
62571,11.34,2026-03-01 19:11:46.189911+00
62572,11.89,2026-03-01 19:12:38.043977+00
62573,11.15,2026-03-01 19:13:17.22118+00
62574,10.63,2026-03-01 19:14:28.431686+00
62575,12.13,2026-03-01 19:15:41.76582+00
62576,10.66,2026-03-01 19:16:27.779373+00
62577,12.02,2026-03-01 19:18:36.225372+00
62578,10.43,2026-03-01 19:19:42.353861+00
62579,11.37,2026-03-01 19:20:36.705536+00
62580,11.23,2026-03-01 19:21:25.189849+00
62581,11.11,2026-03-01 19:22:28.264344+00
62582,10.39,2026-03-01 19:23:39.488582+00
62583,10.24,2026-03-01 19:24:47.841772+00
62584,11.47,2026-03-01 19:25:39.363536+00
62585,11.13,2026-03-01 19:26:11.872792+00
62586,12.1,2026-03-01 19:27:38.160694+00
62587,12.15,2026-03-01 19:28:41.768677+00
62588,12.15,2026-03-01 19:29:46.940226+00
62589,10.41,2026-03-01 19:30:38.374287+00
62590,11.86,2026-03-01 19:32:24.791192+00
62591,12.16,2026-03-01 19:33:15.560284+00
62592,10.88,2026-03-01 19:34:08.57568+00
62593,11.12,2026-03-01 19:35:14.833255+00
62594,10.41,2026-03-01 19:36:36.66463+00
62595,11.03,2026-03-01 19:37:13.048793+00
62596,10.61,2026-03-01 19:38:43.902214+00
62597,11.34,2026-03-01 19:39:19.278651+00
62598,10.57,2026-03-01 19:40:39.320798+00
62599,11.03,2026-03-01 19:41:11.706813+00
62600,11.85,2026-03-01 19:42:32.147697+00
62601,11.5,2026-03-01 19:43:38.724167+00
62602,11.77,2026-03-01 19:44:37.372282+00
62603,11.51,2026-03-01 19:45:38.879204+00
62604,11.47,2026-03-01 19:46:13.945527+00
62605,11.35,2026-03-01 19:48:23.015588+00
62606,11.91,2026-03-01 19:49:07.881379+00
62607,11.72,2026-03-01 19:50:33.338239+00
62608,10.98,2026-03-01 19:51:43.929483+00
62609,11.62,2026-03-01 19:52:42.351202+00
62610,10.49,2026-03-01 19:53:00.612814+00
62611,10.65,2026-03-01 19:54:24.738702+00
62612,12.18,2026-03-01 19:55:06.224856+00
62613,11.02,2026-03-01 19:56:45.058342+00
62614,11.91,2026-03-01 19:57:17.438188+00
62615,11.34,2026-03-01 19:58:26.943292+00
62616,10.63,2026-03-01 19:59:04.405585+00
62617,11.42,2026-03-01 20:00:01.19199+00
62618,11.36,2026-03-01 20:01:09.93091+00
62619,10.74,2026-03-01 20:03:11.276153+00
62620,10.59,2026-03-01 20:04:19.383879+00
62621,11.39,2026-03-01 20:05:09.998409+00
62622,11.78,2026-03-01 20:06:31.734235+00
62623,11.92,2026-03-01 20:07:19.013731+00
62624,11.61,2026-03-01 20:08:49.166417+00
62625,10.79,2026-03-01 20:09:03.142048+00
62626,11.37,2026-03-01 20:10:40.661398+00
62627,10.49,2026-03-01 20:11:48.883921+00
62628,11.66,2026-03-01 20:12:43.578863+00
62629,10.49,2026-03-01 20:13:06.867195+00
62630,11.38,2026-03-01 20:14:13.743117+00
62631,10.31,2026-03-01 20:15:00.07346+00
62632,10.62,2026-03-01 20:16:24.901415+00
62633,10.95,2026-03-01 20:18:18.560012+00
62634,12.14,2026-03-01 20:19:47.271098+00
62635,11.11,2026-03-01 20:20:09.989281+00
62636,10.93,2026-03-01 20:21:43.249123+00
62637,10.79,2026-03-01 20:22:25.757693+00
62638,11.37,2026-03-01 20:23:00.356072+00
62639,11.88,2026-03-01 20:24:03.318165+00
62640,11.59,2026-03-01 20:25:49.425612+00
62641,11.87,2026-03-01 20:26:39.960438+00
62642,10.52,2026-03-01 20:27:38.585805+00
62643,11.06,2026-03-01 20:28:13.281361+00
62644,11.9,2026-03-01 20:29:05.950666+00
62645,10.82,2026-03-01 20:30:36.326475+00
62646,10.9,2026-03-01 20:31:47.562221+00
62647,10.93,2026-03-01 20:33:49.63504+00
62648,11.16,2026-03-01 20:34:26.527767+00
62649,12.29,2026-03-01 20:35:29.766977+00
62650,11.78,2026-03-01 20:36:11.728448+00
62651,11.87,2026-03-01 20:37:18.88252+00
62652,12.34,2026-03-01 20:38:49.316598+00
62653,10.53,2026-03-01 20:39:30.175755+00
62654,12.24,2026-03-01 20:40:28.854695+00
62655,11.37,2026-03-01 20:41:13.071251+00
62656,12.04,2026-03-01 20:42:37.468161+00
62657,12.01,2026-03-01 20:43:10.773264+00
62658,12.18,2026-03-01 20:44:07.645946+00
62659,12.14,2026-03-01 20:45:22.111694+00
62660,10.59,2026-03-01 20:46:48.806092+00
62661,11.44,2026-03-01 20:48:21.850886+00
62662,11.01,2026-03-01 20:49:43.859004+00
62663,10.46,2026-03-01 20:50:10.664089+00
62664,11.58,2026-03-01 20:51:35.882482+00
62665,11.99,2026-03-01 20:52:15.2908+00
62666,10.58,2026-03-01 20:53:39.737226+00
62667,11.05,2026-03-01 20:54:31.502623+00
62668,11.53,2026-03-01 20:55:21.530899+00
62669,11.74,2026-03-01 20:56:12.524787+00
62670,10.48,2026-03-01 20:57:29.856053+00
62671,12.07,2026-03-01 20:58:24.22895+00
62672,12.27,2026-03-01 20:59:09.756958+00
62673,10.55,2026-03-01 21:00:23.134716+00
62674,10.72,2026-03-01 21:01:39.231221+00
62675,10.42,2026-03-01 21:03:01.566801+00
62676,11.78,2026-03-01 21:04:09.701809+00
62677,12.14,2026-03-01 21:05:33.622335+00
62678,11.2,2026-03-01 21:06:41.135057+00
62679,11.5,2026-03-01 21:07:06.676528+00
62680,11.52,2026-03-01 21:08:24.004761+00
62681,10.69,2026-03-01 21:09:43.660415+00
62682,11.15,2026-03-01 21:10:45.572565+00
62683,12.31,2026-03-01 21:11:22.02233+00
62684,11.23,2026-03-01 21:12:09.670456+00
62685,10.82,2026-03-01 21:13:02.441197+00
62686,12.29,2026-03-01 21:14:01.690096+00
62687,12.4,2026-03-01 21:15:42.43166+00
62688,11.84,2026-03-01 21:16:44.370406+00
62689,12.14,2026-03-01 21:18:25.902757+00
62690,12.25,2026-03-01 21:19:35.849841+00
62691,12.11,2026-03-01 21:20:07.915532+00
62692,12.28,2026-03-01 21:21:31.539099+00
62693,11.8,2026-03-01 21:22:36.55308+00
62694,12.39,2026-03-01 21:23:25.639552+00
62695,10.86,2026-03-01 21:24:17.473984+00
62696,11.75,2026-03-01 21:25:39.839889+00
62697,10.81,2026-03-01 21:26:15.108743+00
62698,11.51,2026-03-01 21:27:30.256088+00
62699,12.15,2026-03-01 21:30:26.460613+00
62700,11.54,2026-03-01 21:31:43.239806+00
62701,10.87,2026-03-01 21:32:18.069996+00
62702,10.49,2026-03-01 21:33:44.999021+00
62703,11.5,2026-03-01 21:34:33.003346+00
62704,11.17,2026-03-01 21:35:37.498557+00
62705,11.22,2026-03-01 21:36:17.906468+00
62706,10.39,2026-03-01 21:37:43.906678+00
62707,11.75,2026-03-01 21:38:19.820244+00
62708,11.16,2026-03-01 21:39:29.114302+00
62709,10.93,2026-03-01 21:40:22.33197+00
62710,11.39,2026-03-01 21:41:15.518058+00
62711,10.55,2026-03-01 21:43:16.804242+00
62712,11.68,2026-03-01 21:44:32.963197+00
62713,11.48,2026-03-01 21:45:30.353404+00
62714,10.22,2026-03-01 21:46:45.278624+00
62715,10.41,2026-03-01 21:47:22.776601+00
62716,10.74,2026-03-01 21:48:43.177116+00
62717,12.17,2026-03-01 21:49:23.280405+00
62718,11.48,2026-03-01 21:50:23.821197+00
62719,11.17,2026-03-01 21:51:07.483587+00
62720,10.67,2026-03-01 21:52:11.795391+00
62721,11.67,2026-03-01 21:53:23.755947+00
62722,10.6,2026-03-01 21:54:09.734576+00
62723,11.62,2026-03-01 21:55:40.170455+00
62724,11.64,2026-03-01 21:56:38.223899+00
62725,11.79,2026-03-01 21:58:03.88602+00
62726,11.57,2026-03-01 21:59:43.588957+00
62727,12,2026-03-01 22:00:18.799676+00
62728,10.82,2026-03-01 22:01:27.730475+00
62729,12.19,2026-03-01 22:02:06.901188+00
62730,10.87,2026-03-01 22:03:17.843073+00
62731,11.47,2026-03-01 22:04:46.610313+00
62732,10.61,2026-03-01 22:05:34.113851+00
62733,11.9,2026-03-01 22:06:28.36206+00
62734,11.8,2026-03-01 22:07:37.576685+00
62735,11.68,2026-03-01 22:08:27.00141+00
62736,12.01,2026-03-01 22:09:01.045315+00
62737,10.5,2026-03-01 22:10:24.316585+00
62738,10.76,2026-03-01 22:11:40.715459+00
62739,10.74,2026-03-01 22:13:02.686216+00
62740,11.38,2026-03-01 22:14:23.822193+00
62741,10.83,2026-03-01 22:15:43.423854+00
62742,10.21,2026-03-01 22:16:44.731074+00
62743,10.41,2026-03-01 22:17:39.298485+00
62744,10.43,2026-03-01 22:18:29.391984+00
62745,10.54,2026-03-01 22:19:22.877449+00
62746,11.2,2026-03-01 22:20:42.922228+00
62747,11.02,2026-03-01 22:21:17.009057+00
62748,10.68,2026-03-01 22:22:04.366828+00
62749,11.62,2026-03-01 22:23:11.221271+00
62750,11.89,2026-03-01 22:24:28.875326+00
62751,10.87,2026-03-01 22:25:49.0181+00
62752,10.54,2026-03-01 22:26:08.198826+00
62753,11.79,2026-03-01 22:28:38.037215+00
62754,12.01,2026-03-01 22:29:23.589025+00
62755,10.98,2026-03-01 22:30:07.650936+00
62756,12.07,2026-03-01 22:31:18.406702+00
62757,10.58,2026-03-01 22:32:09.743412+00
62758,11.18,2026-03-01 22:33:29.248164+00
62759,10.62,2026-03-01 22:34:08.078092+00
62760,11.71,2026-03-01 22:35:47.851343+00
62761,11.3,2026-03-01 22:36:22.115251+00
62762,12.01,2026-03-01 22:37:31.114073+00
62763,10.15,2026-03-01 22:38:38.044381+00
62764,10.92,2026-03-01 22:39:13.865267+00
62765,10.33,2026-03-01 22:40:28.606804+00
62766,11.55,2026-03-01 22:41:27.726046+00
62767,11.37,2026-03-01 22:43:10.200121+00
62768,10.72,2026-03-01 22:44:15.18052+00
62769,10.79,2026-03-01 22:45:39.834231+00
62770,11.36,2026-03-01 22:46:24.43252+00
62771,10.72,2026-03-01 22:47:16.006509+00
62772,10.29,2026-03-01 22:48:02.079963+00
62773,10.7,2026-03-01 22:49:27.070899+00
62774,10.51,2026-03-01 22:50:34.041836+00
62775,10.81,2026-03-01 22:51:39.318401+00
62776,10.56,2026-03-01 22:52:29.506212+00
62777,10.39,2026-03-01 22:53:49.466639+00
62778,10.88,2026-03-01 22:54:22.318495+00
62779,11.61,2026-03-01 22:55:19.103141+00
62780,11.58,2026-03-01 22:56:35.68227+00
62781,10.75,2026-03-01 22:58:40.666859+00
62782,11.44,2026-03-01 22:59:17.557552+00
62783,11.44,2026-03-01 23:00:21.888858+00
62784,11.48,2026-03-01 23:01:11.841374+00
62785,10.43,2026-03-01 23:02:37.374512+00
62786,11.59,2026-03-01 23:03:22.401753+00
62787,10.99,2026-03-01 23:04:43.638004+00
62788,11.6,2026-03-01 23:05:49.523806+00
62789,10.08,2026-03-01 23:06:35.263462+00
62790,10.68,2026-03-01 23:07:37.223549+00
62791,11.04,2026-03-01 23:08:13.910065+00
62792,10.93,2026-03-01 23:09:35.259321+00
62793,11.78,2026-03-01 23:10:41.425562+00
62794,11.14,2026-03-01 23:11:38.379088+00
62795,10.33,2026-03-01 23:13:25.45925+00
62796,11.23,2026-03-01 23:14:10.61834+00
62797,11.82,2026-03-01 23:15:25.821473+00
62798,10.69,2026-03-01 23:16:21.279718+00
62799,11.36,2026-03-01 23:17:30.645156+00
62800,10.36,2026-03-01 23:18:07.8488+00
62801,11.64,2026-03-01 23:19:28.955354+00
62802,10.43,2026-03-01 23:20:19.959737+00
62803,11.67,2026-03-01 23:21:17.960249+00
62804,11.59,2026-03-01 23:22:35.62532+00
62805,11.01,2026-03-01 23:23:45.908605+00
62806,9.97,2026-03-01 23:24:02.651467+00
62807,11.25,2026-03-01 23:25:03.733635+00
62808,11.28,2026-03-01 23:26:24.784597+00
62809,10.05,2026-03-01 23:28:24.617403+00
62810,11.52,2026-03-01 23:29:38.936565+00
62811,11.27,2026-03-01 23:30:16.582752+00
62812,10.75,2026-03-01 23:31:09.781932+00
62813,10.27,2026-03-01 23:32:38.859193+00
62814,10.13,2026-03-01 23:33:30.006224+00
62815,10.33,2026-03-01 23:34:08.254515+00
62816,11.07,2026-03-01 23:35:16.777919+00
62817,10.35,2026-03-01 23:36:38.969618+00
62818,9.86,2026-03-01 23:37:40.031323+00
62819,10.2,2026-03-01 23:38:31.67107+00
62820,10.65,2026-03-01 23:39:04.186804+00
62821,9.77,2026-03-01 23:40:35.214219+00
62822,10.84,2026-03-01 23:41:34.954054+00
62823,11.04,2026-03-01 23:43:33.384402+00
62824,11.61,2026-03-01 23:44:08.911603+00
62825,11.68,2026-03-01 23:45:32.801132+00
62826,11.6,2026-03-01 23:46:00.889043+00
62827,10.15,2026-03-01 23:47:07.854059+00
62828,11.23,2026-03-01 23:48:14.417886+00
62829,10.08,2026-03-01 23:49:42.30775+00
62830,11.38,2026-03-01 23:50:15.289479+00
62831,10.51,2026-03-01 23:51:17.697553+00
62832,11.53,2026-03-01 23:52:06.850218+00
62833,9.87,2026-03-01 23:53:03.265203+00
62834,10.33,2026-03-01 23:54:33.021811+00
62835,10.36,2026-03-01 23:55:41.449821+00
62836,10.71,2026-03-01 23:56:27.128934+00
62837,10.4,2026-03-01 23:57:10.279724+00
62838,10.92,2026-03-01 23:59:32.081092+00
62839,10.87,2026-03-02 00:01:12.815724+00
62840,11.67,2026-03-02 00:02:27.502296+00
62841,11.23,2026-03-02 00:03:17.35667+00
62842,10.01,2026-03-02 00:04:17.32104+00
62843,10.11,2026-03-02 00:05:40.175019+00
62844,10.52,2026-03-02 00:06:20.85853+00
62845,11.44,2026-03-02 00:07:37.738336+00
62846,10.08,2026-03-02 00:08:36.719522+00
62847,10.75,2026-03-02 00:09:15.002181+00
62848,10.32,2026-03-02 00:10:05.782894+00
62849,11.04,2026-03-02 00:11:25.120312+00
62850,10.99,2026-03-02 00:12:34.236192+00
62851,10.72,2026-03-02 00:14:30.307515+00
62852,9.72,2026-03-02 00:15:44.625922+00
62853,11.09,2026-03-02 00:16:47.968721+00
62854,11.27,2026-03-02 00:17:46.510113+00
62855,11.13,2026-03-02 00:18:35.396698+00
62856,10.78,2026-03-02 00:19:44.420358+00
62857,11.29,2026-03-02 00:20:20.005469+00
62858,11.63,2026-03-02 00:21:01.385742+00
62859,10.68,2026-03-02 00:22:28.377815+00
62860,10.84,2026-03-02 00:23:22.973035+00
62861,10.3,2026-03-02 00:24:03.518963+00
62862,10.13,2026-03-02 00:25:00.323881+00
62863,11.13,2026-03-02 00:26:34.835113+00
62864,11.3,2026-03-02 00:27:21.270745+00
62865,10.24,2026-03-02 00:29:36.743378+00
62866,10.05,2026-03-02 00:30:18.983052+00
62867,11.38,2026-03-02 00:31:17.226214+00
62868,10.22,2026-03-02 00:32:17.531471+00
62869,9.81,2026-03-02 00:33:28.68996+00
62870,9.96,2026-03-02 00:34:02.133166+00
62871,11.59,2026-03-02 00:35:48.540207+00
62872,10.57,2026-03-02 00:36:45.734244+00
62873,10.47,2026-03-02 00:37:32.514773+00
62874,10.1,2026-03-02 00:38:31.587034+00
62875,10.36,2026-03-02 00:39:45.370777+00
62876,11.38,2026-03-02 00:40:14.209334+00
62877,9.91,2026-03-02 00:41:03.443236+00
62878,10.84,2026-03-02 00:43:38.383746+00
62879,10.65,2026-03-02 00:44:49.405531+00
62880,10.24,2026-03-02 00:45:27.669626+00
62881,10.23,2026-03-02 00:46:00.263365+00
62882,10.6,2026-03-02 00:47:35.455003+00
62883,11.44,2026-03-02 00:48:47.565715+00
62884,11.53,2026-03-02 00:49:14.769697+00
62885,10.86,2026-03-02 00:50:09.071325+00
62886,11.42,2026-03-02 00:51:20.343897+00
62887,11.41,2026-03-02 00:52:25.544261+00
62888,11.18,2026-03-02 00:53:26.933788+00
62889,10.46,2026-03-02 00:54:03.197081+00
62890,11.56,2026-03-02 00:55:21.466645+00
62891,10.72,2026-03-02 00:56:18.759351+00
62892,10.03,2026-03-02 00:58:41.208104+00
62893,9.66,2026-03-02 00:59:21.698076+00
62894,11.14,2026-03-02 01:01:06.611151+00
62895,9.65,2026-03-02 01:02:17.469407+00
62896,10.43,2026-03-02 01:03:09.16307+00
62897,10.54,2026-03-02 01:04:31.144837+00
62898,10.62,2026-03-02 01:05:37.915582+00
62899,10.05,2026-03-02 01:06:36.739021+00
62900,9.96,2026-03-02 01:07:28.474403+00
62901,10.75,2026-03-02 01:08:44.866152+00
62902,11.32,2026-03-02 01:10:00.189288+00
62903,10.73,2026-03-02 01:11:15.191758+00
62904,10.34,2026-03-02 01:12:04.948852+00
62905,11.59,2026-03-02 01:13:03.235963+00
62906,11.23,2026-03-02 01:14:13.377399+00
62907,11.33,2026-03-02 01:15:22.658658+00
62908,9.73,2026-03-02 01:16:00.290148+00
62909,10.65,2026-03-02 01:17:28.082883+00
62910,9.81,2026-03-02 01:18:05.675624+00
62911,10.42,2026-03-02 01:19:18.608177+00
62912,9.66,2026-03-02 01:20:28.768832+00
62913,11.55,2026-03-02 01:21:44.429533+00
62914,11.52,2026-03-02 01:22:28.981627+00
62915,9.78,2026-03-02 01:23:23.37118+00
62916,10.24,2026-03-02 01:25:23.593659+00
62917,10.64,2026-03-02 01:26:05.867806+00
62918,10.74,2026-03-02 01:27:11.372374+00
62919,11.3,2026-03-02 01:28:30.379414+00
62920,9.87,2026-03-02 01:29:26.125179+00
62921,10.56,2026-03-02 01:30:34.494841+00
62922,10.38,2026-03-02 01:31:43.562175+00
62923,11.37,2026-03-02 01:32:22.900529+00
62924,10.97,2026-03-02 01:33:27.458496+00
62925,10.14,2026-03-02 01:34:01.134061+00
62926,9.94,2026-03-02 01:35:49.687893+00
62927,9.9,2026-03-02 01:36:47.775999+00
62928,9.58,2026-03-02 01:37:37.678804+00
62929,10.59,2026-03-02 01:38:16.715051+00
62930,10.13,2026-03-02 01:40:30.815742+00
62931,11.43,2026-03-02 01:41:04.852069+00
62932,10.75,2026-03-02 01:42:22.933146+00
62933,9.89,2026-03-02 01:43:02.061667+00
62934,11.27,2026-03-02 01:44:16.904463+00
62935,10.79,2026-03-02 01:45:42.189204+00
62936,10.51,2026-03-02 01:46:37.90456+00
62937,11.21,2026-03-02 01:47:30.02907+00
62938,10.53,2026-03-02 01:48:02.872547+00
62939,9.67,2026-03-02 01:49:44.68417+00
62940,11.49,2026-03-02 01:50:14.038112+00
62941,10.51,2026-03-02 01:51:35.316604+00
62942,10.42,2026-03-02 01:52:36.545211+00
62943,9.92,2026-03-02 01:54:08.28546+00
62944,9.73,2026-03-02 01:55:45.984329+00
62945,10.8,2026-03-02 01:56:30.21866+00
62946,9.77,2026-03-02 01:57:21.196933+00
62947,11.19,2026-03-02 01:58:42.797357+00
62948,11.01,2026-03-02 01:59:34.777384+00
62949,10.31,2026-03-02 02:00:04.939978+00
62950,10.88,2026-03-02 02:01:04.245653+00
62951,10.34,2026-03-02 02:02:03.975064+00
62952,11.32,2026-03-02 02:03:32.926429+00
62953,10.57,2026-03-02 02:04:01.24549+00
62954,10.18,2026-03-02 02:05:17.654849+00
62955,10.59,2026-03-02 02:06:09.787888+00
62956,10.91,2026-03-02 02:07:47.949625+00
62957,11.1,2026-03-02 02:08:40.433461+00
62958,9.7,2026-03-02 02:10:37.796491+00
62959,10.1,2026-03-02 02:11:26.542243+00
62960,10.92,2026-03-02 02:12:01.163922+00
62961,9.6,2026-03-02 02:13:07.997593+00
62962,10.82,2026-03-02 02:14:10.177215+00
62963,9.71,2026-03-02 02:15:48.81038+00
62964,10.72,2026-03-02 02:16:15.124183+00
62965,10.48,2026-03-02 02:17:38.355615+00
62966,9.55,2026-03-02 02:18:47.548047+00
62967,10.12,2026-03-02 02:19:48.959214+00
62968,10.18,2026-03-02 02:20:08.169359+00
62969,10.16,2026-03-02 02:21:02.222192+00
62970,10.56,2026-03-02 02:22:04.111961+00
62971,9.6,2026-03-02 02:23:38.87186+00
62972,10.63,2026-03-02 02:25:14.624321+00
62973,9.63,2026-03-02 02:26:11.853537+00
62974,9.86,2026-03-02 02:27:14.28163+00
62975,9.69,2026-03-02 02:28:26.202961+00
62976,11.18,2026-03-02 02:30:13.466858+00
62977,9.82,2026-03-02 02:31:22.351385+00
62978,10.73,2026-03-02 02:32:05.77736+00
62979,9.75,2026-03-02 02:33:28.094439+00
62980,11.1,2026-03-02 02:34:39.371681+00
62981,11.27,2026-03-02 02:35:46.594163+00
62982,10.04,2026-03-02 02:37:30.942664+00
62983,9.55,2026-03-02 02:38:12.068189+00
62984,10.14,2026-03-02 02:39:47.851894+00
62985,10.71,2026-03-02 02:40:28.845847+00
62986,9.71,2026-03-02 02:41:40.362704+00
62987,10.79,2026-03-02 02:42:13.836114+00
62988,9.89,2026-03-02 02:43:21.220647+00
62989,9.85,2026-03-02 02:44:37.71803+00
62990,11.17,2026-03-02 02:45:27.700051+00
62991,10.53,2026-03-02 02:46:14.025987+00
62992,10.69,2026-03-02 02:47:26.279458+00
62993,10.1,2026-03-02 02:49:38.348448+00
62994,10.33,2026-03-02 02:50:30.003248+00
62995,9.8,2026-03-02 02:51:25.414918+00
62996,10.27,2026-03-02 02:52:35.853171+00
62997,10.6,2026-03-02 02:53:22.370529+00
62998,9.62,2026-03-02 02:54:26.890924+00
62999,10.86,2026-03-02 02:55:30.186616+00
63000,10.46,2026-03-02 02:56:29.088623+00
63001,10.33,2026-03-02 02:57:44.731359+00
63002,9.9,2026-03-02 02:58:02.006472+00
63003,10.36,2026-03-02 02:59:18.504821+00
63004,10.11,2026-03-02 03:00:38.617567+00
63005,11.26,2026-03-02 03:01:34.41654+00
63006,9.92,2026-03-02 03:03:43.150915+00
63007,10.79,2026-03-02 03:04:43.919028+00
63008,10.53,2026-03-02 03:05:46.258523+00
63009,9.4,2026-03-02 03:06:38.731185+00
63010,11.12,2026-03-02 03:07:35.346831+00
63011,10.37,2026-03-02 03:08:49.442109+00
63012,9.37,2026-03-02 03:09:01.852685+00
63013,9.58,2026-03-02 03:10:25.002572+00
63014,10.08,2026-03-02 03:11:38.677713+00
63015,9.8,2026-03-02 03:12:20.269616+00
63016,10.4,2026-03-02 03:13:10.171967+00
63017,9.64,2026-03-02 03:14:12.430843+00
63018,10.93,2026-03-02 03:15:26.345982+00
63019,11.01,2026-03-02 03:16:42.875924+00
63020,10.97,2026-03-02 03:18:14.391148+00
63021,9.82,2026-03-02 03:19:09.85957+00
63022,10.54,2026-03-02 03:20:42.352655+00
63023,9.96,2026-03-02 03:21:12.788833+00
63024,10.5,2026-03-02 03:22:02.109394+00
63025,10.87,2026-03-02 03:23:02.848409+00
63026,10.88,2026-03-02 03:24:20.152082+00
63027,9.67,2026-03-02 03:25:36.299573+00
63028,11.19,2026-03-02 03:26:13.487671+00
63029,9.75,2026-03-02 03:27:22.910816+00
63030,10.73,2026-03-02 03:28:33.457952+00
63031,10.71,2026-03-02 03:29:06.443376+00
63032,9.97,2026-03-02 03:30:37.842664+00
63033,9.49,2026-03-02 03:31:33.744893+00
63034,10.9,2026-03-02 03:33:15.821307+00
63035,10.96,2026-03-02 03:34:42.952497+00
63036,10.9,2026-03-02 03:35:44.849692+00
63037,10.29,2026-03-02 03:36:15.151603+00
63038,9.83,2026-03-02 03:37:29.151843+00
63039,10.26,2026-03-02 03:38:45.419668+00
63040,10.83,2026-03-02 03:39:03.523718+00
63041,10.33,2026-03-02 03:40:28.906088+00
63042,10.93,2026-03-02 03:41:02.997263+00
63043,10.91,2026-03-02 03:42:47.291709+00
63044,9.73,2026-03-02 03:43:22.759589+00
63045,10.22,2026-03-02 03:44:14.449332+00
63046,9.94,2026-03-02 03:45:35.469207+00
63047,9.72,2026-03-02 03:46:12.399845+00
63048,9.71,2026-03-02 03:48:01.840094+00
63049,10.94,2026-03-02 03:49:45.030859+00
63050,9.57,2026-03-02 03:50:11.637271+00
63051,10.84,2026-03-02 03:51:16.454825+00
63052,10.5,2026-03-02 03:52:09.671102+00
63053,10.26,2026-03-02 03:54:31.081808+00
63054,10.79,2026-03-02 03:55:07.66236+00
63055,9.3,2026-03-02 03:56:14.529717+00
63056,10.82,2026-03-02 03:57:15.734603+00
63057,9.68,2026-03-02 03:58:37.119286+00
63058,10.07,2026-03-02 04:00:41.692528+00
63059,9.47,2026-03-02 04:01:01.901825+00
63060,10.25,2026-03-02 04:02:27.993426+00
63061,10.37,2026-03-02 04:03:41.051109+00
63062,10.34,2026-03-02 04:04:00.67589+00
63063,9.25,2026-03-02 04:05:45.994878+00
63064,9.42,2026-03-02 04:06:35.61042+00
63065,9.71,2026-03-02 04:07:32.431111+00
63066,10.22,2026-03-02 04:08:47.495255+00
63067,9.94,2026-03-02 04:09:28.501121+00
63068,9.84,2026-03-02 04:10:49.189458+00
63069,9.39,2026-03-02 04:11:48.535472+00
63070,9.96,2026-03-02 04:12:31.52696+00
63071,9.31,2026-03-02 04:14:43.850208+00
63072,10.11,2026-03-02 04:15:49.348178+00
63073,10.36,2026-03-02 04:16:14.270746+00
63074,9.23,2026-03-02 04:17:32.970295+00
63075,9.27,2026-03-02 04:18:05.074625+00
63076,9.89,2026-03-02 04:19:19.971923+00
63077,10.45,2026-03-02 04:20:45.710491+00
63078,9.41,2026-03-02 04:21:41.442163+00
63079,9.98,2026-03-02 04:22:35.847177+00
63080,9.64,2026-03-02 04:23:49.786807+00
63081,9.42,2026-03-02 04:24:34.945498+00
63082,10.43,2026-03-02 04:25:34.173597+00
63083,10.38,2026-03-02 04:26:33.663337+00
63084,10.01,2026-03-02 04:27:48.220451+00
63085,10.99,2026-03-02 04:29:04.155855+00
63086,10.55,2026-03-02 04:30:36.045185+00
63087,10.39,2026-03-02 04:31:41.870893+00
63088,10.42,2026-03-02 04:32:28.569856+00
63089,9.91,2026-03-02 04:33:13.261885+00
63090,10.31,2026-03-02 04:34:01.488113+00
63091,10.5,2026-03-02 04:35:06.012811+00
63092,10.44,2026-03-02 04:36:18.816549+00
63093,9.72,2026-03-02 04:37:11.429935+00
63094,10.32,2026-03-02 04:38:05.556602+00
63095,10.55,2026-03-02 04:39:21.945833+00
63096,10.5,2026-03-02 04:40:01.446602+00
63097,9.77,2026-03-02 04:41:15.857749+00
63098,10.29,2026-03-02 04:43:47.232683+00
63099,9.44,2026-03-02 04:44:41.071587+00
63100,9.24,2026-03-02 04:45:25.123078+00
63101,9.63,2026-03-02 04:46:00.082916+00
63102,9.34,2026-03-02 04:47:49.528597+00
63103,10.3,2026-03-02 04:48:41.819905+00
63104,8.98,2026-03-02 04:49:24.607671+00
63105,10.7,2026-03-02 04:50:41.128644+00
63106,8.91,2026-03-02 04:51:42.141461+00
63107,9.95,2026-03-02 04:52:05.618567+00
63108,9.48,2026-03-02 04:53:18.7693+00
63109,10.07,2026-03-02 04:54:24.780846+00
63110,9.26,2026-03-02 04:55:22.629177+00
63111,9.55,2026-03-02 04:56:25.171256+00
63112,9.15,2026-03-02 04:58:32.765445+00
63113,8.84,2026-03-02 04:59:08.267243+00
63114,10.39,2026-03-02 05:00:36.085233+00
63115,9.46,2026-03-02 05:01:42.938199+00
63116,10.38,2026-03-02 05:02:33.895976+00
63117,10.22,2026-03-02 05:03:20.612486+00
63118,10.13,2026-03-02 05:04:13.780874+00
63119,9.5,2026-03-02 05:05:08.067446+00
63120,9.03,2026-03-02 05:06:46.40218+00
63121,9.35,2026-03-02 05:07:21.043771+00
63122,9.52,2026-03-02 05:08:04.735765+00
63123,8.82,2026-03-02 05:09:38.256565+00
63124,9.99,2026-03-02 05:10:08.368429+00
63125,10.25,2026-03-02 05:12:10.572065+00
63126,8.99,2026-03-02 05:13:48.60395+00
63127,9.63,2026-03-02 05:14:20.420856+00
63128,10.64,2026-03-02 05:15:21.321703+00
63129,9.25,2026-03-02 05:16:18.214188+00
63130,9.15,2026-03-02 05:17:18.258807+00
63131,8.89,2026-03-02 05:18:18.221911+00
63132,10.32,2026-03-02 05:19:29.097686+00
63133,9.88,2026-03-02 05:20:47.615513+00
63134,9.19,2026-03-02 05:21:14.518101+00
63135,9.64,2026-03-02 05:22:44.402087+00
63136,9.39,2026-03-02 05:23:47.191463+00
63137,9.57,2026-03-02 05:24:44.013726+00
63138,10.5,2026-03-02 05:25:44.028406+00
63139,10.16,2026-03-02 05:26:05.458837+00
63140,9.45,2026-03-02 05:27:13.306645+00
63141,9.98,2026-03-02 05:29:32.037431+00
63142,9.12,2026-03-02 05:31:44.043427+00
63143,10.01,2026-03-02 05:32:17.507396+00
63144,8.53,2026-03-02 05:33:31.573552+00
63145,9.87,2026-03-02 05:34:23.732042+00
63146,9.13,2026-03-02 05:35:22.633479+00
63147,8.69,2026-03-02 05:36:49.222528+00
63148,9.32,2026-03-02 05:37:03.054854+00
63149,9.29,2026-03-02 05:38:23.115627+00
63150,9.27,2026-03-02 05:39:26.626473+00
63151,8.67,2026-03-02 05:40:00.342874+00
63152,10.49,2026-03-02 05:41:13.756241+00
63153,8.57,2026-03-02 05:42:23.223088+00
63154,9.68,2026-03-02 05:43:31.813474+00
63155,10.27,2026-03-02 05:45:41.190915+00
63156,9.88,2026-03-02 05:46:36.103306+00
63157,8.91,2026-03-02 05:47:46.846054+00
63158,10.25,2026-03-02 05:48:18.603833+00
63159,9.72,2026-03-02 05:49:34.308775+00
63160,9.27,2026-03-02 05:50:49.966082+00
63161,9.13,2026-03-02 05:51:04.68499+00
63162,10.15,2026-03-02 05:52:44.200294+00
63163,8.53,2026-03-02 05:53:33.117534+00
63164,8.83,2026-03-02 05:54:47.470754+00
63165,9.37,2026-03-02 05:55:09.083791+00
63166,10.14,2026-03-02 05:56:07.485399+00
63167,9.68,2026-03-02 05:57:06.802064+00
63168,9.78,2026-03-02 05:58:21.202522+00
63169,10.13,2026-03-02 06:01:31.978797+00
63170,9.4,2026-03-02 06:02:46.913461+00
63171,8.65,2026-03-02 06:03:35.472134+00
63172,9.76,2026-03-02 06:04:25.832118+00
63173,10.37,2026-03-02 06:05:21.331224+00
63174,9.55,2026-03-02 06:06:28.771636+00
63175,8.49,2026-03-02 06:07:13.424358+00
63176,10.27,2026-03-02 06:08:07.070506+00
63177,10.3,2026-03-02 06:09:05.614792+00
63178,9.21,2026-03-02 06:10:17.079066+00
63179,10.25,2026-03-02 06:11:09.36944+00
63180,8.52,2026-03-02 06:12:48.223267+00
63181,9.87,2026-03-02 06:13:28.006355+00
63182,8.33,2026-03-02 06:15:29.998638+00
63183,8.82,2026-03-02 06:16:27.994904+00
63184,8.59,2026-03-02 06:17:43.070206+00
63185,9.09,2026-03-02 06:18:18.809341+00
63186,10.25,2026-03-02 06:19:04.772537+00
63187,8.94,2026-03-02 06:20:16.539344+00
63188,8.96,2026-03-02 06:21:30.598822+00
63189,9.3,2026-03-02 06:22:44.930708+00
63190,8.9,2026-03-02 06:23:24.629725+00
63191,8.43,2026-03-02 06:24:31.587304+00
63192,8.56,2026-03-02 06:25:41.507499+00
63193,8.59,2026-03-02 06:26:16.534471+00
63194,8.35,2026-03-02 06:27:48.472325+00
63195,9.34,2026-03-02 06:28:29.737863+00
63196,8.91,2026-03-02 06:31:15.787067+00
63197,9.17,2026-03-02 06:32:38.833502+00
63198,9.86,2026-03-02 06:34:14.867517+00
63199,9.96,2026-03-02 06:35:28.507222+00
63200,8.9,2026-03-02 06:36:30.553479+00
63201,8.84,2026-03-02 06:37:25.07017+00
63202,8.21,2026-03-02 06:38:13.044083+00
63203,8.81,2026-03-02 06:39:30.037402+00
63204,8.73,2026-03-02 06:41:18.515611+00
63205,9.95,2026-03-02 06:42:15.649198+00
63206,9.46,2026-03-02 06:43:04.145303+00
63207,8.83,2026-03-02 06:44:43.56469+00
63208,8.5,2026-03-02 06:45:21.240219+00
63209,8.77,2026-03-02 06:46:41.526831+00
63210,9.21,2026-03-02 06:47:24.233492+00
63211,8.24,2026-03-02 06:48:23.536902+00
63212,9.25,2026-03-02 06:49:31.712952+00
63213,8.84,2026-03-02 06:50:32.081808+00
63214,8.06,2026-03-02 06:51:22.426313+00
63215,9.22,2026-03-02 06:52:21.401828+00
63216,8.78,2026-03-02 06:53:09.899378+00
63217,9.29,2026-03-02 06:54:14.99218+00
63218,9.11,2026-03-02 06:56:26.365176+00
63219,9,2026-03-02 06:57:42.280256+00
63220,8.62,2026-03-02 06:58:13.902389+00
63221,9.32,2026-03-02 06:59:18.752291+00
63222,8.71,2026-03-02 07:00:45.469963+00
63223,8.87,2026-03-02 07:01:15.189672+00
63224,8.73,2026-03-02 07:02:47.383431+00
63225,9.48,2026-03-02 07:03:28.04666+00
63226,8.49,2026-03-02 07:04:47.937682+00
63227,9.72,2026-03-02 07:05:20.275276+00
63228,9.42,2026-03-02 07:06:29.529906+00
63229,8.64,2026-03-02 07:07:08.949145+00
63230,9.35,2026-03-02 07:08:08.727389+00
63231,9.65,2026-03-02 07:10:20.779413+00
63232,8.42,2026-03-02 07:11:21.169004+00
63233,8.41,2026-03-02 07:12:32.176004+00
63234,8.55,2026-03-02 07:13:04.27693+00
63235,9.86,2026-03-02 07:14:26.606208+00
63236,8.39,2026-03-02 07:15:09.397688+00
63237,8.96,2026-03-02 07:16:32.21884+00
63238,8.88,2026-03-02 07:17:29.636353+00
63239,9.93,2026-03-02 07:18:35.51521+00
63240,9.39,2026-03-02 07:19:04.624565+00
63241,8.14,2026-03-02 07:20:32.836442+00
63242,8.24,2026-03-02 07:21:39.023061+00
63243,9.67,2026-03-02 07:22:35.968525+00
63244,9.45,2026-03-02 07:24:27.908261+00
63245,8.01,2026-03-02 07:25:18.850662+00
63246,9.78,2026-03-02 07:26:27.259695+00
63247,9.28,2026-03-02 07:27:47.073001+00
63248,9.38,2026-03-02 07:28:30.852838+00
63249,8.28,2026-03-02 07:29:13.496262+00
63250,8.12,2026-03-02 07:30:30.758968+00
63251,8.16,2026-03-02 07:31:03.908789+00
63252,9.98,2026-03-02 07:32:40.658015+00
63253,9.69,2026-03-02 07:33:22.281245+00
63254,8.89,2026-03-02 07:34:18.923999+00
63255,9.01,2026-03-02 07:35:23.29577+00
63256,8.86,2026-03-02 07:36:03.323417+00
63257,9.83,2026-03-02 07:37:16.218159+00
63258,8.12,2026-03-02 07:39:34.810496+00
63259,9.32,2026-03-02 07:40:41.75761+00
63260,9.04,2026-03-02 07:41:39.862554+00
63261,9.33,2026-03-02 07:42:35.670618+00
63262,8.51,2026-03-02 07:43:33.846961+00
63263,9.7,2026-03-02 07:44:28.285455+00
63264,9.06,2026-03-02 07:45:00.426555+00
63265,9.88,2026-03-02 07:46:27.12609+00
63266,9.62,2026-03-02 07:47:14.856765+00
63267,8.41,2026-03-02 07:48:17.317401+00
63268,8.81,2026-03-02 07:49:01.681646+00
63269,9.92,2026-03-02 07:52:35.535892+00
63270,10.03,2026-03-02 07:53:11.187284+00
63271,9.18,2026-03-02 07:54:13.821946+00
63272,9.11,2026-03-02 07:55:06.705523+00
63273,8.28,2026-03-02 07:56:12.472893+00
63274,10.02,2026-03-02 07:57:00.348212+00
63275,9.8,2026-03-02 07:58:11.949714+00
63276,9.62,2026-03-02 07:59:07.355934+00
63277,8.63,2026-03-02 08:00:43.321654+00
63278,9.68,2026-03-02 08:01:23.756976+00
63279,9.4,2026-03-02 08:02:18.600852+00
63280,9.42,2026-03-02 08:03:46.796058+00
63281,8.6,2026-03-02 08:05:49.144111+00
63282,8.75,2026-03-02 08:06:05.257436+00
63283,8.18,2026-03-02 08:07:32.620594+00
63284,8.67,2026-03-02 08:08:29.948313+00
63285,9.79,2026-03-02 08:09:31.080566+00
63286,8.78,2026-03-02 08:10:06.949691+00
63287,8.4,2026-03-02 08:11:00.775944+00
63288,10.08,2026-03-02 08:12:38.523644+00
63289,8.22,2026-03-02 08:13:29.018976+00
63290,8.24,2026-03-02 08:14:23.363687+00
63291,8.75,2026-03-02 08:15:44.724359+00
63292,8.71,2026-03-02 08:16:09.012027+00
63293,8.69,2026-03-02 08:17:45.599568+00
63294,8.39,2026-03-02 08:19:13.43834+00
63295,8.89,2026-03-02 08:20:37.619762+00
63296,8.61,2026-03-02 08:21:00.477044+00
63297,8.41,2026-03-02 08:22:20.744619+00
63298,8.31,2026-03-02 08:23:08.184575+00
63299,10.08,2026-03-02 08:24:13.024795+00
63300,8.93,2026-03-02 08:25:07.141802+00
63301,8.39,2026-03-02 08:26:24.002915+00
63302,8.99,2026-03-02 08:27:09.867586+00
63303,8.65,2026-03-02 08:28:49.599679+00
63304,8.89,2026-03-02 08:29:38.693864+00
63305,8.9,2026-03-02 08:30:27.578019+00
63306,9.27,2026-03-02 08:31:40.469393+00
63307,9.93,2026-03-02 08:33:48.151313+00
63308,8.69,2026-03-02 08:34:03.695355+00
63309,9.06,2026-03-02 08:35:08.354368+00
63310,9.89,2026-03-02 08:36:24.396671+00
63311,10.45,2026-03-02 08:37:21.281082+00
63312,9.5,2026-03-02 08:38:34.436354+00
63313,10.24,2026-03-02 08:39:29.779997+00
63314,10.44,2026-03-02 08:40:21.787185+00
63315,10.04,2026-03-02 08:41:34.666095+00
63316,8.55,2026-03-02 08:42:49.118264+00
63317,9.12,2026-03-02 08:43:12.513459+00
63318,9.29,2026-03-02 08:44:30.691965+00
63319,9.04,2026-03-02 08:45:24.706885+00
63320,10.14,2026-03-02 08:46:12.394544+00
63321,9.87,2026-03-02 08:47:10.946798+00
63322,9.29,2026-03-02 08:49:49.99196+00
63323,10.61,2026-03-02 08:50:39.110381+00
63324,10.73,2026-03-02 08:51:49.746633+00
63325,10.42,2026-03-02 08:52:22.69909+00
63326,10.36,2026-03-02 08:53:37.579115+00
63327,9.96,2026-03-02 08:54:28.180143+00
63328,9.36,2026-03-02 08:55:31.210518+00
63329,9.14,2026-03-02 08:56:20.8037+00
63330,9.77,2026-03-02 08:57:04.790174+00
63331,9.21,2026-03-02 08:58:24.762813+00
63332,9.05,2026-03-02 08:59:14.780968+00
63333,9.54,2026-03-02 09:00:05.376962+00
63334,9.89,2026-03-02 09:01:24.116257+00
63335,10.46,2026-03-02 09:03:15.542946+00
63336,9.29,2026-03-02 09:04:23.338593+00
63337,10.69,2026-03-02 09:05:23.809173+00
63338,9.62,2026-03-02 09:06:46.254968+00
63339,9.15,2026-03-02 09:07:44.711569+00
63340,10.69,2026-03-02 09:08:33.776708+00
63341,9.54,2026-03-02 09:09:48.309985+00
63342,9.32,2026-03-02 09:10:34.898326+00
63343,10.01,2026-03-02 09:11:21.244414+00
63344,10.86,2026-03-02 09:12:35.667664+00
63345,10.87,2026-03-02 09:13:41.94692+00
63346,9.41,2026-03-02 09:14:35.520407+00
63347,9.51,2026-03-02 09:15:29.50254+00
63348,9.52,2026-03-02 09:16:02.244369+00
63349,11.15,2026-03-02 09:18:21.96322+00
63350,10.41,2026-03-02 09:19:31.502202+00
63351,9.68,2026-03-02 09:20:49.464861+00
63352,10.92,2026-03-02 09:21:08.731655+00
63353,10.19,2026-03-02 09:22:34.508724+00
63354,9.86,2026-03-02 09:23:18.533335+00
63355,10.55,2026-03-02 09:24:33.237691+00
63356,9.9,2026-03-02 09:25:31.872158+00
63357,10.05,2026-03-02 09:26:14.522326+00
63358,9.49,2026-03-02 09:27:11.164568+00
63359,10.35,2026-03-02 09:28:06.275167+00
63360,10.14,2026-03-02 09:29:18.148131+00
63361,10.98,2026-03-02 09:30:01.208742+00
63362,10.25,2026-03-02 09:31:45.752124+00
63363,11.62,2026-03-02 09:33:21.338155+00
63364,10.23,2026-03-02 09:34:18.621894+00
63365,10.64,2026-03-02 09:35:16.31273+00
63366,10.34,2026-03-02 09:36:36.91293+00
63367,9.99,2026-03-02 09:37:34.641691+00
63368,11.21,2026-03-02 09:38:28.140942+00
63369,11.06,2026-03-02 09:39:10.628379+00
63370,10.61,2026-03-02 09:40:03.096303+00
63371,11.39,2026-03-02 09:41:08.645671+00
63372,9.88,2026-03-02 09:42:04.794862+00
63373,10.5,2026-03-02 09:43:01.032443+00
63374,11.38,2026-03-02 09:44:22.248624+00
63375,10.37,2026-03-02 09:46:02.628614+00
63376,10.51,2026-03-02 09:47:15.889503+00
63377,11.37,2026-03-02 09:48:00.436142+00
63378,11.02,2026-03-02 09:49:48.612344+00
63379,11.05,2026-03-02 09:50:46.72854+00
63380,10.65,2026-03-02 09:51:18.42763+00
63381,10.28,2026-03-02 09:52:25.965107+00
63382,11.98,2026-03-02 09:53:06.583779+00
63383,10.94,2026-03-02 09:54:38.868911+00
63384,11.41,2026-03-02 09:56:19.226253+00
63385,11.35,2026-03-02 09:57:19.090281+00
63386,10.85,2026-03-02 09:58:16.296389+00
63387,11.2,2026-03-02 09:59:08.225042+00
63388,11.71,2026-03-02 10:00:03.836771+00
63389,11.15,2026-03-02 10:01:22.292844+00
63390,10.94,2026-03-02 10:02:32.7168+00
63391,11.65,2026-03-02 10:03:09.688106+00
63392,11.2,2026-03-02 10:04:16.416355+00
63393,10.82,2026-03-02 10:05:01.700303+00
63394,11.81,2026-03-02 10:06:41.119779+00
63395,11.01,2026-03-02 10:07:44.285113+00
63396,11.34,2026-03-02 10:08:41.77761+00
63397,11.19,2026-03-02 10:09:32.083443+00
63398,11.36,2026-03-02 10:10:34.303606+00
63399,10.87,2026-03-02 10:12:33.789663+00
63400,10.35,2026-03-02 10:13:22.435919+00
63401,11.26,2026-03-02 10:14:01.066097+00
63402,11.68,2026-03-02 10:15:13.937477+00
63403,11.95,2026-03-02 10:16:38.323283+00
63404,12.34,2026-03-02 10:17:19.565545+00
63405,11.52,2026-03-02 10:18:48.426819+00
63406,11.4,2026-03-02 10:19:25.319368+00
63407,10.74,2026-03-02 10:20:18.965276+00
63408,11.49,2026-03-02 10:21:45.652832+00
63409,11.17,2026-03-02 10:22:26.823585+00
63410,10.9,2026-03-02 10:23:44.256463+00
63411,12.43,2026-03-02 10:24:07.593209+00
63412,11.98,2026-03-02 10:26:27.831559+00
63413,10.66,2026-03-02 10:27:20.634441+00
63414,11.69,2026-03-02 10:28:10.239565+00
63415,12.25,2026-03-02 10:29:11.518909+00
63416,12.43,2026-03-02 10:30:48.976742+00
63417,11.38,2026-03-02 10:31:40.699027+00
63418,11.28,2026-03-02 10:32:14.949512+00
63419,12.76,2026-03-02 10:34:04.603997+00
63420,11.52,2026-03-02 10:35:05.321156+00
63421,11.01,2026-03-02 10:36:31.865201+00
63422,10.97,2026-03-02 10:38:10.954151+00
63423,12.34,2026-03-02 10:39:29.64933+00
63424,11.4,2026-03-02 10:40:41.30462+00
63425,12.01,2026-03-02 10:41:49.003358+00
63426,11.29,2026-03-02 10:42:41.139598+00
63427,11.39,2026-03-02 10:43:00.771534+00
63428,12.01,2026-03-02 10:44:07.097424+00
63429,12.02,2026-03-02 10:45:04.884708+00
63430,11.55,2026-03-02 10:46:11.108868+00
63431,11.21,2026-03-02 10:47:02.765653+00
63432,11.03,2026-03-02 10:48:40.667208+00
63433,11.76,2026-03-02 10:49:16.844087+00
63434,11.94,2026-03-02 10:50:34.901241+00
63435,12.29,2026-03-02 10:51:43.733126+00
63436,11.56,2026-03-02 10:53:13.330962+00
63437,11.66,2026-03-02 10:54:28.170826+00
63438,12.49,2026-03-02 10:55:16.763192+00
63439,11.03,2026-03-02 10:56:49.632167+00
63440,11.88,2026-03-02 10:57:27.741739+00
63441,12.75,2026-03-02 10:58:48.96289+00
63442,12.92,2026-03-02 10:59:06.10394+00
63443,12.93,2026-03-02 11:00:03.767316+00
63444,12.07,2026-03-02 11:01:09.203751+00
63445,11.5,2026-03-02 11:02:37.667139+00
63446,12.83,2026-03-02 11:03:37.240015+00
63447,11.86,2026-03-02 11:04:13.946425+00
63448,12.32,2026-03-02 11:06:40.348403+00
63449,11.84,2026-03-02 11:07:01.716546+00
63450,12.08,2026-03-02 11:08:06.738522+00
63451,12.29,2026-03-02 11:09:26.869292+00
63452,12.54,2026-03-02 11:10:01.206568+00
63453,12.79,2026-03-02 11:11:20.503199+00
63454,12.9,2026-03-02 11:12:28.703374+00
63455,11.48,2026-03-02 11:13:20.77643+00
63456,13.03,2026-03-02 11:14:42.598122+00
63457,12.65,2026-03-02 11:15:48.495731+00
63458,11.88,2026-03-02 11:16:02.95373+00
63459,13.37,2026-03-02 11:17:16.606408+00
63460,11.52,2026-03-02 11:18:28.056372+00
63461,11.92,2026-03-02 11:19:17.568636+00
63462,12.77,2026-03-02 11:21:39.244803+00
63463,13.36,2026-03-02 11:22:42.317417+00
63464,12.89,2026-03-02 11:23:04.786001+00
63465,13.02,2026-03-02 11:24:37.196951+00
63466,12.84,2026-03-02 11:25:39.139227+00
63467,11.79,2026-03-02 11:26:33.356491+00
63468,12.41,2026-03-02 11:27:43.906183+00
63469,13.4,2026-03-02 11:28:01.460816+00
63470,11.56,2026-03-02 11:29:40.134039+00
63471,12.08,2026-03-02 11:30:04.260818+00
63472,13.69,2026-03-02 11:31:10.717422+00
63473,13.41,2026-03-02 11:32:07.103648+00
63474,12.22,2026-03-02 11:33:15.613091+00
63475,11.91,2026-03-02 11:35:47.590105+00
63476,13.3,2026-03-02 11:36:29.410187+00
63477,12.27,2026-03-02 11:37:30.476106+00
63478,13.66,2026-03-02 11:38:38.527622+00
63479,13.12,2026-03-02 11:39:26.091314+00
63480,12.98,2026-03-02 11:40:05.485393+00
63481,13.24,2026-03-02 11:41:45.706925+00
63482,13.18,2026-03-02 11:42:09.918003+00
63483,12.23,2026-03-02 11:43:11.142228+00
63484,13.78,2026-03-02 11:44:39.1549+00
63485,13.55,2026-03-02 11:45:02.669324+00
63486,13.53,2026-03-02 11:46:17.949353+00
63487,12.21,2026-03-02 11:47:35.976293+00
63488,13.82,2026-03-02 11:48:34.528041+00
63489,12.92,2026-03-02 11:50:31.912663+00
63490,13.53,2026-03-02 11:51:14.314516+00
63491,12.75,2026-03-02 11:52:03.756106+00
63492,12.76,2026-03-02 11:53:19.246507+00
63493,12.61,2026-03-02 11:54:43.597049+00
63494,12.33,2026-03-02 11:55:45.100536+00
63495,12.89,2026-03-02 11:56:44.857734+00
63496,12.11,2026-03-02 11:57:04.89867+00
63497,12.87,2026-03-02 11:58:40.191993+00
63498,12.02,2026-03-02 11:59:01.272521+00
63499,13.64,2026-03-02 12:00:19.599218+00
63500,13.74,2026-03-02 12:01:35.071699+00
63501,12.53,2026-03-02 12:02:41.144406+00
63502,13.95,2026-03-02 12:03:02.555739+00
63503,12.65,2026-03-02 12:05:06.865019+00
63504,12.24,2026-03-02 12:06:44.491445+00
63505,12.22,2026-03-02 12:07:10.511175+00
63506,13.02,2026-03-02 12:08:29.229025+00
63507,12.61,2026-03-02 12:09:28.099717+00
63508,13.35,2026-03-02 12:10:32.70474+00
63509,12.93,2026-03-02 12:11:26.928089+00
63510,12.53,2026-03-02 12:12:31.262258+00
63511,13.74,2026-03-02 12:13:27.371982+00
63512,12.45,2026-03-02 12:14:23.367833+00
63513,13.85,2026-03-02 12:15:48.838464+00
63514,13.24,2026-03-02 12:16:22.439405+00
63515,13.7,2026-03-02 12:17:40.228363+00
63516,13.41,2026-03-02 12:18:06.06033+00
63517,13.73,2026-03-02 12:20:06.922568+00
63518,14.19,2026-03-02 12:21:42.895784+00
63519,12.69,2026-03-02 12:22:08.522464+00
63520,13.8,2026-03-02 12:23:39.224566+00
63521,12.68,2026-03-02 12:24:23.664535+00
63522,14.49,2026-03-02 12:25:26.017754+00
63523,14.47,2026-03-02 12:26:26.387931+00
63524,13.39,2026-03-02 12:27:46.935146+00
63525,14.4,2026-03-02 12:28:37.260064+00
63526,12.86,2026-03-02 12:29:16.432819+00
63527,13.86,2026-03-02 12:30:05.789756+00
63528,14.6,2026-03-02 12:31:16.599629+00
63529,13.48,2026-03-02 12:32:21.552694+00
63530,14.89,2026-03-02 12:33:32.303077+00
63531,13.13,2026-03-02 12:35:37.825093+00
63532,13.53,2026-03-02 12:36:40.291127+00
63533,14.27,2026-03-02 12:37:44.547539+00
63534,14.88,2026-03-02 12:38:26.395858+00
63535,14.9,2026-03-02 12:39:26.349264+00
63536,13.78,2026-03-02 12:40:24.8354+00
63537,13.21,2026-03-02 12:41:15.659819+00
63538,14.11,2026-03-02 12:42:43.472806+00
63539,12.98,2026-03-02 12:43:31.034468+00
63540,14.36,2026-03-02 12:44:31.431039+00
63541,14.8,2026-03-02 12:45:08.891808+00
63542,14.47,2026-03-02 12:46:09.674301+00
63543,13.88,2026-03-02 12:47:30.528144+00
63544,14.95,2026-03-02 12:49:36.018662+00
63545,13.27,2026-03-02 12:50:40.436297+00
63546,13.08,2026-03-02 12:51:40.238732+00
63547,14.26,2026-03-02 12:52:18.598565+00
63548,14.39,2026-03-02 12:53:05.833752+00
63549,13.41,2026-03-02 12:54:21.202833+00
63550,14.85,2026-03-02 12:55:16.003205+00
63551,13.95,2026-03-02 12:56:06.460792+00
63552,14.07,2026-03-02 12:57:43.531258+00
63553,14.09,2026-03-02 12:58:40.327821+00
63554,14.16,2026-03-02 12:59:25.373934+00
63555,13.53,2026-03-02 13:00:14.936475+00
63556,14.5,2026-03-02 13:01:33.607783+00
63557,14.86,2026-03-02 13:03:16.657761+00
63558,13.77,2026-03-02 13:04:14.161537+00
63559,15.08,2026-03-02 13:05:26.502077+00
63560,14.8,2026-03-02 13:06:04.020791+00
63561,14.72,2026-03-02 13:07:38.12315+00
63562,13.61,2026-03-02 13:08:01.418991+00
63563,13.71,2026-03-02 13:09:18.216275+00
63564,14.16,2026-03-02 13:10:43.220542+00
63565,15.19,2026-03-02 13:11:45.612756+00
63566,14.18,2026-03-02 13:12:37.699174+00
63567,13.97,2026-03-02 13:13:28.076592+00
63568,14.89,2026-03-02 13:14:39.299061+00
63569,14.85,2026-03-02 13:15:06.062359+00
63570,14.01,2026-03-02 13:16:11.449148+00
63571,13.67,2026-03-02 13:17:05.168357+00
63572,14.99,2026-03-02 13:19:16.987729+00
63573,14.76,2026-03-02 13:20:26.647471+00
63574,14.6,2026-03-02 13:21:23.653033+00
63575,15.27,2026-03-02 13:22:49.843275+00
63576,13.53,2026-03-02 13:23:23.042505+00
63577,15.04,2026-03-02 13:24:04.377534+00
63578,13.34,2026-03-02 13:25:08.638129+00
63579,13.34,2026-03-02 13:26:20.534992+00
63580,15.03,2026-03-02 13:27:14.219452+00
63581,14.8,2026-03-02 13:28:31.231069+00
63582,13.87,2026-03-02 13:29:41.644886+00
63583,14.35,2026-03-02 13:30:26.363978+00
63584,13.72,2026-03-02 13:31:12.789026+00
63585,14.93,2026-03-02 13:33:41.744719+00
63586,14.73,2026-03-02 13:34:09.536363+00
63587,14.58,2026-03-02 13:35:42.649605+00
63588,13.53,2026-03-02 13:36:45.546448+00
63589,13.85,2026-03-02 13:37:00.436483+00
63590,14.3,2026-03-02 13:38:00.26444+00
63591,14.59,2026-03-02 13:39:27.653152+00
63592,13.9,2026-03-02 13:40:44.938795+00
63593,13.72,2026-03-02 13:41:48.172351+00
63594,14.9,2026-03-02 13:42:10.064973+00
63595,14.66,2026-03-02 13:43:37.193877+00
63596,13.74,2026-03-02 13:44:39.053465+00
63597,13.95,2026-03-02 13:45:00.688731+00
63598,14.36,2026-03-02 13:46:17.222275+00
63599,13.86,2026-03-02 13:47:19.497594+00
63600,14.44,2026-03-02 13:49:30.689663+00
63601,13.87,2026-03-02 13:50:30.011532+00
63602,14.13,2026-03-02 13:51:08.724087+00
63603,14.91,2026-03-02 13:52:14.455227+00
63604,15.61,2026-03-02 13:53:13.240707+00
63605,14.92,2026-03-02 13:54:16.01485+00
63606,13.85,2026-03-02 13:55:03.181769+00
63607,15.6,2026-03-02 13:56:45.189732+00
63608,14.33,2026-03-02 13:57:39.659503+00
63609,15.66,2026-03-02 13:58:26.735056+00
63610,14.92,2026-03-02 13:59:11.950242+00
63611,15.03,2026-03-02 14:00:01.952397+00
63612,14.79,2026-03-02 14:01:00.945537+00
63613,13.97,2026-03-02 14:02:37.567163+00
63614,15.12,2026-03-02 14:04:03.592363+00
63615,14.27,2026-03-02 14:05:33.354418+00
63616,15.89,2026-03-02 14:06:38.685292+00
63617,14.22,2026-03-02 14:07:35.9365+00
63618,15.58,2026-03-02 14:08:31.21682+00
63619,15.66,2026-03-02 14:09:33.825673+00
63620,15.08,2026-03-02 14:10:06.385049+00
63621,15.03,2026-03-02 14:11:30.365428+00
63622,15.89,2026-03-02 14:12:36.461641+00
63623,15.65,2026-03-02 14:13:37.480054+00
63624,14.33,2026-03-02 14:14:02.395576+00
63625,15.05,2026-03-02 14:15:17.47334+00
63626,15.42,2026-03-02 14:16:20.201751+00
63627,14.07,2026-03-02 14:18:22.68524+00
63628,14.96,2026-03-02 14:19:45.961941+00
63629,14.78,2026-03-02 14:20:22.751689+00
63630,15.27,2026-03-02 14:21:31.615582+00
63631,14.67,2026-03-02 14:22:15.122926+00
63632,14.3,2026-03-02 14:23:05.546206+00
63633,14.3,2026-03-02 14:24:34.98895+00
63634,14.2,2026-03-02 14:25:00.699775+00
63635,14.56,2026-03-02 14:26:09.754989+00
63636,16.03,2026-03-02 14:27:31.0856+00
63637,14.94,2026-03-02 14:28:49.150407+00
63638,14.1,2026-03-02 14:29:00.733862+00
63639,15.56,2026-03-02 14:31:42.099886+00
63640,15.44,2026-03-02 14:32:33.523612+00
63641,14.97,2026-03-02 14:33:12.138264+00
63642,15.28,2026-03-02 14:34:26.002596+00
63643,15.87,2026-03-02 14:35:25.679163+00
63644,14.45,2026-03-02 14:36:47.640042+00
63645,14.32,2026-03-02 14:37:13.762411+00
63646,14.39,2026-03-02 14:38:07.216224+00
63647,15.47,2026-03-02 14:39:01.856698+00
63648,14.49,2026-03-02 14:40:21.244177+00
63649,15.44,2026-03-02 14:41:37.352165+00
63650,14.32,2026-03-02 14:42:06.415017+00
63651,15.79,2026-03-02 14:43:38.802458+00
63652,14.68,2026-03-02 14:44:40.054685+00
63653,14.83,2026-03-02 14:46:14.423632+00
63654,15.47,2026-03-02 14:47:28.184035+00
63655,14.51,2026-03-02 14:48:49.607938+00
63656,15.05,2026-03-02 14:49:16.613534+00
63657,15.75,2026-03-02 14:50:12.63189+00
63658,15.8,2026-03-02 14:51:25.450231+00
63659,15.46,2026-03-02 14:52:17.409218+00
63660,15.62,2026-03-02 14:53:30.184358+00
63661,15.11,2026-03-02 14:54:29.6828+00
63662,14.6,2026-03-02 14:55:31.533936+00
63663,15.25,2026-03-02 14:56:23.564548+00
63664,15.62,2026-03-02 14:57:36.269387+00
63665,14.8,2026-03-02 14:58:00.153709+00
63666,15.81,2026-03-02 14:59:35.187912+00
63667,15.8,2026-03-02 15:01:20.903229+00
63668,15.69,2026-03-02 15:02:37.433546+00
63669,15.01,2026-03-02 15:03:31.701982+00
63670,15.88,2026-03-02 15:04:16.481525+00
63671,14.6,2026-03-02 15:05:40.90574+00
63672,15.57,2026-03-02 15:06:48.93633+00
63673,14.36,2026-03-02 15:07:36.281076+00
63674,14.03,2026-03-02 15:08:44.889029+00
63675,15.67,2026-03-02 15:09:16.109223+00
63676,15.85,2026-03-02 15:10:27.693032+00
63677,14.26,2026-03-02 15:11:25.0258+00
63678,15.35,2026-03-02 15:12:39.493737+00
63679,15.5,2026-03-02 15:13:48.583227+00
63680,15.04,2026-03-02 15:14:34.415868+00
63681,15.73,2026-03-02 15:16:12.98312+00
63682,14.67,2026-03-02 15:17:44.83124+00
63683,15.36,2026-03-02 15:18:36.109227+00
63684,13.85,2026-03-02 15:19:34.416644+00
63685,15.29,2026-03-02 15:20:03.778181+00
63686,13.98,2026-03-02 15:21:00.27092+00
63687,14.17,2026-03-02 15:22:26.723049+00
63688,15.86,2026-03-02 15:23:41.555116+00
63689,15.41,2026-03-02 15:24:32.436935+00
63690,14.46,2026-03-02 15:25:49.477395+00
63691,14.6,2026-03-02 15:26:49.319379+00
63692,15.7,2026-03-02 15:27:08.472033+00
63693,15.89,2026-03-02 15:28:06.419678+00
63694,14.56,2026-03-02 15:29:34.273152+00
63695,15.38,2026-03-02 15:31:33.35386+00
63696,14.28,2026-03-02 15:32:01.506786+00
63697,14.73,2026-03-02 15:33:05.239275+00
63698,15.14,2026-03-02 15:34:48.775532+00
63699,15.17,2026-03-02 15:35:12.973407+00
63700,15.77,2026-03-02 15:36:24.279731+00
63701,14.75,2026-03-02 15:37:38.24642+00
63702,15.47,2026-03-02 15:38:26.264345+00
63703,13.95,2026-03-02 15:39:39.103348+00
63704,13.92,2026-03-02 15:40:06.740668+00
63705,14.92,2026-03-02 15:41:03.869838+00
63706,14.99,2026-03-02 15:42:44.46995+00
63707,14.33,2026-03-02 15:43:34.237466+00
63708,14.18,2026-03-02 15:45:42.921486+00
63709,14.9,2026-03-02 15:46:39.033178+00
63710,14.41,2026-03-02 15:47:08.029507+00
63711,14.28,2026-03-02 15:48:05.961678+00
63712,14.9,2026-03-02 15:49:47.441537+00
63713,14.69,2026-03-02 15:50:27.88465+00
63714,14.07,2026-03-02 15:51:43.459147+00
63715,13.92,2026-03-02 15:52:00.03749+00
63716,14.19,2026-03-02 15:53:30.536115+00
63717,15.03,2026-03-02 15:54:02.662019+00
63718,13.72,2026-03-02 15:55:02.862507+00
63719,14.5,2026-03-02 15:56:49.391083+00
63720,15.03,2026-03-02 15:57:22.666554+00
63721,15.24,2026-03-02 15:58:02.141039+00
63722,15.11,2026-03-02 16:00:37.129237+00
63723,14.23,2026-03-02 16:01:47.123244+00
63724,14.58,2026-03-02 16:02:14.747025+00
63725,14.49,2026-03-02 16:03:23.742824+00
63726,13.93,2026-03-02 16:04:16.583814+00
63727,13.85,2026-03-02 16:05:42.195741+00
63728,14.85,2026-03-02 16:06:27.476604+00
63729,13.93,2026-03-02 16:07:29.752383+00
63730,14.19,2026-03-02 16:08:27.129168+00
63731,14.21,2026-03-02 16:09:17.218037+00
63732,15.45,2026-03-02 16:10:15.570575+00
63733,15.02,2026-03-02 16:11:26.834888+00
63734,14.16,2026-03-02 16:13:27.918705+00
63735,14.69,2026-03-02 16:14:01.74299+00
63736,13.72,2026-03-02 16:15:44.362727+00
63737,13.68,2026-03-02 16:16:27.229591+00
63738,14,2026-03-02 16:17:11.45366+00
63739,14.87,2026-03-02 16:18:15.653358+00
63740,13.85,2026-03-02 16:19:15.454082+00
63741,13.78,2026-03-02 16:20:09.559301+00
63742,14.42,2026-03-02 16:21:28.434455+00
63743,14.54,2026-03-02 16:22:37.544566+00
63744,13.51,2026-03-02 16:23:11.066431+00
63745,14.76,2026-03-02 16:24:21.815364+00
63746,15.2,2026-03-02 16:25:06.427041+00
63747,14.73,2026-03-02 16:26:24.416081+00
63748,15.21,2026-03-02 16:28:15.08033+00
63749,13.85,2026-03-02 16:29:19.047755+00
63750,13.33,2026-03-02 16:30:40.279254+00
63751,13.14,2026-03-02 16:31:47.922313+00
63752,13.8,2026-03-02 16:33:23.796069+00
63753,14.09,2026-03-02 16:34:14.268887+00
63754,13.12,2026-03-02 16:35:06.274844+00
63755,14.26,2026-03-02 16:36:30.885907+00
63756,13.02,2026-03-02 16:37:31.404742+00
63757,14.2,2026-03-02 16:39:22.693558+00
63758,14.66,2026-03-02 16:40:04.725315+00
63759,13.39,2026-03-02 16:41:13.533227+00
63760,13.75,2026-03-02 16:42:17.946863+00
63761,14.64,2026-03-02 16:43:19.534535+00
63762,13.53,2026-03-02 16:44:45.316928+00
63763,14.32,2026-03-02 16:45:41.144964+00
63764,13.83,2026-03-02 16:46:49.686869+00
63765,13.16,2026-03-02 16:47:03.818395+00
63766,14.92,2026-03-02 16:48:12.536065+00
63767,14.65,2026-03-02 16:49:41.728606+00
63768,14.35,2026-03-02 16:51:29.783909+00
63769,13.79,2026-03-02 16:52:31.300354+00
63770,14.21,2026-03-02 16:53:18.287123+00
63771,14.15,2026-03-02 16:54:42.329552+00
63772,13.05,2026-03-02 16:55:45.686278+00
63773,13.79,2026-03-02 16:56:41.766578+00
63774,14.53,2026-03-02 16:57:27.499755+00
63775,14.98,2026-03-02 16:58:07.906798+00
63776,14.37,2026-03-02 16:59:10.784336+00
63777,12.95,2026-03-02 17:00:28.754474+00
63778,13.58,2026-03-02 17:01:21.218465+00
63779,14.44,2026-03-02 17:02:08.673073+00
63780,14.08,2026-03-02 17:04:46.191804+00
63781,13.45,2026-03-02 17:05:15.865099+00
63782,13.79,2026-03-02 17:06:39.418229+00
63783,13.66,2026-03-02 17:07:35.223121+00
63784,14.53,2026-03-02 17:08:45.405201+00
63785,13.89,2026-03-02 17:09:28.550925+00
63786,13.72,2026-03-02 17:10:33.249443+00
63787,12.94,2026-03-02 17:11:28.453852+00
63788,13.72,2026-03-02 17:12:17.934468+00
63789,13.57,2026-03-02 17:13:15.905433+00
63790,13.59,2026-03-02 17:14:14.102045+00
63791,14.5,2026-03-02 17:15:04.254731+00
63792,13.31,2026-03-02 17:16:40.06592+00
63793,14.56,2026-03-02 17:17:39.450704+00
63794,13.38,2026-03-02 17:18:48.654651+00
63795,13.55,2026-03-02 17:20:08.1756+00
63796,12.77,2026-03-02 17:21:10.322505+00
63797,12.64,2026-03-02 17:22:02.510705+00
63798,13.48,2026-03-02 17:23:24.871042+00
63799,14.02,2026-03-02 17:24:28.309536+00
63800,14.69,2026-03-02 17:25:37.915549+00
63801,14.78,2026-03-02 17:26:27.017909+00
63802,14.57,2026-03-02 17:27:04.208467+00
63803,13.53,2026-03-02 17:28:22.794931+00
63804,14.44,2026-03-02 17:29:27.238068+00
63805,13.58,2026-03-02 17:30:02.364871+00
63806,12.77,2026-03-02 17:31:07.676525+00
63807,13.09,2026-03-02 17:32:37.515718+00
63808,13.63,2026-03-02 17:34:41.443353+00
63809,14.27,2026-03-02 17:35:49.843121+00
63810,14.38,2026-03-02 17:36:02.092396+00
63811,12.97,2026-03-02 17:37:12.949379+00
63812,14.46,2026-03-02 17:38:38.717217+00
63813,14.09,2026-03-02 17:39:26.142183+00
63814,14.07,2026-03-02 17:40:46.775648+00
63815,13.48,2026-03-02 17:41:34.520089+00
63816,14.44,2026-03-02 17:42:36.678974+00
63817,14.12,2026-03-02 17:43:44.829031+00
63818,14.61,2026-03-02 17:44:25.177399+00
63819,13.39,2026-03-02 17:45:33.827162+00
63820,13.65,2026-03-02 17:46:16.3679+00
63821,13.7,2026-03-02 17:48:31.018281+00
63822,14.36,2026-03-02 17:49:10.899185+00
63823,12.96,2026-03-02 17:50:32.952392+00
63824,13.63,2026-03-02 17:51:34.418041+00
63825,13.06,2026-03-02 17:52:45.210118+00
63826,12.64,2026-03-02 17:53:33.290928+00
63827,13.32,2026-03-02 17:54:27.326708+00
63828,14.33,2026-03-02 17:55:38.750369+00
63829,12.55,2026-03-02 17:56:17.902376+00
63830,14.33,2026-03-02 17:57:06.796223+00
63831,13.94,2026-03-02 17:58:28.692933+00
63832,12.82,2026-03-02 17:59:32.460314+00
63833,13.6,2026-03-02 18:01:39.370245+00
63834,13.44,2026-03-02 18:02:14.500882+00
63835,13.4,2026-03-02 18:03:49.623008+00
63836,13.6,2026-03-02 18:04:01.854215+00
63837,13.77,2026-03-02 18:05:33.559874+00
63838,14.28,2026-03-02 18:06:24.88705+00
63839,12.83,2026-03-02 18:07:08.233774+00
63840,12.6,2026-03-02 18:08:10.562309+00
63841,12.94,2026-03-02 18:09:11.77505+00
63842,13.22,2026-03-02 18:10:25.383979+00
63843,14.38,2026-03-02 18:11:25.250158+00
63844,12.85,2026-03-02 18:12:14.111527+00
63845,13.27,2026-03-02 18:13:07.992387+00
63846,13.22,2026-03-02 18:14:21.363418+00
63847,13.19,2026-03-02 18:15:02.185322+00
63848,13.67,2026-03-02 18:17:09.965674+00
63849,14.21,2026-03-02 18:18:07.693382+00
63850,14.08,2026-03-02 18:19:32.213545+00
63851,12.97,2026-03-02 18:20:05.872257+00
63852,12.51,2026-03-02 18:21:36.30119+00
63853,12.66,2026-03-02 18:22:35.125173+00
63854,13.04,2026-03-02 18:23:40.424863+00
63855,14.21,2026-03-02 18:24:34.842403+00
63856,13.66,2026-03-02 18:26:08.41382+00
63857,14.27,2026-03-02 18:27:10.299747+00
63858,14.22,2026-03-02 18:28:17.146596+00
63859,12.86,2026-03-02 18:29:44.136441+00
63860,12.35,2026-03-02 18:30:41.472801+00
63861,13.98,2026-03-02 18:31:39.714575+00
63862,13.35,2026-03-02 18:32:03.17098+00
63863,13.18,2026-03-02 18:33:10.436129+00
63864,13.2,2026-03-02 18:34:46.272306+00
63865,13.43,2026-03-02 18:35:23.546326+00
63866,12.34,2026-03-02 18:36:05.554295+00
63867,13.88,2026-03-02 18:37:32.742717+00
63868,12.87,2026-03-02 18:38:01.995634+00
63869,13.61,2026-03-02 18:40:41.293485+00
63870,13.26,2026-03-02 18:41:03.456612+00
63871,13.97,2026-03-02 18:42:36.160425+00
63872,12.12,2026-03-02 18:43:44.880703+00
63873,13.26,2026-03-02 18:44:12.975391+00
63874,12.39,2026-03-02 18:45:38.979971+00
63875,13.46,2026-03-02 18:46:48.239942+00
63876,13.13,2026-03-02 18:47:38.047395+00
63877,13.59,2026-03-02 18:48:20.974936+00
63878,12.79,2026-03-02 18:49:22.709248+00
63879,12.3,2026-03-02 18:50:38.979337+00
63880,12.67,2026-03-02 18:51:13.52355+00
63881,13.36,2026-03-02 18:52:33.662135+00
63882,12.37,2026-03-02 18:54:38.37768+00
63883,13.21,2026-03-02 18:55:31.730046+00
63884,13.59,2026-03-02 18:56:48.030585+00
63885,13.03,2026-03-02 18:57:16.985404+00
63886,12.91,2026-03-02 18:58:04.639931+00
63887,12.43,2026-03-02 18:59:09.138112+00
63888,13.08,2026-03-02 19:00:37.711056+00
63889,13.61,2026-03-02 19:01:45.244259+00
63890,13.6,2026-03-02 19:02:21.316429+00
63891,13.56,2026-03-02 19:03:00.616047+00
63892,13.24,2026-03-02 19:04:37.103419+00
63893,12.23,2026-03-02 19:05:03.572858+00
63894,13.83,2026-03-02 19:07:44.730989+00
63895,12.62,2026-03-02 19:08:00.033063+00
63896,13.61,2026-03-02 19:09:18.918865+00
63897,11.95,2026-03-02 19:10:31.079044+00
63898,12.63,2026-03-02 19:11:41.230825+00
63899,12.75,2026-03-02 19:12:48.475525+00
63900,11.98,2026-03-02 19:13:22.315529+00
63901,12.14,2026-03-02 19:14:13.889022+00
63902,11.82,2026-03-02 19:15:34.937632+00
63903,11.87,2026-03-02 19:16:45.018912+00
63904,13.5,2026-03-02 19:17:06.74844+00
63905,12.25,2026-03-02 19:18:07.537347+00
63906,11.76,2026-03-02 19:19:38.472411+00
63907,12.31,2026-03-02 19:20:33.209247+00
63908,12.87,2026-03-02 19:22:18.581971+00
63909,12.42,2026-03-02 19:23:20.627671+00
63910,13.69,2026-03-02 19:24:20.238671+00
63911,12.64,2026-03-02 19:25:12.167635+00
63912,12.12,2026-03-02 19:26:47.458554+00
63913,12.34,2026-03-02 19:27:32.351666+00
63914,13.61,2026-03-02 19:28:24.002405+00
63915,12.83,2026-03-02 19:29:26.622039+00
63916,12.08,2026-03-02 19:30:32.783257+00
63917,12.05,2026-03-02 19:31:26.921548+00
63918,12.07,2026-03-02 19:32:43.26851+00
63919,12.26,2026-03-02 19:33:16.174327+00
63920,12.06,2026-03-02 19:34:20.708655+00
63921,11.66,2026-03-02 19:36:23.494553+00
63922,13.1,2026-03-02 19:37:03.629209+00
63923,12.94,2026-03-02 19:38:30.197252+00
63924,11.51,2026-03-02 19:39:18.732172+00
63925,12.03,2026-03-02 19:40:05.058509+00
63926,12.08,2026-03-02 19:41:19.532687+00
63927,12.11,2026-03-02 19:42:21.679636+00
63928,12.72,2026-03-02 19:43:43.096199+00
63929,13.2,2026-03-02 19:44:33.808354+00
63930,12.01,2026-03-02 19:45:45.272509+00
63931,12.21,2026-03-02 19:46:22.210653+00
63932,11.4,2026-03-02 19:47:15.881873+00
63933,13.07,2026-03-02 19:48:29.16485+00
63934,13.1,2026-03-02 19:49:01.415951+00
63935,12.97,2026-03-02 19:50:10.410151+00
63936,12.56,2026-03-02 19:52:34.906614+00
63937,11.82,2026-03-02 19:53:04.856779+00
63938,11.42,2026-03-02 19:54:38.39278+00
63939,13.09,2026-03-02 19:55:07.356261+00
63940,11.47,2026-03-02 19:56:49.647557+00
63941,12.59,2026-03-02 19:57:41.652739+00
63942,11.46,2026-03-02 19:58:02.00819+00
63943,13.12,2026-03-02 19:59:27.880434+00
63944,12.83,2026-03-02 20:00:28.233167+00
63945,12.51,2026-03-02 20:01:03.167237+00
63946,12.76,2026-03-02 20:02:33.03466+00
63947,12.59,2026-03-02 20:03:11.245474+00
63948,12.29,2026-03-02 20:04:18.502057+00
63949,11.57,2026-03-02 20:05:44.889198+00
63950,12.48,2026-03-02 20:07:48.577161+00
63951,11.48,2026-03-02 20:08:09.683927+00
63952,11.69,2026-03-02 20:09:19.741172+00
63953,11.75,2026-03-02 20:10:37.958906+00
63954,11.93,2026-03-02 20:11:38.745672+00
63955,12.46,2026-03-02 20:12:10.342697+00
63956,11.63,2026-03-02 20:13:13.289038+00
63957,12.74,2026-03-02 20:14:46.492524+00
63958,11.53,2026-03-02 20:15:03.871539+00
63959,11.74,2026-03-02 20:16:30.280048+00
63960,12.04,2026-03-02 20:17:37.391314+00
63961,11.07,2026-03-02 20:18:29.028163+00
63962,11.95,2026-03-02 20:19:49.03198+00
63963,12.1,2026-03-02 20:20:22.208598+00
63964,11.68,2026-03-02 20:22:47.626372+00
63965,11.81,2026-03-02 20:23:29.510303+00
63966,12.77,2026-03-02 20:24:02.500552+00
63967,11.8,2026-03-02 20:25:11.621584+00
63968,11.52,2026-03-02 20:26:07.9744+00
63969,11.21,2026-03-02 20:27:08.139765+00
63970,11.85,2026-03-02 20:28:43.149437+00
63971,12.44,2026-03-02 20:29:27.515313+00
63972,11.37,2026-03-02 20:30:27.8533+00
63973,11.68,2026-03-02 20:31:23.8498+00
63974,11.02,2026-03-02 20:32:45.383848+00
63975,12.93,2026-03-02 20:33:36.071124+00
63976,12.82,2026-03-02 20:34:40.541103+00
63977,11.6,2026-03-02 20:35:39.682503+00
63978,12.46,2026-03-02 20:37:15.938706+00
63979,11.36,2026-03-02 20:38:31.111877+00
63980,12.06,2026-03-02 20:39:23.779631+00
63981,11.43,2026-03-02 20:40:49.655977+00
63982,11.89,2026-03-02 20:41:20.252794+00
63983,11.13,2026-03-02 20:42:30.263958+00
63984,11.27,2026-03-02 20:43:11.826413+00
63985,12.63,2026-03-02 20:44:26.027925+00
63986,11.73,2026-03-02 20:45:22.840947+00
63987,10.97,2026-03-02 20:46:32.313414+00
63988,12.85,2026-03-02 20:47:46.508071+00
63989,11.59,2026-03-02 20:48:36.831459+00
63990,11.14,2026-03-02 20:49:39.780023+00
63991,10.95,2026-03-02 20:50:34.403552+00
63992,12.83,2026-03-02 20:52:33.040685+00
63993,12.49,2026-03-02 20:53:06.618715+00
63994,11.53,2026-03-02 20:54:12.576544+00
63995,11.43,2026-03-02 20:55:33.524685+00
63996,10.91,2026-03-02 20:56:18.285721+00
63997,12.69,2026-03-02 20:57:09.017353+00
63998,12.06,2026-03-02 20:58:48.611077+00
63999,12.46,2026-03-02 20:59:31.257007+00
64000,11.66,2026-03-02 21:00:02.685128+00
64001,10.96,2026-03-02 21:01:45.387215+00
64002,12.52,2026-03-02 21:02:05.953814+00
64003,11.11,2026-03-02 21:03:32.549562+00
64004,11.74,2026-03-02 21:04:44.681079+00
64005,11.59,2026-03-02 21:05:29.986491+00
64006,11.67,2026-03-02 21:06:01.214004+00
64007,11.31,2026-03-02 21:08:10.074019+00
64008,12.7,2026-03-02 21:09:06.881185+00
64009,11.27,2026-03-02 21:10:32.850119+00
64010,11.28,2026-03-02 21:11:49.181898+00
64011,11.23,2026-03-02 21:12:09.488252+00
64012,10.97,2026-03-02 21:13:35.107726+00
64013,11.44,2026-03-02 21:14:29.971306+00
64014,11.03,2026-03-02 21:15:06.459218+00
64015,10.99,2026-03-02 21:16:21.507431+00
64016,11.19,2026-03-02 21:17:20.158773+00
64017,11.78,2026-03-02 21:18:49.475204+00
64018,10.62,2026-03-02 21:19:25.88313+00
64019,10.62,2026-03-02 21:20:36.986+00
64020,11.28,2026-03-02 21:22:22.091962+00
64021,11.32,2026-03-02 21:23:17.901696+00
64022,11.62,2026-03-02 21:24:45.839207+00
64023,11.15,2026-03-02 21:25:12.12197+00
64024,12.45,2026-03-02 21:26:42.003692+00
64025,11.87,2026-03-02 21:27:36.622369+00
64026,11.34,2026-03-02 21:28:28.138673+00
64027,12.54,2026-03-02 21:29:36.563473+00
64028,10.92,2026-03-02 21:30:01.963222+00
64029,11.65,2026-03-02 21:31:42.894845+00
64030,12.1,2026-03-02 21:32:37.317945+00
64031,10.74,2026-03-02 21:33:00.441027+00
64032,11.48,2026-03-02 21:34:04.024325+00
64033,11.3,2026-03-02 21:35:13.593129+00
64034,11.02,2026-03-02 21:37:09.625536+00
64035,11.67,2026-03-02 21:38:03.655787+00
64036,11.5,2026-03-02 21:39:23.091412+00
64037,12.35,2026-03-02 21:40:27.73999+00
64038,11.69,2026-03-02 21:41:03.546768+00
64039,12.43,2026-03-02 21:42:21.117566+00
64040,12.23,2026-03-02 21:43:18.735246+00
64041,11.07,2026-03-02 21:44:07.945154+00
64042,12.11,2026-03-02 21:45:31.340467+00
64043,11.92,2026-03-02 21:46:27.582965+00
64044,10.61,2026-03-02 21:47:23.266298+00
64045,10.65,2026-03-02 21:48:13.729613+00
64046,10.81,2026-03-02 21:49:47.422954+00
64047,11.44,2026-03-02 21:51:25.644152+00
64048,11.16,2026-03-02 21:52:38.085079+00
64049,11.7,2026-03-02 21:53:09.333514+00
64050,12.13,2026-03-02 21:54:29.786023+00
64051,10.62,2026-03-02 21:55:15.092112+00
64052,11.09,2026-03-02 21:56:08.242051+00
64053,11.64,2026-03-02 21:57:26.683961+00
64054,11.34,2026-03-02 21:58:07.583726+00
64055,11.03,2026-03-02 21:59:31.947147+00
64056,11.02,2026-03-02 22:00:48.702228+00
64057,10.48,2026-03-02 22:01:44.105781+00
64058,10.54,2026-03-02 22:02:14.695355+00
64059,10.39,2026-03-02 22:03:07.128236+00
64060,11.92,2026-03-02 22:04:47.305604+00
64061,12.11,2026-03-02 22:06:39.256033+00
64062,10.49,2026-03-02 22:07:03.484608+00
64063,10.97,2026-03-02 22:08:05.218762+00
64064,11.71,2026-03-02 22:09:15.18337+00
64065,10.71,2026-03-02 22:10:36.53446+00
64066,11.52,2026-03-02 22:11:26.991324+00
64067,10.5,2026-03-02 22:12:16.015851+00
64068,10.38,2026-03-02 22:13:23.429686+00
64069,10.91,2026-03-02 22:14:43.855848+00
64070,11.93,2026-03-02 22:15:03.14665+00
64071,10.9,2026-03-02 22:16:03.931774+00
64072,10.56,2026-03-02 22:17:46.476865+00
64073,10.54,2026-03-02 22:18:12.165812+00
64074,10.96,2026-03-02 22:19:19.676079+00
64075,12.08,2026-03-02 22:20:20.964414+00
64076,10.66,2026-03-02 22:22:30.411854+00
64077,10.74,2026-03-02 22:23:37.504868+00
64078,10.4,2026-03-02 22:24:22.58294+00
64079,11.88,2026-03-02 22:25:44.117147+00
64080,11.04,2026-03-02 22:26:20.475015+00
64081,11.16,2026-03-02 22:27:18.860103+00
64082,11.35,2026-03-02 22:28:43.167158+00
64083,11.77,2026-03-02 22:29:32.861456+00
64084,10.25,2026-03-02 22:30:24.426505+00
64085,10.46,2026-03-02 22:31:16.943503+00
64086,10.99,2026-03-02 22:32:41.024676+00
64087,10.53,2026-03-02 22:33:40.024692+00
64088,10.69,2026-03-02 22:34:22.20329+00
64089,11.66,2026-03-02 22:36:01.471681+00
64090,10.71,2026-03-02 22:37:06.142797+00
64091,11.91,2026-03-02 22:38:01.550005+00
64092,11.63,2026-03-02 22:39:38.097116+00
64093,11.17,2026-03-02 22:40:35.591045+00
64094,10.89,2026-03-02 22:41:24.248747+00
64095,10.58,2026-03-02 22:42:04.152243+00
64096,10.27,2026-03-02 22:43:48.878531+00
64097,11.4,2026-03-02 22:44:13.703915+00
64098,11.9,2026-03-02 22:45:25.893161+00
64099,11.26,2026-03-02 22:46:22.936158+00
64100,11.03,2026-03-02 22:47:49.094761+00
64101,10.92,2026-03-02 22:48:27.442699+00
64102,10.44,2026-03-02 22:50:08.673857+00
64103,11.59,2026-03-02 22:51:40.591088+00
64104,11.66,2026-03-02 22:52:21.022771+00
64105,11.94,2026-03-02 22:53:35.032191+00
64106,10,2026-03-02 22:54:21.695859+00
64107,10.32,2026-03-02 22:55:35.811389+00
64108,10.7,2026-03-02 22:56:29.8452+00
64109,10.32,2026-03-02 22:57:15.989433+00
64110,10.32,2026-03-02 22:58:46.469694+00
64111,10.35,2026-03-02 22:59:03.83943+00
64112,10.08,2026-03-02 23:00:10.705771+00
64113,10.11,2026-03-02 23:01:30.964494+00
64114,10.79,2026-03-02 23:02:04.243966+00
64115,11.4,2026-03-02 23:04:08.881935+00
64116,10.57,2026-03-02 23:05:31.077275+00
64117,10.44,2026-03-02 23:06:07.949888+00
64118,10.23,2026-03-02 23:07:20.930678+00
64119,11.72,2026-03-02 23:08:16.598844+00
64120,11.84,2026-03-02 23:09:24.746966+00
64121,10.84,2026-03-02 23:10:09.941635+00
64122,10.99,2026-03-02 23:11:05.064027+00
64123,11.82,2026-03-02 23:12:35.835478+00
64124,10.37,2026-03-02 23:13:08.486288+00
64125,11.13,2026-03-02 23:14:21.337247+00
64126,10.48,2026-03-02 23:17:20.252092+00
64127,11.13,2026-03-02 23:18:06.69978+00
64128,10.56,2026-03-02 23:19:37.612842+00
64129,10.57,2026-03-02 23:20:47.598525+00
64130,11.69,2026-03-02 23:21:18.465111+00
64131,11.75,2026-03-02 23:22:11.57475+00
64132,10.82,2026-03-02 23:23:12.947567+00
64133,10.22,2026-03-02 23:24:28.80658+00
64134,9.76,2026-03-02 23:25:09.103149+00
64135,10.39,2026-03-02 23:27:31.812443+00
64136,9.81,2026-03-02 23:29:32.159048+00
64137,11.12,2026-03-02 23:30:37.713308+00
64138,11.29,2026-03-02 23:31:33.813941+00
64139,10.52,2026-03-02 23:32:20.363525+00
64140,9.51,2026-03-02 23:33:32.950291+00
64141,9.67,2026-03-02 23:34:32.919895+00
64142,10.26,2026-03-02 23:35:47.832119+00
64143,11.02,2026-03-02 23:36:35.55425+00
64144,9.9,2026-03-02 23:37:44.599676+00
64145,9.72,2026-03-02 23:38:33.823934+00
64146,10.88,2026-03-02 23:39:07.24558+00
64147,10.29,2026-03-02 23:40:45.16681+00
64148,11.1,2026-03-02 23:41:08.421178+00
64149,11.08,2026-03-02 23:42:37.323111+00
64150,10.2,2026-03-02 23:44:45.292093+00
64151,10.65,2026-03-02 23:45:25.520537+00
64152,11.07,2026-03-02 23:46:08.631861+00
64153,10.42,2026-03-02 23:47:21.975076+00
64154,10.21,2026-03-02 23:48:40.288086+00
64155,9.33,2026-03-02 23:49:26.643787+00
64156,9.9,2026-03-02 23:50:14.207497+00
64157,10.58,2026-03-02 23:51:20.725508+00
64158,10.03,2026-03-02 23:52:15.42405+00
64159,9.82,2026-03-02 23:53:47.002269+00
64160,9.35,2026-03-02 23:54:44.783214+00
64161,10.3,2026-03-02 23:55:12.400555+00
64162,10.45,2026-03-02 23:56:41.780272+00
64163,9.59,2026-03-02 23:58:22.870545+00
64164,10.48,2026-03-02 23:59:14.657184+00
64165,9.61,2026-03-03 00:00:09.352282+00
64166,10.94,2026-03-03 00:01:28.476608+00
64167,9.94,2026-03-03 00:02:19.830411+00
64168,10.75,2026-03-03 00:03:33.304172+00
64169,11.02,2026-03-03 00:04:35.192435+00
64170,9.47,2026-03-03 00:05:44.852393+00
64171,10.51,2026-03-03 00:06:09.951225+00
64172,9.86,2026-03-03 00:07:35.235425+00
64173,10.26,2026-03-03 00:08:08.920283+00
64174,9.67,2026-03-03 00:09:09.816104+00
64175,9.92,2026-03-03 00:10:24.730927+00
64176,9.7,2026-03-03 00:11:45.850407+00
64177,9.94,2026-03-03 00:13:01.276026+00
64178,10.3,2026-03-03 00:14:16.914715+00
64179,9.45,2026-03-03 00:15:11.964406+00
64180,10.38,2026-03-03 00:16:44.778929+00
64181,9.93,2026-03-03 00:17:21.263918+00
64182,9.73,2026-03-03 00:18:08.495066+00
64183,10.71,2026-03-03 00:19:25.527491+00
64184,10.48,2026-03-03 00:20:14.259275+00
64185,10.22,2026-03-03 00:21:15.08312+00
64186,9.54,2026-03-03 00:22:48.112876+00
64187,10.09,2026-03-03 00:23:25.663459+00
64188,10.5,2026-03-03 00:24:41.808466+00
64189,10.59,2026-03-03 00:25:04.779353+00
64190,10.13,2026-03-03 00:26:20.317311+00
64191,10.05,2026-03-03 00:28:02.221353+00
64192,9.26,2026-03-03 00:29:22.590085+00
64193,10.43,2026-03-03 00:30:12.621683+00
64194,9.75,2026-03-03 00:31:23.503682+00
64195,10.6,2026-03-03 00:32:19.847705+00
64196,9.95,2026-03-03 00:33:23.697951+00
64197,10.71,2026-03-03 00:34:21.971205+00
64198,9.71,2026-03-03 00:35:26.226146+00
64199,10.65,2026-03-03 00:36:37.260455+00
64200,9.12,2026-03-03 00:37:16.103782+00
64201,10.87,2026-03-03 00:38:13.085179+00
64202,9.98,2026-03-03 00:39:32.014685+00
64203,9.39,2026-03-03 00:40:32.536235+00
64204,9.48,2026-03-03 00:41:19.629303+00
64205,9.61,2026-03-03 00:43:10.534013+00
64206,9.05,2026-03-03 00:44:34.310135+00
64207,9.63,2026-03-03 00:45:25.102274+00
64208,10.6,2026-03-03 00:46:13.205975+00
64209,10.01,2026-03-03 00:47:44.746945+00
64210,10.64,2026-03-03 00:48:43.839619+00
64211,9.26,2026-03-03 00:49:22.47466+00
64212,9.54,2026-03-03 00:50:29.012139+00
64213,8.94,2026-03-03 00:51:12.846966+00
64214,10.45,2026-03-03 00:52:46.426701+00
64215,10.66,2026-03-03 00:53:44.539947+00
64216,8.89,2026-03-03 00:54:14.706902+00
64217,9.26,2026-03-03 00:55:10.002322+00
64218,10.53,2026-03-03 00:56:41.413701+00
64219,10.45,2026-03-03 00:57:34.86333+00
64220,10.68,2026-03-03 00:59:27.585908+00
64221,10.65,2026-03-03 01:01:20.804145+00
64222,9.17,2026-03-03 01:02:47.574691+00
64223,9.24,2026-03-03 01:03:10.892539+00
64224,9.85,2026-03-03 01:04:39.68214+00
64225,10.48,2026-03-03 01:05:14.065562+00
64226,9.68,2026-03-03 01:06:03.193276+00
64227,8.84,2026-03-03 01:07:34.723891+00
64228,8.99,2026-03-03 01:08:30.124835+00
64229,9.22,2026-03-03 01:09:14.80101+00
64230,9.99,2026-03-03 01:10:34.278145+00
64231,8.78,2026-03-03 01:11:47.446121+00
64232,10.23,2026-03-03 01:12:47.767067+00
64233,8.71,2026-03-03 01:14:20.871072+00
64234,9.71,2026-03-03 01:15:34.262821+00
64235,10.06,2026-03-03 01:16:25.840825+00
64236,10.56,2026-03-03 01:17:17.934646+00
64237,9.84,2026-03-03 01:18:30.540297+00
64238,10.41,2026-03-03 01:19:05.536328+00
64239,10.45,2026-03-03 01:20:07.036719+00
64240,9.63,2026-03-03 01:21:20.858133+00
64241,9.04,2026-03-03 01:22:15.23155+00
64242,9.51,2026-03-03 01:23:14.347968+00
64243,10.59,2026-03-03 01:24:40.140256+00
64244,8.76,2026-03-03 01:25:46.238767+00
64245,9.62,2026-03-03 01:26:08.473713+00
64246,9.32,2026-03-03 01:27:07.963389+00
64247,10.43,2026-03-03 01:29:01.865249+00
64248,8.96,2026-03-03 01:31:19.82873+00
64249,9.19,2026-03-03 01:32:13.395546+00
64250,10.17,2026-03-03 01:33:19.496043+00
64251,9.12,2026-03-03 01:34:30.84409+00
64252,10.13,2026-03-03 01:35:35.707295+00
64253,9.85,2026-03-03 01:36:25.887422+00
64254,8.51,2026-03-03 01:37:27.587321+00
64255,10.13,2026-03-03 01:38:21.134374+00
64256,10.15,2026-03-03 01:39:45.971099+00
64257,9.79,2026-03-03 01:40:20.0348+00
64258,10.07,2026-03-03 01:41:43.459846+00
64259,8.24,2026-03-03 01:42:18.302708+00
64260,8.56,2026-03-03 01:44:44.341166+00
64261,9.62,2026-03-03 01:45:20.100487+00
64262,9.6,2026-03-03 01:46:45.808916+00
64263,8.2,2026-03-03 01:47:46.583739+00
64264,8.83,2026-03-03 01:48:14.346345+00
64265,9.95,2026-03-03 01:49:01.765512+00
64266,8.72,2026-03-03 01:50:14.759499+00
64267,8.84,2026-03-03 01:51:32.742262+00
64268,9.78,2026-03-03 01:52:35.187555+00
64269,8.88,2026-03-03 01:53:05.072095+00
64270,8.68,2026-03-03 01:54:06.890822+00
64271,10.08,2026-03-03 01:55:49.749938+00
64272,9.72,2026-03-03 01:56:08.596318+00
64273,9.08,2026-03-03 01:57:22.076549+00
64274,9.08,2026-03-03 01:58:07.763942+00
64275,8.42,2026-03-03 02:00:19.823018+00
64276,10.01,2026-03-03 02:01:46.652136+00
64277,9.54,2026-03-03 02:02:35.339855+00
64278,9.13,2026-03-03 02:03:01.476011+00
64279,9,2026-03-03 02:04:39.828615+00
64280,9.1,2026-03-03 02:05:06.122391+00
64281,9.84,2026-03-03 02:06:22.864499+00
64282,8.59,2026-03-03 02:07:19.686439+00
64283,8.47,2026-03-03 02:08:38.213788+00
64284,9.21,2026-03-03 02:09:13.848909+00
64285,8.51,2026-03-03 02:10:45.126912+00
64286,9.12,2026-03-03 02:11:15.605731+00
64287,8.97,2026-03-03 02:12:13.11242+00
64288,8.21,2026-03-03 02:13:25.184331+00
64289,8.15,2026-03-03 02:15:31.633773+00
64290,9.29,2026-03-03 02:16:39.744276+00
64291,10.07,2026-03-03 02:17:01.605053+00
64292,9.11,2026-03-03 02:18:44.316737+00
64293,9.17,2026-03-03 02:19:48.491941+00
64294,8.41,2026-03-03 02:20:44.240554+00
64295,9.03,2026-03-03 02:21:07.588594+00
64296,8.49,2026-03-03 02:22:05.136703+00
64297,8.83,2026-03-03 02:23:02.889256+00
64298,9.58,2026-03-03 02:24:10.82243+00
64299,9.36,2026-03-03 02:25:22.516657+00
64300,10.02,2026-03-03 02:26:33.719084+00
64301,9.27,2026-03-03 02:27:03.619216+00
64302,9.85,2026-03-03 02:28:43.615163+00
64303,8.82,2026-03-03 02:31:49.041665+00
64304,8.99,2026-03-03 02:32:04.636497+00
64305,9.53,2026-03-03 02:33:42.574228+00
64306,9.64,2026-03-03 02:34:11.287717+00
64307,10.13,2026-03-03 02:35:30.469929+00
64308,9.8,2026-03-03 02:36:41.618708+00
64309,9.38,2026-03-03 02:37:48.573687+00
64310,9.9,2026-03-03 02:38:01.112728+00
64311,9.34,2026-03-03 02:39:03.741109+00
64312,10.12,2026-03-03 02:40:13.55942+00
64313,8.92,2026-03-03 02:41:35.142773+00
64314,8.36,2026-03-03 02:42:44.358487+00
64315,8.7,2026-03-03 02:43:08.217071+00
64316,9.08,2026-03-03 02:45:40.570881+00
64317,9.59,2026-03-03 02:46:28.164081+00
64318,10.46,2026-03-03 02:47:03.566702+00
64319,9.64,2026-03-03 02:48:23.203658+00
64320,9.19,2026-03-03 02:49:46.603547+00
64321,8.61,2026-03-03 02:50:12.405522+00
64322,8.77,2026-03-03 02:51:19.903499+00
64323,10.34,2026-03-03 02:52:38.08236+00
64324,9.95,2026-03-03 02:53:11.798875+00
64325,9.66,2026-03-03 02:54:29.665482+00
64326,10.37,2026-03-03 02:55:04.535453+00
64327,8.61,2026-03-03 02:56:38.687894+00
64328,9.48,2026-03-03 02:57:18.79124+00
64329,10.4,2026-03-03 02:58:04.705895+00
64330,9.84,2026-03-03 02:59:33.807794+00
64331,10.25,2026-03-03 03:01:42.36207+00
64332,10.07,2026-03-03 03:02:18.886487+00
64333,8.81,2026-03-03 03:03:04.314079+00
64334,9.41,2026-03-03 03:04:40.908389+00
64335,9.46,2026-03-03 03:05:04.08643+00
64336,9.02,2026-03-03 03:06:21.927325+00
64337,10.04,2026-03-03 03:07:15.35977+00
64338,8.94,2026-03-03 03:08:17.84113+00
64339,9.17,2026-03-03 03:09:40.893489+00
64340,8.72,2026-03-03 03:10:34.328565+00
64341,9.09,2026-03-03 03:11:13.260047+00
64342,9.33,2026-03-03 03:12:40.818421+00
64343,10.3,2026-03-03 03:13:42.168911+00
64344,9.52,2026-03-03 03:14:09.409984+00
64345,8.88,2026-03-03 03:15:01.193716+00
64346,10.07,2026-03-03 03:17:09.069017+00
64347,9.36,2026-03-03 03:18:12.88537+00
64348,9.43,2026-03-03 03:19:17.414913+00
64349,9.77,2026-03-03 03:20:26.628453+00
64350,9.2,2026-03-03 03:21:26.937256+00
64351,10.67,2026-03-03 03:22:42.504763+00
64352,10.27,2026-03-03 03:23:13.350852+00
64353,8.55,2026-03-03 03:24:21.778309+00
64354,9.41,2026-03-03 03:25:36.778435+00
64355,9.65,2026-03-03 03:26:03.835852+00
64356,9.82,2026-03-03 03:27:10.401311+00
64357,8.58,2026-03-03 03:28:11.046073+00
64358,9,2026-03-03 03:29:23.299612+00
64359,10.05,2026-03-03 03:31:34.820418+00
64360,10.53,2026-03-03 03:32:05.572956+00
64361,9.33,2026-03-03 03:33:17.443481+00
64362,9.39,2026-03-03 03:34:35.162361+00
64363,10.09,2026-03-03 03:35:25.14361+00
64364,9.54,2026-03-03 03:36:09.674777+00
64365,9.96,2026-03-03 03:37:21.909643+00
64366,10.6,2026-03-03 03:38:27.20648+00
64367,9.07,2026-03-03 03:39:04.610162+00
64368,10.23,2026-03-03 03:40:47.715156+00
64369,8.84,2026-03-03 03:41:24.819372+00
64370,9.91,2026-03-03 03:42:18.332458+00
64371,9.86,2026-03-03 03:43:23.54503+00
64372,10.05,2026-03-03 03:44:13.045161+00
64373,9.54,2026-03-03 03:46:48.959877+00
64374,9.29,2026-03-03 03:47:28.169287+00
64375,9.73,2026-03-03 03:48:00.510166+00
64376,10.48,2026-03-03 03:49:02.082725+00
64377,9.4,2026-03-03 03:50:30.085115+00
64378,9.7,2026-03-03 03:51:42.85728+00
64379,10.45,2026-03-03 03:52:27.221902+00
64380,9.38,2026-03-03 03:53:38.87585+00
64381,9.3,2026-03-03 03:54:15.883755+00
64382,8.7,2026-03-03 03:55:14.674774+00
64383,10.23,2026-03-03 03:56:37.231981+00
64384,9.09,2026-03-03 03:57:33.239296+00
64385,9.16,2026-03-03 03:58:42.550649+00
64386,10.34,2026-03-03 03:59:10.115518+00
64387,9.2,2026-03-03 04:01:19.044834+00
64388,9.22,2026-03-03 04:02:48.422275+00
64389,9.72,2026-03-03 04:03:20.260412+00
64390,10.02,2026-03-03 04:04:22.708645+00
64391,10.28,2026-03-03 04:05:00.486084+00
64392,10.12,2026-03-03 04:06:26.137946+00
64393,9.75,2026-03-03 04:07:38.533008+00
64394,9.27,2026-03-03 04:08:37.972986+00
64395,8.91,2026-03-03 04:09:44.556042+00
64396,10.35,2026-03-03 04:10:15.099205+00
64397,10.36,2026-03-03 04:11:23.602464+00
64398,9.81,2026-03-03 04:12:00.104975+00
64399,10.64,2026-03-03 04:13:14.932531+00
64400,8.68,2026-03-03 04:15:10.096439+00
64401,8.71,2026-03-03 04:16:14.264649+00
64402,9.67,2026-03-03 04:17:32.405068+00
64403,8.8,2026-03-03 04:18:43.149343+00
64404,9.64,2026-03-03 04:19:44.284825+00
64405,10.34,2026-03-03 04:20:08.565087+00
64406,10.41,2026-03-03 04:21:28.529119+00
64407,10.59,2026-03-03 04:22:44.539859+00
64408,9.37,2026-03-03 04:23:31.537064+00
64409,8.63,2026-03-03 04:24:34.98959+00
64410,9.38,2026-03-03 04:25:06.983706+00
64411,9.56,2026-03-03 04:26:11.722406+00
64412,9.04,2026-03-03 04:27:39.097259+00
64413,10.26,2026-03-03 04:28:22.645277+00
64414,9.78,2026-03-03 04:30:40.877634+00
64415,9.52,2026-03-03 04:31:18.716768+00
64416,9.96,2026-03-03 04:32:23.124792+00
64417,9.3,2026-03-03 04:33:23.749066+00
64418,9.43,2026-03-03 04:34:02.378957+00
64419,10.25,2026-03-03 04:35:41.285571+00
64420,8.53,2026-03-03 04:36:47.843073+00
64421,9.38,2026-03-03 04:37:24.718326+00
64422,9.37,2026-03-03 04:38:19.331304+00
64423,9.65,2026-03-03 04:39:31.39398+00
64424,9.23,2026-03-03 04:40:22.468426+00
64425,8.57,2026-03-03 04:41:19.578723+00
64426,9.56,2026-03-03 04:42:37.85838+00
64427,8.37,2026-03-03 04:44:11.377688+00
64428,9.4,2026-03-03 04:45:15.852791+00
64429,7.96,2026-03-03 04:46:30.980626+00
64430,7.87,2026-03-03 04:47:49.842014+00
64431,8.87,2026-03-03 04:48:04.035616+00
64432,8.59,2026-03-03 04:49:00.171398+00
64433,8.03,2026-03-03 04:50:21.872496+00
64434,9.71,2026-03-03 04:51:48.038716+00
64435,8.89,2026-03-03 04:52:36.960858+00
64436,9.1,2026-03-03 04:53:31.805171+00
64437,9.43,2026-03-03 04:54:45.128726+00
64438,8.4,2026-03-03 04:55:11.828814+00
64439,8.27,2026-03-03 04:56:09.032767+00
64440,8.97,2026-03-03 04:57:28.950127+00
64441,7.97,2026-03-03 04:59:46.845937+00
64442,8.52,2026-03-03 05:01:26.760896+00
64443,7.96,2026-03-03 05:02:49.858185+00
64444,8.1,2026-03-03 05:03:31.770748+00
64445,8.4,2026-03-03 05:04:16.149053+00
64446,8.08,2026-03-03 05:05:43.822437+00
64447,9.54,2026-03-03 05:06:21.822391+00
64448,8.66,2026-03-03 05:07:19.50525+00
64449,8.03,2026-03-03 05:08:03.734143+00
64450,7.81,2026-03-03 05:09:32.040033+00
64451,7.71,2026-03-03 05:10:12.08799+00
64452,8.45,2026-03-03 05:11:24.00656+00
64453,8.9,2026-03-03 05:12:27.408617+00
64454,7.68,2026-03-03 05:13:30.261572+00
64455,8.84,2026-03-03 05:15:22.752736+00
64456,7.99,2026-03-03 05:16:14.124593+00
64457,8.38,2026-03-03 05:17:10.286513+00
64458,7.5,2026-03-03 05:18:01.765865+00
64459,8.42,2026-03-03 05:19:27.650771+00
64460,9.14,2026-03-03 05:20:23.957937+00
64461,7.86,2026-03-03 05:21:14.6873+00
64462,9.12,2026-03-03 05:22:25.330973+00
64463,8.18,2026-03-03 05:23:39.485252+00
64464,8.65,2026-03-03 05:24:25.876175+00
64465,7.78,2026-03-03 05:25:19.309819+00
64466,9.24,2026-03-03 05:26:12.055382+00
64467,8.57,2026-03-03 05:27:25.730207+00
64468,7.67,2026-03-03 05:28:27.724872+00
64469,7.46,2026-03-03 05:30:40.802535+00
64470,8.35,2026-03-03 05:31:34.028468+00
64471,9.39,2026-03-03 05:32:28.832157+00
64472,8.58,2026-03-03 05:33:33.247302+00
64473,7.51,2026-03-03 05:34:22.835715+00
64474,8.83,2026-03-03 05:35:47.276623+00
64475,8.04,2026-03-03 05:36:16.510778+00
64476,9.07,2026-03-03 05:37:18.199014+00
64477,8.74,2026-03-03 05:38:21.968546+00
64478,7.93,2026-03-03 05:39:19.973155+00
64479,8.48,2026-03-03 05:40:20.935341+00
64480,9.03,2026-03-03 05:41:04.986846+00
64481,9.18,2026-03-03 05:42:01.978484+00
64482,8.88,2026-03-03 05:43:03.873461+00
64483,8.95,2026-03-03 05:45:33.008472+00
64484,8.08,2026-03-03 05:46:27.287806+00
64485,8.18,2026-03-03 05:47:06.020646+00
64486,7.79,2026-03-03 05:48:11.180564+00
64487,8.47,2026-03-03 05:49:22.675996+00
64488,7.47,2026-03-03 05:50:09.743966+00
64489,8.81,2026-03-03 05:51:12.941647+00
64490,8.54,2026-03-03 05:52:04.282011+00
64491,8.14,2026-03-03 05:53:15.0924+00
64492,8.04,2026-03-03 05:54:22.277303+00
64493,8.59,2026-03-03 05:55:30.17796+00
64494,7.41,2026-03-03 05:56:31.388278+00
64495,8.29,2026-03-03 05:57:41.234251+00
64496,9.2,2026-03-03 05:58:36.342887+00
64497,7.97,2026-03-03 06:01:02.579316+00
64498,8.73,2026-03-03 06:02:01.719302+00
64499,8.14,2026-03-03 06:03:07.579668+00
64500,8.4,2026-03-03 06:04:05.267294+00
64501,8.1,2026-03-03 06:05:10.795385+00
64502,8.56,2026-03-03 06:06:13.421024+00
64503,9.21,2026-03-03 06:07:27.879724+00
64504,8.62,2026-03-03 06:08:09.618787+00
64505,8.44,2026-03-03 06:09:11.165406+00
64506,8.73,2026-03-03 06:10:24.954027+00
64507,8.41,2026-03-03 06:11:45.980792+00
64508,9.29,2026-03-03 06:12:02.928192+00
64509,8.94,2026-03-03 06:13:44.798588+00
64510,9.14,2026-03-03 06:15:26.567662+00
64511,7.57,2026-03-03 06:16:14.939898+00
64512,8.92,2026-03-03 06:17:25.163118+00
64513,8.32,2026-03-03 06:18:00.529254+00
64514,9.2,2026-03-03 06:19:48.729624+00
64515,8.26,2026-03-03 06:20:30.79237+00
64516,7.6,2026-03-03 06:21:43.51743+00
64517,8.73,2026-03-03 06:22:28.335366+00
64518,8.16,2026-03-03 06:23:43.754314+00
64519,8.04,2026-03-03 06:24:18.535761+00
64520,7.51,2026-03-03 06:25:48.737192+00
64521,7.36,2026-03-03 06:26:34.639184+00
64522,8.4,2026-03-03 06:27:14.015288+00
64523,8.79,2026-03-03 06:29:38.423129+00
64524,7.96,2026-03-03 06:30:33.486252+00
64525,7.75,2026-03-03 06:31:01.82009+00
64526,7.13,2026-03-03 06:32:11.082633+00
64527,8.87,2026-03-03 06:33:34.545096+00
64528,8.5,2026-03-03 06:34:45.394647+00
64529,8,2026-03-03 06:35:47.28992+00
64530,8.17,2026-03-03 06:36:27.805909+00
64531,7.76,2026-03-03 06:37:35.486168+00
64532,7.32,2026-03-03 06:38:40.863132+00
64533,8.36,2026-03-03 06:39:37.057874+00
64534,7.69,2026-03-03 06:40:36.855295+00
64535,7.24,2026-03-03 06:42:33.544429+00
64536,8.21,2026-03-03 06:43:27.060082+00
64537,8.32,2026-03-03 06:44:48.002901+00
64538,7.47,2026-03-03 06:45:05.508726+00
64539,7.81,2026-03-03 06:46:32.933703+00
64540,8.36,2026-03-03 06:47:07.31008+00
64541,7.12,2026-03-03 06:48:35.887488+00
64542,7.59,2026-03-03 06:49:28.323317+00
64543,8.88,2026-03-03 06:50:20.412821+00
64544,8.4,2026-03-03 06:51:10.432016+00
64545,8.14,2026-03-03 06:52:09.308646+00
64546,8.06,2026-03-03 06:53:47.063281+00
64547,7.76,2026-03-03 06:54:05.515455+00
64548,7.16,2026-03-03 06:55:14.526468+00
64549,8.14,2026-03-03 06:57:08.57327+00
64550,7.86,2026-03-03 06:58:37.881306+00
64551,7.4,2026-03-03 06:59:18.71495+00
64552,7.5,2026-03-03 07:00:24.913275+00
64553,8.86,2026-03-03 07:01:34.681379+00
64554,7.61,2026-03-03 07:02:30.712772+00
64555,8.41,2026-03-03 07:03:44.165212+00
64556,8.81,2026-03-03 07:04:34.350762+00
64557,7.44,2026-03-03 07:05:37.104715+00
64558,8.17,2026-03-03 07:06:33.924625+00
64559,7.73,2026-03-03 07:07:02.262638+00
64560,8.56,2026-03-03 07:08:00.49631+00
64561,8.21,2026-03-03 07:10:40.793276+00
64562,7.81,2026-03-03 07:11:40.293154+00
64563,7.53,2026-03-03 07:12:49.006983+00
64564,7.58,2026-03-03 07:13:36.775384+00
64565,8.23,2026-03-03 07:14:42.881157+00
64566,7.47,2026-03-03 07:15:27.899635+00
64567,8.89,2026-03-03 07:16:37.434078+00
64568,8.41,2026-03-03 07:17:09.712264+00
64569,8.9,2026-03-03 07:18:24.06218+00
64570,7.52,2026-03-03 07:19:24.143036+00
64571,7.97,2026-03-03 07:20:25.274273+00
64572,8.53,2026-03-03 07:21:01.745755+00
64573,7.45,2026-03-03 07:22:42.730359+00
64574,8.07,2026-03-03 07:23:34.47098+00
64575,8.55,2026-03-03 07:25:13.663406+00
64576,7.48,2026-03-03 07:26:29.673487+00
64577,7.76,2026-03-03 07:27:33.527048+00
64578,8.49,2026-03-03 07:28:25.452625+00
64579,7.82,2026-03-03 07:29:33.911844+00
64580,8.89,2026-03-03 07:30:49.621509+00
64581,8.16,2026-03-03 07:31:23.306602+00
64582,7.76,2026-03-03 07:32:32.129787+00
64583,8.63,2026-03-03 07:33:34.311194+00
64584,8.49,2026-03-03 07:34:30.610702+00
64585,8.72,2026-03-03 07:35:02.327091+00
64586,7.92,2026-03-03 07:36:06.770629+00
64587,7.6,2026-03-03 07:37:13.72629+00
64588,8.89,2026-03-03 07:38:08.131632+00
64589,8.47,2026-03-03 07:39:44.886262+00
64590,7.61,2026-03-03 07:41:27.53335+00
64591,7.76,2026-03-03 07:42:49.0097+00
64592,9.21,2026-03-03 07:43:30.112402+00
64593,9.19,2026-03-03 07:44:00.31484+00
64594,8.72,2026-03-03 07:45:34.903372+00
64595,8.87,2026-03-03 07:46:39.803816+00
64596,9.45,2026-03-03 07:47:22.945659+00
64597,8.97,2026-03-03 07:48:18.07758+00
64598,8.15,2026-03-03 07:49:04.510914+00
64599,8.44,2026-03-03 07:50:29.586834+00
64600,8.89,2026-03-03 07:51:45.695001+00
64601,8.13,2026-03-03 07:52:00.859726+00
64602,8.77,2026-03-03 07:53:06.718505+00
64603,9.1,2026-03-03 07:54:16.323429+00
64604,9.44,2026-03-03 07:56:18.278285+00
64605,8.01,2026-03-03 07:57:39.993862+00
64606,8.78,2026-03-03 07:58:36.845504+00
64607,8.78,2026-03-03 07:59:09.091359+00
64608,8.97,2026-03-03 08:00:26.955969+00
64609,8.59,2026-03-03 08:01:05.215022+00
64610,7.93,2026-03-03 08:02:02.442583+00
64611,8.28,2026-03-03 08:03:16.02624+00
64612,9.09,2026-03-03 08:04:03.857276+00
64613,9.59,2026-03-03 08:05:16.691309+00
64614,9.38,2026-03-03 08:06:10.389654+00
64615,8.67,2026-03-03 08:07:18.191129+00
64616,7.95,2026-03-03 08:08:31.325842+00
64617,9.27,2026-03-03 08:09:04.759908+00
64618,8.52,2026-03-03 08:10:17.852718+00
64619,9.82,2026-03-03 08:12:34.399184+00
64620,9.38,2026-03-03 08:13:18.588297+00
64621,8.75,2026-03-03 08:14:12.806509+00
64622,8.12,2026-03-03 08:15:37.067494+00
64623,8.05,2026-03-03 08:16:01.682119+00
64624,8.1,2026-03-03 08:17:34.391631+00
64625,9.87,2026-03-03 08:18:30.076513+00
64626,9.32,2026-03-03 08:19:48.770515+00
64627,8.5,2026-03-03 08:20:40.45231+00
64628,8.84,2026-03-03 08:21:30.350583+00
64629,8.07,2026-03-03 08:22:02.287303+00
64630,9.33,2026-03-03 08:23:13.419792+00
64631,8.15,2026-03-03 08:24:15.963997+00
64632,8.76,2026-03-03 08:26:28.007238+00
64633,8.8,2026-03-03 08:27:29.048255+00
64634,9.71,2026-03-03 08:28:10.844252+00
64635,9.07,2026-03-03 08:29:26.121198+00
64636,9.12,2026-03-03 08:30:38.85115+00
64637,10.1,2026-03-03 08:31:46.323422+00
64638,10.34,2026-03-03 08:32:15.794361+00
64639,9.52,2026-03-03 08:33:47.800784+00
64640,10.33,2026-03-03 08:34:45.730272+00
64641,8.77,2026-03-03 08:35:23.642275+00
64642,10.32,2026-03-03 08:36:36.768564+00
64643,9.35,2026-03-03 08:37:24.502647+00
64644,9.04,2026-03-03 08:38:09.448411+00
64645,9.77,2026-03-03 08:39:41.68772+00
64646,9.32,2026-03-03 08:41:21.576799+00
64647,9.3,2026-03-03 08:42:48.135277+00
64648,9.43,2026-03-03 08:43:29.472327+00
64649,10.29,2026-03-03 08:44:41.111597+00
64650,9.47,2026-03-03 08:45:33.906871+00
64651,10.19,2026-03-03 08:46:10.769385+00
64652,10.27,2026-03-03 08:47:33.225512+00
64653,10.07,2026-03-03 08:48:16.775976+00
64654,10.43,2026-03-03 08:49:38.941544+00
64655,10.57,2026-03-03 08:50:40.474437+00
64656,8.79,2026-03-03 08:51:15.693841+00
64657,10.46,2026-03-03 08:52:14.914575+00
64658,9.54,2026-03-03 08:53:39.329774+00
64659,10.51,2026-03-03 08:54:33.993187+00
64660,9.91,2026-03-03 08:56:41.193934+00
64661,9.87,2026-03-03 08:57:21.219236+00
64662,9.45,2026-03-03 08:58:33.794449+00
64663,10.03,2026-03-03 08:59:00.112245+00
64664,9.25,2026-03-03 09:00:45.522935+00
64665,10.68,2026-03-03 09:01:36.450343+00
64666,8.75,2026-03-03 09:02:43.253248+00
64667,9.98,2026-03-03 09:03:34.34588+00
64668,10.27,2026-03-03 09:04:34.067083+00
64669,9.77,2026-03-03 09:05:11.638383+00
64670,10.53,2026-03-03 09:06:37.747214+00
64671,9.03,2026-03-03 09:07:11.785366+00
64672,10.39,2026-03-03 09:08:19.759702+00
64673,9.29,2026-03-03 09:10:13.839271+00
64674,9.57,2026-03-03 09:11:07.220533+00
64675,9.48,2026-03-03 09:12:33.933384+00
64676,8.9,2026-03-03 09:13:02.979272+00
64677,9.38,2026-03-03 09:14:04.270158+00
64678,10.64,2026-03-03 09:15:04.84139+00
64679,9.81,2026-03-03 09:16:19.844403+00
64680,10.61,2026-03-03 09:17:28.953296+00
64681,9.87,2026-03-03 09:18:36.788134+00
64682,10.65,2026-03-03 09:19:15.70422+00
64683,10.2,2026-03-03 09:20:32.489959+00
64684,9.6,2026-03-03 09:21:27.186166+00
64685,10.61,2026-03-03 09:22:19.0815+00
64686,9.8,2026-03-03 09:24:38.119879+00
64687,10.12,2026-03-03 09:25:41.684788+00
64688,10.18,2026-03-03 09:26:42.078341+00
64689,10.19,2026-03-03 09:27:03.671583+00
64690,10.49,2026-03-03 09:28:28.893421+00
64691,9.7,2026-03-03 09:29:18.088481+00
64692,11.23,2026-03-03 09:30:13.688774+00
64693,11.27,2026-03-03 09:31:27.067474+00
64694,11.36,2026-03-03 09:32:16.862941+00
64695,11.29,2026-03-03 09:33:01.667709+00
64696,9.41,2026-03-03 09:34:44.727058+00
64697,10.2,2026-03-03 09:35:13.776439+00
64698,10.03,2026-03-03 09:36:37.51918+00
64699,10.35,2026-03-03 09:37:02.310843+00
64700,9.68,2026-03-03 09:39:41.890305+00
64701,10.27,2026-03-03 09:41:40.24239+00
64702,9.91,2026-03-03 09:42:24.734413+00
64703,10.37,2026-03-03 09:43:10.231015+00
64704,9.41,2026-03-03 09:44:35.419658+00
64705,9.75,2026-03-03 09:45:36.909746+00
64706,9.8,2026-03-03 09:46:11.07345+00
64707,10.77,2026-03-03 09:47:05.511645+00
64708,11.31,2026-03-03 09:48:23.458101+00
64709,9.97,2026-03-03 09:49:42.057516+00
64710,11.02,2026-03-03 09:50:49.226722+00
64711,10.51,2026-03-03 09:51:08.447236+00
64712,9.98,2026-03-03 09:52:49.270842+00
64713,10.46,2026-03-03 09:53:01.373642+00
64714,10.98,2026-03-03 09:55:25.663177+00
64715,10.54,2026-03-03 09:56:42.105848+00
64716,9.99,2026-03-03 09:57:16.968103+00
64717,10.92,2026-03-03 09:58:08.122831+00
64718,10.19,2026-03-03 09:59:42.564132+00
64719,11.75,2026-03-03 10:00:08.797393+00
64720,9.98,2026-03-03 10:01:13.284119+00
64721,10.17,2026-03-03 10:02:39.120424+00
64722,9.88,2026-03-03 10:03:04.802919+00
64723,10.9,2026-03-03 10:04:24.490726+00
64724,10.07,2026-03-03 10:05:49.98857+00
64725,11.3,2026-03-03 10:06:17.833274+00
64726,11.49,2026-03-03 10:07:33.224313+00
64727,10.23,2026-03-03 10:09:41.211517+00
64728,11.76,2026-03-03 10:10:32.420139+00
64729,11.16,2026-03-03 10:11:37.858083+00
64730,11.34,2026-03-03 10:12:18.881509+00
64731,10.56,2026-03-03 10:13:39.760928+00
64732,10.41,2026-03-03 10:14:26.147879+00
64733,11.76,2026-03-03 10:15:01.921957+00
64734,10.3,2026-03-03 10:16:36.675622+00
64735,11.02,2026-03-03 10:17:48.869368+00
64736,11.31,2026-03-03 10:18:49.320816+00
64737,10.27,2026-03-03 10:19:11.104462+00
64738,10.16,2026-03-03 10:20:19.860642+00
64739,11.71,2026-03-03 10:21:19.018045+00
64740,11.61,2026-03-03 10:22:40.491235+00
64741,10.85,2026-03-03 10:24:29.574415+00
64742,11.09,2026-03-03 10:25:45.395555+00
64743,10.32,2026-03-03 10:26:26.098312+00
64744,11.97,2026-03-03 10:27:15.103968+00
64745,11.6,2026-03-03 10:28:17.118233+00
64746,11.63,2026-03-03 10:29:28.172746+00
64747,10.41,2026-03-03 10:30:22.997677+00
64748,11.87,2026-03-03 10:31:49.90431+00
64749,12.13,2026-03-03 10:32:22.864766+00
64750,10.68,2026-03-03 10:33:30.740964+00
64751,11.68,2026-03-03 10:34:37.903188+00
64752,12.34,2026-03-03 10:35:25.373203+00
64753,12.14,2026-03-03 10:36:11.748654+00
64754,11.95,2026-03-03 10:37:41.321213+00
64755,12.39,2026-03-03 10:39:36.385096+00
64756,10.87,2026-03-03 10:41:08.728709+00
64757,10.82,2026-03-03 10:42:30.209136+00
64758,10.45,2026-03-03 10:43:04.624202+00
64759,11.52,2026-03-03 10:44:04.09658+00
64760,10.86,2026-03-03 10:45:15.512382+00
64761,12.24,2026-03-03 10:46:40.123633+00
64762,11.07,2026-03-03 10:47:10.199379+00
64763,12.2,2026-03-03 10:48:05.397545+00
64764,11.9,2026-03-03 10:49:44.366612+00
64765,11.38,2026-03-03 10:50:30.870999+00
64766,11.89,2026-03-03 10:51:28.97311+00
64767,11.34,2026-03-03 10:52:14.843668+00
64768,10.62,2026-03-03 10:53:30.761941+00
64769,11.68,2026-03-03 10:55:00.894466+00
64770,11.02,2026-03-03 10:56:31.005772+00
64771,10.54,2026-03-03 10:57:08.472376+00
64772,11.96,2026-03-03 10:58:02.050751+00
64773,11.78,2026-03-03 10:59:25.919505+00
64774,12.61,2026-03-03 11:00:44.67152+00
64775,11.03,2026-03-03 11:01:04.346862+00
64776,10.95,2026-03-03 11:02:25.089592+00
64777,11.57,2026-03-03 11:03:42.987783+00
64778,12.66,2026-03-03 11:04:25.029016+00
64779,12.55,2026-03-03 11:05:20.044811+00
64780,11.65,2026-03-03 11:06:35.972251+00
64781,11.84,2026-03-03 11:07:26.996506+00
64782,11.71,2026-03-03 11:08:32.495669+00
64783,11.78,2026-03-03 11:10:10.509145+00
64784,11.54,2026-03-03 11:11:49.025915+00
64785,11.55,2026-03-03 11:12:20.086739+00
64786,12.47,2026-03-03 11:13:15.105595+00
64787,10.95,2026-03-03 11:14:33.467093+00
64788,12.95,2026-03-03 11:15:01.931083+00
64789,12.44,2026-03-03 11:16:27.826177+00
64790,11.44,2026-03-03 11:17:24.301996+00
64791,11.83,2026-03-03 11:18:46.174321+00
64792,12.52,2026-03-03 11:19:01.302552+00
64793,12.48,2026-03-03 11:20:06.404099+00
64794,12.59,2026-03-03 11:21:18.459624+00
64795,12.57,2026-03-03 11:22:23.546307+00
64796,11.85,2026-03-03 11:24:20.497081+00
64797,11.98,2026-03-03 11:25:05.694819+00
64798,12.04,2026-03-03 11:26:25.599906+00
64799,11.62,2026-03-03 11:27:11.658553+00
64800,12.87,2026-03-03 11:28:01.695078+00
64801,11.77,2026-03-03 11:29:06.983894+00
64802,12.81,2026-03-03 11:30:29.803657+00
64803,11.75,2026-03-03 11:31:07.169811+00
64804,12.31,2026-03-03 11:33:47.34701+00
64805,12.25,2026-03-03 11:35:49.154767+00
64806,12.43,2026-03-03 11:36:27.803076+00
64807,11.42,2026-03-03 11:37:44.822601+00
64808,12.19,2026-03-03 11:38:00.505951+00
64809,12.84,2026-03-03 11:39:25.016916+00
64810,11.38,2026-03-03 11:40:45.066808+00
64811,12.36,2026-03-03 11:41:20.008579+00
64812,11.42,2026-03-03 11:42:23.318929+00
64813,12.49,2026-03-03 11:43:40.556827+00
64814,11.59,2026-03-03 11:44:31.976344+00
64815,13.32,2026-03-03 11:45:04.855888+00
64816,13.06,2026-03-03 11:46:21.564794+00
64817,13.07,2026-03-03 11:48:26.930896+00
64818,13.27,2026-03-03 11:49:33.090424+00
64819,13.01,2026-03-03 11:50:39.488593+00
64820,12.32,2026-03-03 11:51:23.63694+00
64821,11.69,2026-03-03 11:52:26.783887+00
64822,12.48,2026-03-03 11:53:25.227418+00
64823,13.11,2026-03-03 11:54:08.671989+00
64824,11.8,2026-03-03 11:55:45.572002+00
64825,11.75,2026-03-03 11:56:19.753989+00
64826,12.22,2026-03-03 11:57:41.996883+00
64827,12.97,2026-03-03 11:58:26.358215+00
64828,12.28,2026-03-03 11:59:31.915917+00
64829,12.93,2026-03-03 12:00:18.458017+00
64830,12.05,2026-03-03 12:03:30.052687+00
64831,12.09,2026-03-03 12:04:23.21806+00
64832,12.79,2026-03-03 12:05:46.128564+00
64833,13.21,2026-03-03 12:06:34.627164+00
64834,11.95,2026-03-03 12:07:28.481425+00
64835,11.95,2026-03-03 12:08:43.679637+00
64836,13.56,2026-03-03 12:09:46.085115+00
64837,12.03,2026-03-03 12:10:30.157297+00
64838,13.46,2026-03-03 12:11:00.389546+00
64839,13.39,2026-03-03 12:12:44.343193+00
64840,12.28,2026-03-03 12:14:03.334138+00
64841,12.52,2026-03-03 12:15:26.001719+00
64842,13.04,2026-03-03 12:16:38.438777+00
64843,12.58,2026-03-03 12:17:39.160448+00
64844,13.22,2026-03-03 12:18:43.764535+00
64845,13.33,2026-03-03 12:19:40.062172+00
64846,12.94,2026-03-03 12:20:12.541776+00
64847,13.61,2026-03-03 12:21:33.963709+00
64848,13.2,2026-03-03 12:22:42.845203+00
64849,13.08,2026-03-03 12:23:46.767953+00
64850,12.55,2026-03-03 12:24:25.910994+00
64851,12.31,2026-03-03 12:25:47.204461+00
64852,12.04,2026-03-03 12:26:42.357516+00
64853,13.05,2026-03-03 12:27:38.632498+00
64854,12.25,2026-03-03 12:29:40.210727+00
64855,13.61,2026-03-03 12:30:43.679209+00
64856,13.91,2026-03-03 12:31:35.490166+00
64857,12.4,2026-03-03 12:32:40.350907+00
64858,12.93,2026-03-03 12:33:06.839055+00
64859,13.98,2026-03-03 12:34:31.299946+00
64860,12.41,2026-03-03 12:35:38.194763+00
64861,12.11,2026-03-03 12:36:25.113882+00
64862,12.37,2026-03-03 12:37:02.861043+00
64863,12.17,2026-03-03 12:38:16.398964+00
64864,13.19,2026-03-03 12:39:10.67609+00
64865,12.47,2026-03-03 12:40:32.518493+00
64866,12.52,2026-03-03 12:42:00.784717+00
64867,13.6,2026-03-03 12:43:10.592007+00
64868,12.53,2026-03-03 12:44:16.263456+00
64869,14.1,2026-03-03 12:45:12.866583+00
64870,14.04,2026-03-03 12:46:04.050344+00
64871,14.01,2026-03-03 12:47:04.552164+00
64872,14.03,2026-03-03 12:48:01.156368+00
64873,12.6,2026-03-03 12:49:42.865822+00
64874,12.52,2026-03-03 12:50:02.897015+00
64875,13.81,2026-03-03 12:51:10.655961+00
64876,13.59,2026-03-03 12:52:43.66685+00
64877,13.59,2026-03-03 12:53:27.71742+00
64878,14.04,2026-03-03 12:54:18.531099+00
64879,13.08,2026-03-03 12:55:34.727024+00
64880,12.72,2026-03-03 12:57:21.63473+00
64881,14.32,2026-03-03 12:58:19.132378+00
64882,13.26,2026-03-03 12:59:00.074721+00
64883,12.73,2026-03-03 13:00:04.251657+00
64884,13.51,2026-03-03 13:01:07.880131+00
64885,12.53,2026-03-03 13:02:38.842206+00
64886,13.54,2026-03-03 13:03:18.27915+00
64887,13.48,2026-03-03 13:04:41.30233+00
64888,14.44,2026-03-03 13:05:37.245504+00
64889,13.93,2026-03-03 13:06:41.081728+00
64890,14.15,2026-03-03 13:07:12.384072+00
64891,12.95,2026-03-03 13:09:38.016758+00
64892,14.06,2026-03-03 13:10:24.419828+00
64893,13.91,2026-03-03 13:11:08.674837+00
64894,13.78,2026-03-03 13:12:40.252793+00
64895,13.98,2026-03-03 13:13:19.77298+00
64896,13.12,2026-03-03 13:14:41.266174+00
64897,13.1,2026-03-03 13:15:08.351225+00
64898,12.76,2026-03-03 13:16:36.059584+00
64899,13.02,2026-03-03 13:17:05.58297+00
64900,13.77,2026-03-03 13:18:27.340635+00
64901,13.9,2026-03-03 13:19:04.797145+00
64902,14.47,2026-03-03 13:20:32.107784+00
64903,13.5,2026-03-03 13:21:09.818822+00
64904,13.48,2026-03-03 13:23:27.277312+00
64905,12.98,2026-03-03 13:24:19.809344+00
64906,13.5,2026-03-03 13:25:27.248526+00
64907,12.87,2026-03-03 13:26:03.250737+00
64908,14.32,2026-03-03 13:27:23.105067+00
64909,12.75,2026-03-03 13:28:14.195237+00
64910,13.26,2026-03-03 13:29:35.245912+00
64911,14.58,2026-03-03 13:30:44.428162+00
64912,13.92,2026-03-03 13:31:25.763622+00
64913,13.81,2026-03-03 13:32:44.798986+00
64914,13.33,2026-03-03 13:33:16.377841+00
64915,14.37,2026-03-03 13:35:23.437283+00
64916,14.23,2026-03-03 13:36:41.539043+00
64917,13.94,2026-03-03 13:37:00.235882+00
64918,14.13,2026-03-03 13:38:09.592064+00
64919,14.32,2026-03-03 13:39:28.787339+00
64920,14.33,2026-03-03 13:40:27.070045+00
64921,14.66,2026-03-03 13:41:43.753777+00
64922,13.3,2026-03-03 13:42:12.469727+00
64923,14.68,2026-03-03 13:43:07.340772+00
64924,13.51,2026-03-03 13:44:44.651344+00
64925,14.6,2026-03-03 13:45:11.175553+00
64926,13.75,2026-03-03 13:46:42.393981+00
64927,14.23,2026-03-03 13:47:15.073577+00
64928,13.64,2026-03-03 13:48:29.102724+00
64929,13.89,2026-03-03 13:49:43.823243+00
64930,14.86,2026-03-03 13:51:45.72962+00
64931,13.65,2026-03-03 13:52:43.25882+00
64932,14.13,2026-03-03 13:53:23.772712+00
64933,13.56,2026-03-03 13:54:05.531364+00
64934,15.08,2026-03-03 13:55:46.298247+00
64935,14.61,2026-03-03 13:56:46.811639+00
64936,14.19,2026-03-03 13:57:43.537446+00
64937,13.6,2026-03-03 13:58:12.106375+00
64938,14.95,2026-03-03 13:59:23.120141+00
64939,14.28,2026-03-03 14:00:07.21602+00
64940,14.82,2026-03-03 14:01:00.188226+00
64941,13.78,2026-03-03 14:02:06.110336+00
64942,14.84,2026-03-03 14:03:19.899201+00
64943,15.04,2026-03-03 14:05:26.979534+00
64944,14.18,2026-03-03 14:06:35.480242+00
64945,14.3,2026-03-03 14:07:14.457561+00
64946,14.34,2026-03-03 14:08:11.571452+00
64947,14.42,2026-03-03 14:09:08.821763+00
64948,15.27,2026-03-03 14:10:17.448341+00
64949,15.48,2026-03-03 14:11:00.575723+00
64950,13.68,2026-03-03 14:12:48.969167+00
64951,13.85,2026-03-03 14:13:31.712668+00
64952,14.88,2026-03-03 14:14:28.355078+00
64953,14.64,2026-03-03 14:15:08.389319+00
64954,14.47,2026-03-03 14:16:24.56479+00
64955,15.31,2026-03-03 14:17:04.005776+00
64956,15.49,2026-03-03 14:19:46.60619+00
64957,14.66,2026-03-03 14:20:08.024508+00
64958,15.48,2026-03-03 14:21:38.330606+00
64959,14.56,2026-03-03 14:22:30.119625+00
64960,15.36,2026-03-03 14:23:35.454115+00
64961,15.05,2026-03-03 14:24:24.45547+00
64962,14.76,2026-03-03 14:25:20.213423+00
64963,14.63,2026-03-03 14:26:24.943225+00
64964,15.52,2026-03-03 14:27:17.500134+00
64965,15.39,2026-03-03 14:28:19.241502+00
64966,13.92,2026-03-03 14:29:47.01707+00
64967,14.51,2026-03-03 14:30:22.323451+00
64968,14.87,2026-03-03 14:31:48.079793+00
64969,15.27,2026-03-03 14:32:38.402015+00
64970,14.86,2026-03-03 14:34:09.044571+00
64971,14.75,2026-03-03 14:35:39.294928+00
64972,14.5,2026-03-03 14:36:34.657688+00
64973,15.14,2026-03-03 14:37:42.445518+00
64974,14.81,2026-03-03 14:38:45.437067+00
64975,13.87,2026-03-03 14:39:00.209059+00
64976,15.71,2026-03-03 14:40:23.981303+00
64977,14.35,2026-03-03 14:41:06.866581+00
64978,13.86,2026-03-03 14:42:18.987728+00
64979,14.58,2026-03-03 14:43:42.035491+00
64980,15.37,2026-03-03 14:44:09.905932+00
64981,14.58,2026-03-03 14:45:45.355523+00
64982,14.23,2026-03-03 14:46:29.051298+00
64983,13.83,2026-03-03 14:48:36.58468+00
64984,14.62,2026-03-03 14:49:23.230232+00
64985,15.3,2026-03-03 14:50:26.855127+00
64986,15.05,2026-03-03 14:51:35.695008+00
64987,14.2,2026-03-03 14:52:37.126804+00
64988,15.28,2026-03-03 14:53:31.764927+00
64989,14.86,2026-03-03 14:54:27.896042+00
64990,14.63,2026-03-03 14:55:38.044055+00
64991,14.66,2026-03-03 14:56:25.83338+00
64992,14.57,2026-03-03 14:57:11.401554+00
64993,14.07,2026-03-03 14:58:38.396577+00
64994,14.39,2026-03-03 14:59:04.930574+00
64995,14.45,2026-03-03 15:00:24.040131+00
64996,15.53,2026-03-03 15:01:00.718998+00
64997,13.92,2026-03-03 15:03:46.295927+00
64998,14.9,2026-03-03 15:04:42.148331+00
64999,15.23,2026-03-03 15:05:11.611107+00
65000,14.15,2026-03-03 15:06:44.556731+00
65001,14.05,2026-03-03 15:07:22.890438+00
65002,14.93,2026-03-03 15:08:03.340486+00
65003,15.46,2026-03-03 15:09:34.108735+00
65004,15.52,2026-03-03 15:10:48.875595+00
65005,14.99,2026-03-03 15:11:38.551449+00
65006,15.71,2026-03-03 15:12:23.890083+00
65007,14.34,2026-03-03 15:13:41.661946+00
65008,13.96,2026-03-03 15:14:12.683062+00
65009,14.87,2026-03-03 15:15:28.517009+00
65010,15.4,2026-03-03 15:17:06.868735+00
65011,13.97,2026-03-03 15:18:21.442835+00
65012,15.16,2026-03-03 15:19:34.080223+00
65013,15.17,2026-03-03 15:20:06.323218+00
65014,15.79,2026-03-03 15:21:13.744921+00
65015,15.26,2026-03-03 15:22:45.504043+00
65016,14.56,2026-03-03 15:23:40.379102+00
65017,14.35,2026-03-03 15:24:26.255992+00
65018,14.77,2026-03-03 15:25:02.783201+00
65019,15.48,2026-03-03 15:26:34.161387+00
65020,14.32,2026-03-03 15:27:44.357455+00
65021,15.39,2026-03-03 15:28:19.733324+00
65022,13.9,2026-03-03 15:29:11.532612+00
65023,15.47,2026-03-03 15:30:32.300896+00
65024,14.07,2026-03-03 15:32:27.203802+00
65025,14.8,2026-03-03 15:33:36.445561+00
65026,14.21,2026-03-03 15:34:29.770632+00
65027,14.87,2026-03-03 15:35:48.728535+00
65028,14.08,2026-03-03 15:36:15.142435+00
65029,14.36,2026-03-03 15:37:24.689687+00
65030,14.73,2026-03-03 15:38:15.898745+00
65031,14.19,2026-03-03 15:39:03.306426+00
65032,13.86,2026-03-03 15:40:17.830453+00
65033,15.2,2026-03-03 15:41:01.666687+00
65034,13.83,2026-03-03 15:42:10.701579+00
65035,15.01,2026-03-03 15:43:12.909452+00
65036,15.19,2026-03-03 15:44:42.011064+00
65037,15.21,2026-03-03 15:45:09.047908+00
65038,13.69,2026-03-03 15:47:07.888727+00
65039,15.15,2026-03-03 15:48:30.649184+00
65040,14.68,2026-03-03 15:49:38.422567+00
65041,14.32,2026-03-03 15:50:23.276402+00
65042,14.84,2026-03-03 15:51:15.000641+00
65043,13.63,2026-03-03 15:52:24.491847+00
65044,14.06,2026-03-03 15:53:39.627713+00
65045,14.11,2026-03-03 15:54:01.609268+00
65046,14.09,2026-03-03 15:55:43.20792+00
65047,14.24,2026-03-03 15:56:16.75812+00
65048,14.98,2026-03-03 15:57:04.486273+00
65049,14.7,2026-03-03 15:58:07.957142+00
65050,14.52,2026-03-03 15:59:05.240346+00
65051,13.65,2026-03-03 16:01:20.715972+00
65052,14.04,2026-03-03 16:02:46.113232+00
65053,14.07,2026-03-03 16:03:47.273951+00
65054,15.01,2026-03-03 16:04:31.19398+00
65055,13.67,2026-03-03 16:05:42.144033+00
65056,14.53,2026-03-03 16:06:19.026996+00
65057,14.24,2026-03-03 16:07:03.514888+00
65058,15.13,2026-03-03 16:08:09.09799+00
65059,15.17,2026-03-03 16:09:38.230366+00
65060,14.45,2026-03-03 16:10:23.735685+00
65061,13.79,2026-03-03 16:11:23.51992+00
65062,13.82,2026-03-03 16:12:25.392948+00
65063,14.72,2026-03-03 16:13:31.340949+00
65064,15.31,2026-03-03 16:14:46.944265+00
65065,14.83,2026-03-03 16:16:31.943963+00
65066,14.67,2026-03-03 16:17:25.463437+00
65067,14.6,2026-03-03 16:18:43.284974+00
65068,14.53,2026-03-03 16:19:05.720321+00
65069,14.07,2026-03-03 16:20:01.071323+00
65070,15.04,2026-03-03 16:21:25.855403+00
65071,15.3,2026-03-03 16:22:23.537021+00
65072,13.42,2026-03-03 16:23:47.23132+00
65073,13.91,2026-03-03 16:24:00.276521+00
65074,14.85,2026-03-03 16:25:35.074155+00
65075,13.92,2026-03-03 16:26:10.08031+00
65076,14.25,2026-03-03 16:27:26.416166+00
65077,14.66,2026-03-03 16:28:39.605353+00
65078,14.06,2026-03-03 16:29:27.969907+00
65079,13.6,2026-03-03 16:31:19.689867+00
65080,14.72,2026-03-03 16:32:33.152502+00
65081,14.58,2026-03-03 16:33:39.625054+00
65082,13.38,2026-03-03 16:34:14.965923+00
65083,13.65,2026-03-03 16:35:36.619125+00
65084,14.06,2026-03-03 16:36:37.683024+00
65085,14.74,2026-03-03 16:37:14.644194+00
65086,14.32,2026-03-03 16:38:28.44143+00
65087,15.06,2026-03-03 16:39:08.191726+00
65088,14.17,2026-03-03 16:40:17.00251+00
65089,14.24,2026-03-03 16:41:11.376255+00
65090,13.72,2026-03-03 16:42:18.098499+00
65091,13.27,2026-03-03 16:43:22.135335+00
65092,13.74,2026-03-03 16:45:43.350562+00
65093,14.58,2026-03-03 16:46:33.733235+00
65094,13.32,2026-03-03 16:47:48.658094+00
65095,13.23,2026-03-03 16:48:33.441834+00
65096,14.59,2026-03-03 16:49:33.157372+00
65097,13.39,2026-03-03 16:50:31.03107+00
65098,14.21,2026-03-03 16:51:41.378134+00
65099,14.11,2026-03-03 16:52:39.861534+00
65100,14.07,2026-03-03 16:53:48.163952+00
65101,14.63,2026-03-03 16:54:29.375807+00
65102,12.85,2026-03-03 16:55:47.920372+00
65103,14.58,2026-03-03 16:56:41.522852+00
65104,12.86,2026-03-03 16:57:27.057667+00
65105,13.21,2026-03-03 16:59:00.187794+00
65106,13.98,2026-03-03 17:00:01.842646+00
65107,14.06,2026-03-03 17:01:31.658239+00
65108,12.76,2026-03-03 17:02:49.726074+00
65109,14.44,2026-03-03 17:03:24.731297+00
65110,13.54,2026-03-03 17:04:03.166808+00
65111,13.13,2026-03-03 17:05:30.834108+00
65112,13.46,2026-03-03 17:06:40.548258+00
65113,13.82,2026-03-03 17:07:42.697074+00
65114,13.97,2026-03-03 17:08:42.082852+00
65115,14.39,2026-03-03 17:09:26.137101+00
65116,12.82,2026-03-03 17:10:25.766118+00
65117,13.95,2026-03-03 17:11:41.486857+00
65118,13.93,2026-03-03 17:12:49.659365+00
65119,13.72,2026-03-03 17:14:03.413427+00
65120,13.4,2026-03-03 17:15:10.758177+00
65121,13.82,2026-03-03 17:16:06.37809+00
65122,12.46,2026-03-03 17:17:22.944917+00
65123,13.51,2026-03-03 17:18:21.278063+00
65124,13.94,2026-03-03 17:19:42.758254+00
65125,12.7,2026-03-03 17:20:46.719629+00
65126,13.04,2026-03-03 17:21:12.012981+00
65127,13.35,2026-03-03 17:22:08.463587+00
65128,12.66,2026-03-03 17:23:18.538321+00
65129,14.1,2026-03-03 17:24:04.579231+00
65130,13.94,2026-03-03 17:25:22.253597+00
65131,13.88,2026-03-03 17:26:06.096123+00
65132,13.25,2026-03-03 17:27:14.399974+00
65133,14.22,2026-03-03 17:29:10.405126+00
65134,13.07,2026-03-03 17:31:36.215861+00
65135,13.3,2026-03-03 17:32:25.640204+00
65136,13.38,2026-03-03 17:33:40.071936+00
65137,14,2026-03-03 17:34:39.48956+00
65138,12,2026-03-03 17:35:03.290387+00
65139,13.88,2026-03-03 17:36:35.386357+00
65140,13.21,2026-03-03 17:37:38.749807+00
65141,12.99,2026-03-03 17:38:01.987181+00
65142,12.35,2026-03-03 17:39:40.647825+00
65143,12.23,2026-03-03 17:40:09.798529+00
65144,12.58,2026-03-03 17:41:32.157602+00
65145,13.74,2026-03-03 17:42:18.463449+00
65146,13.72,2026-03-03 17:44:46.468347+00
65147,11.84,2026-03-03 17:45:34.07264+00
65148,12.96,2026-03-03 17:46:49.684112+00
65149,13.76,2026-03-03 17:47:45.565825+00
65150,12.94,2026-03-03 17:48:43.349834+00
65151,12.13,2026-03-03 17:49:17.646994+00
65152,12.22,2026-03-03 17:50:25.268754+00
65153,13.45,2026-03-03 17:51:25.192931+00
65154,12.59,2026-03-03 17:52:49.456923+00
65155,12.1,2026-03-03 17:53:08.827117+00
65156,12.11,2026-03-03 17:54:36.983997+00
65157,13.7,2026-03-03 17:55:31.261278+00
65158,11.89,2026-03-03 17:56:24.467223+00
65159,12.27,2026-03-03 17:57:10.416874+00
65160,12.6,2026-03-03 17:59:38.473015+00
65161,12.8,2026-03-03 18:00:03.659465+00
65162,13.2,2026-03-03 18:01:04.388235+00
65163,11.89,2026-03-03 18:02:27.111906+00
65164,12.95,2026-03-03 18:03:02.982906+00
65165,13.06,2026-03-03 18:04:39.817695+00
65166,13.18,2026-03-03 18:05:19.030869+00
65167,11.82,2026-03-03 18:06:13.030456+00
65168,12.66,2026-03-03 18:07:25.042925+00
65169,11.87,2026-03-03 18:08:16.183511+00
65170,12.99,2026-03-03 18:09:30.685122+00
65171,13.55,2026-03-03 18:10:02.10356+00
65172,13.59,2026-03-03 18:11:12.986393+00
65173,13.04,2026-03-03 18:13:06.61063+00
65174,12.61,2026-03-03 18:14:09.558731+00
65175,13.12,2026-03-03 18:15:32.66326+00
65176,13.13,2026-03-03 18:16:25.01599+00
65177,11.56,2026-03-03 18:17:35.763521+00
65178,12.19,2026-03-03 18:18:17.949309+00
65179,13.1,2026-03-03 18:19:44.545675+00
65180,12.95,2026-03-03 18:20:45.524146+00
65181,12.48,2026-03-03 18:21:01.102128+00
65182,12.56,2026-03-03 18:22:15.084649+00
65183,12.26,2026-03-03 18:23:26.048491+00
65184,11.82,2026-03-03 18:24:11.968101+00
65185,12.55,2026-03-03 18:25:41.476317+00
65186,12.85,2026-03-03 18:26:21.366208+00
65187,11.79,2026-03-03 18:27:34.47462+00
65188,13.07,2026-03-03 18:29:40.35402+00
65189,11.11,2026-03-03 18:30:15.890034+00
65190,12.69,2026-03-03 18:31:40.879121+00
65191,11.08,2026-03-03 18:32:40.647747+00
65192,12.11,2026-03-03 18:33:31.002091+00
65193,11.76,2026-03-03 18:34:28.643849+00
65194,12.86,2026-03-03 18:35:23.223033+00
65195,12.29,2026-03-03 18:36:01.199442+00
65196,11.25,2026-03-03 18:37:38.40264+00
65197,11.55,2026-03-03 18:38:49.992146+00
65198,11.16,2026-03-03 18:39:16.929138+00
65199,11.5,2026-03-03 18:40:43.661606+00
65200,12.76,2026-03-03 18:42:04.30114+00
65201,12.71,2026-03-03 18:43:47.712711+00
65202,11.8,2026-03-03 18:44:28.013861+00
65203,10.68,2026-03-03 18:45:30.729766+00
65204,11.95,2026-03-03 18:46:09.693254+00
65205,11.13,2026-03-03 18:47:29.008531+00
65206,12,2026-03-03 18:48:00.668+00
65207,12.13,2026-03-03 18:49:18.082375+00
65208,11.5,2026-03-03 18:50:17.376859+00
65209,12.54,2026-03-03 18:51:29.633403+00
65210,11.21,2026-03-03 18:52:28.712813+00
65211,10.91,2026-03-03 18:53:01.127857+00
65212,11.47,2026-03-03 18:54:14.265097+00
65213,11.94,2026-03-03 18:55:24.229502+00
65214,11.59,2026-03-03 18:57:39.163305+00
65215,11.37,2026-03-03 18:58:35.281035+00
65216,10.95,2026-03-03 18:59:49.626299+00
65217,11.29,2026-03-03 19:00:29.210474+00
65218,11.97,2026-03-03 19:02:41.664835+00
65219,11.23,2026-03-03 19:03:23.620288+00
65220,12.29,2026-03-03 19:04:10.851878+00
65221,11.29,2026-03-03 19:05:29.875003+00
65222,11.17,2026-03-03 19:06:37.746386+00
65223,12.05,2026-03-03 19:07:47.960234+00
65224,10.45,2026-03-03 19:09:28.330598+00
65225,12.18,2026-03-03 19:10:40.286924+00
65226,11.42,2026-03-03 19:11:08.28064+00
65227,11.93,2026-03-03 19:12:04.404879+00
65228,11.72,2026-03-03 19:13:08.339782+00
65229,10.9,2026-03-03 19:14:36.285243+00
65230,11,2026-03-03 19:15:21.427613+00
65231,10.48,2026-03-03 19:16:19.919726+00
65232,11.55,2026-03-03 19:17:04.704822+00
65233,10.2,2026-03-03 19:18:42.445464+00
65234,11.3,2026-03-03 19:19:40.372473+00
65235,11.25,2026-03-03 19:20:14.607453+00
65236,10.59,2026-03-03 19:21:20.907972+00
65237,10.38,2026-03-03 19:23:34.064932+00
65238,11.16,2026-03-03 19:24:29.644356+00
65239,11.14,2026-03-03 19:25:00.969587+00
65240,10.78,2026-03-03 19:26:27.651867+00
65241,10.68,2026-03-03 19:27:06.1747+00
65242,11.27,2026-03-03 19:28:22.650785+00
65243,10.3,2026-03-03 19:29:27.040887+00
65244,11.71,2026-03-03 19:30:03.944509+00
65245,11.67,2026-03-03 19:31:40.355508+00
65246,11.65,2026-03-03 19:32:05.750457+00
65247,11.37,2026-03-03 19:33:46.512319+00
65248,10.46,2026-03-03 19:34:30.253263+00
65249,11.59,2026-03-03 19:35:22.060041+00
65250,11.66,2026-03-03 19:36:29.289658+00
65251,10.01,2026-03-03 19:38:16.44481+00
65252,10.74,2026-03-03 19:39:40.574362+00
65253,11.53,2026-03-03 19:40:40.512148+00
65254,10.58,2026-03-03 19:41:18.757645+00
65255,10.47,2026-03-03 19:42:44.97+00
65256,11.02,2026-03-03 19:43:16.024991+00
65257,10.67,2026-03-03 19:44:12.555911+00
65258,11.01,2026-03-03 19:45:22.838118+00
65259,10.79,2026-03-03 19:46:11.741446+00
65260,11.08,2026-03-03 19:47:15.239719+00
65261,10.86,2026-03-03 19:48:44.231212+00
65262,10.36,2026-03-03 19:49:27.602984+00
65263,10.54,2026-03-03 19:50:19.179284+00
65264,10.11,2026-03-03 19:51:31.377627+00
65265,9.76,2026-03-03 19:53:42.401937+00
65266,10.61,2026-03-03 19:54:36.818376+00
65267,10.99,2026-03-03 19:55:21.568181+00
65268,9.8,2026-03-03 19:56:21.312671+00
65269,9.63,2026-03-03 19:57:09.395093+00
65270,9.79,2026-03-03 19:58:13.752834+00
65271,11.25,2026-03-03 19:59:45.468667+00
65272,10.72,2026-03-03 20:00:04.57595+00
65273,10.29,2026-03-03 20:01:12.487817+00
65274,10.68,2026-03-03 20:02:00.77215+00
65275,11.02,2026-03-03 20:03:14.511858+00
65276,9.81,2026-03-03 20:04:15.96758+00
65277,9.9,2026-03-03 20:05:09.895682+00
65278,10.33,2026-03-03 20:06:27.765074+00
65279,9.82,2026-03-03 20:07:38.187557+00
65280,9.51,2026-03-03 20:09:41.878993+00
65281,10.19,2026-03-03 20:10:39.603784+00
65282,9.6,2026-03-03 20:11:47.076051+00
65283,10.58,2026-03-03 20:12:27.143321+00
65284,10.42,2026-03-03 20:13:25.176253+00
65285,10.42,2026-03-03 20:14:43.612982+00
65286,10.09,2026-03-03 20:15:37.756277+00
65287,9.22,2026-03-03 20:16:03.015076+00
65288,11.09,2026-03-03 20:17:14.896906+00
65289,10.82,2026-03-03 20:18:01.541578+00
65290,10.66,2026-03-03 20:19:29.73228+00
65291,11.1,2026-03-03 20:20:40.340091+00
65292,9.85,2026-03-03 20:21:19.22943+00
65293,10.07,2026-03-03 20:23:10.369994+00
65294,10.8,2026-03-03 20:24:23.850154+00
65295,10.8,2026-03-03 20:25:10.069486+00
65296,10.61,2026-03-03 20:26:36.252109+00
65297,11.09,2026-03-03 20:27:23.733631+00
65298,10.02,2026-03-03 20:28:24.769942+00
65299,10.24,2026-03-03 20:29:32.679007+00
65300,10.8,2026-03-03 20:30:37.637105+00
65301,10.05,2026-03-03 20:31:35.622417+00
65302,9.11,2026-03-03 20:32:19.013317+00
65303,9.53,2026-03-03 20:33:19.453227+00
65304,10.84,2026-03-03 20:34:01.394843+00
65305,10.29,2026-03-03 20:35:37.576366+00
65306,10.52,2026-03-03 20:36:36.066645+00
65307,9.83,2026-03-03 20:38:47.907973+00
65308,10.41,2026-03-03 20:39:30.58153+00
65309,10.38,2026-03-03 20:40:06.927371+00
65310,9.69,2026-03-03 20:41:36.893301+00
65311,10.94,2026-03-03 20:42:33.273688+00
65312,10.73,2026-03-03 20:43:19.937699+00
65313,9.8,2026-03-03 20:44:18.237352+00
65314,9.44,2026-03-03 20:45:16.715753+00
65315,9.65,2026-03-03 20:46:29.70537+00
65316,10.87,2026-03-03 20:47:23.043561+00
65317,10.17,2026-03-03 20:48:05.705444+00
65318,9.07,2026-03-03 20:49:37.351423+00
65319,9.56,2026-03-03 20:50:03.858691+00
65320,10.23,2026-03-03 20:51:42.904738+00
65321,9.23,2026-03-03 20:52:11.388839+00
65322,10.03,2026-03-03 20:54:44.866949+00
65323,9.49,2026-03-03 20:55:26.197525+00
65324,10.69,2026-03-03 20:56:27.278692+00
65325,10.44,2026-03-03 20:57:11.197267+00
65326,10.59,2026-03-03 20:58:26.660547+00
65327,9.13,2026-03-03 20:59:02.307696+00
65328,10.52,2026-03-03 21:00:10.688285+00
65329,9.11,2026-03-03 21:01:33.015641+00
65330,9.32,2026-03-03 21:02:36.756968+00
65331,10.42,2026-03-03 21:03:30.705156+00
65332,10.3,2026-03-03 21:04:20.27935+00
65333,10.77,2026-03-03 21:05:46.016607+00
65334,9,2026-03-03 21:06:48.89054+00
65335,9.71,2026-03-03 21:07:09.594215+00
65336,9.19,2026-03-03 21:09:05.910863+00
65337,10.62,2026-03-03 21:10:39.218429+00
65338,10.39,2026-03-03 21:11:22.734827+00
65339,9.42,2026-03-03 21:12:22.549583+00
65340,10.15,2026-03-03 21:14:10.916854+00
65341,10.28,2026-03-03 21:15:04.137134+00
65342,9.02,2026-03-03 21:16:44.913231+00
65343,9.18,2026-03-03 21:17:16.724287+00
65344,10.28,2026-03-03 21:18:39.39412+00
65345,10.33,2026-03-03 21:20:45.696392+00
65346,10.31,2026-03-03 21:21:02.707919+00
65347,9.01,2026-03-03 21:22:02.194928+00
65348,9.18,2026-03-03 21:23:06.629825+00
65349,9.85,2026-03-03 21:24:09.04973+00
65350,9.91,2026-03-03 21:25:35.838363+00
65351,10.4,2026-03-03 21:26:12.284175+00
65352,10.68,2026-03-03 21:27:32.543409+00
65353,9.08,2026-03-03 21:28:31.895486+00
65354,9.77,2026-03-03 21:29:02.86617+00
65355,9.57,2026-03-03 21:30:03.542843+00
65356,9.12,2026-03-03 21:31:10.473528+00
65357,9.63,2026-03-03 21:32:26.662004+00
65358,10.31,2026-03-03 21:33:05.547474+00
65359,10.12,2026-03-03 21:35:30.812112+00
65360,9.49,2026-03-03 21:36:26.279914+00
65361,9.48,2026-03-03 21:37:10.099984+00
65362,9.49,2026-03-03 21:38:22.551407+00
65363,9.05,2026-03-03 21:39:39.440593+00
65364,9.48,2026-03-03 21:40:07.958966+00
65365,9.03,2026-03-03 21:41:24.819704+00
65366,8.79,2026-03-03 21:42:07.835602+00
65367,9.3,2026-03-03 21:43:03.399202+00
65368,9.75,2026-03-03 21:44:47.051844+00
65369,10.23,2026-03-03 21:45:04.239949+00
65370,10.24,2026-03-03 21:46:03.318117+00
65371,9.1,2026-03-03 21:47:10.988361+00
65372,9.35,2026-03-03 21:48:48.992404+00
65373,9.34,2026-03-03 21:50:32.731832+00
65374,9.74,2026-03-03 21:51:40.846443+00
65375,10.11,2026-03-03 21:52:30.392005+00
65376,9.22,2026-03-03 21:53:35.813149+00
65377,10.3,2026-03-03 21:54:04.992556+00
65378,9.78,2026-03-03 21:55:09.902579+00
65379,8.75,2026-03-03 21:56:42.381809+00
65380,8.86,2026-03-03 21:57:31.264332+00
65381,10.13,2026-03-03 21:58:15.459456+00
65382,8.79,2026-03-03 21:59:12.634527+00
65383,9.32,2026-03-03 22:00:28.944589+00
65384,9.24,2026-03-03 22:01:23.844224+00
65385,10.35,2026-03-03 22:02:48.773686+00
65386,10.04,2026-03-03 22:04:11.720213+00
65387,9.48,2026-03-03 22:05:18.223111+00
65388,8.83,2026-03-03 22:06:04.984998+00
65389,9.85,2026-03-03 22:07:45.875743+00
65390,8.47,2026-03-03 22:08:19.625925+00
65391,10.24,2026-03-03 22:09:14.699246+00
65392,8.66,2026-03-03 22:10:33.127062+00
65393,8.77,2026-03-03 22:11:11.057828+00
65394,9.47,2026-03-03 22:12:29.510183+00
65395,10.15,2026-03-03 22:13:15.422838+00
65396,10.21,2026-03-03 22:14:46.810667+00
65397,9.89,2026-03-03 22:15:11.230832+00
65398,8.97,2026-03-03 22:16:17.433678+00
65399,8.97,2026-03-03 22:17:32.663542+00
65400,8.61,2026-03-03 22:19:06.56057+00
65401,9.54,2026-03-03 22:20:04.251462+00
65402,9.2,2026-03-03 22:21:19.00196+00
65403,8.61,2026-03-03 22:22:00.344+00
65404,9.35,2026-03-03 22:23:31.448591+00
65405,9.14,2026-03-03 22:24:12.102385+00
65406,8.81,2026-03-03 22:25:35.973403+00
65407,9.91,2026-03-03 22:26:46.391589+00
65408,9.96,2026-03-03 22:27:40.931858+00
65409,9.09,2026-03-03 22:28:07.018113+00
65410,9.65,2026-03-03 22:29:47.90245+00
65411,8.31,2026-03-03 22:30:17.917575+00
65412,8.53,2026-03-03 22:31:48.079774+00
65413,10.02,2026-03-03 22:32:29.9149+00
65414,9.75,2026-03-03 22:34:30.238233+00
65415,9.57,2026-03-03 22:35:01.202928+00
65416,8.48,2026-03-03 22:36:32.248546+00
65417,9.52,2026-03-03 22:37:14.360238+00
65418,8.26,2026-03-03 22:38:36.509069+00
65419,9.64,2026-03-03 22:39:45.059012+00
65420,10,2026-03-03 22:40:41.198289+00
65421,10.04,2026-03-03 22:41:31.083161+00
65422,8.19,2026-03-03 22:42:14.181633+00
65423,7.82,2026-03-03 22:43:21.43178+00
65424,8.77,2026-03-03 22:44:09.747699+00
65425,9.2,2026-03-03 22:45:38.947102+00
65426,8.43,2026-03-03 22:46:36.968642+00
65427,8.06,2026-03-03 22:47:44.062664+00
65428,9.16,2026-03-03 22:48:15.076386+00
65429,9.57,2026-03-03 22:50:20.885993+00
65430,8.22,2026-03-03 22:51:44.775037+00
65431,8.37,2026-03-03 22:52:46.816366+00
65432,9.19,2026-03-03 22:53:14.907922+00
65433,8.44,2026-03-03 22:54:34.818392+00
65434,9.12,2026-03-03 22:55:45.484117+00
65435,7.79,2026-03-03 22:56:08.87832+00
65436,7.62,2026-03-03 22:57:21.29108+00
65437,9,2026-03-03 22:58:48.27119+00
65438,9.55,2026-03-03 22:59:03.283494+00
65439,8.3,2026-03-03 23:00:49.936574+00
65440,7.57,2026-03-03 23:01:10.574726+00
65441,7.84,2026-03-03 23:02:47.084156+00
65442,8.5,2026-03-03 23:04:17.887372+00
65443,8.06,2026-03-03 23:05:13.834441+00
65444,8.79,2026-03-03 23:06:25.83659+00
65445,8.79,2026-03-03 23:07:42.39419+00
65446,8.5,2026-03-03 23:08:30.560952+00
65447,8.17,2026-03-03 23:09:22.262085+00
65448,7.79,2026-03-03 23:10:26.015943+00
65449,9.19,2026-03-03 23:11:49.916882+00
65450,7.54,2026-03-03 23:12:09.20793+00
65451,9.08,2026-03-03 23:13:22.210372+00
65452,9.31,2026-03-03 23:14:44.29385+00
65453,8.26,2026-03-03 23:15:23.754246+00
65454,9.19,2026-03-03 23:16:00.080154+00
65455,8.27,2026-03-03 23:17:21.598038+00
65456,7.68,2026-03-03 23:19:06.214987+00
65457,9.11,2026-03-03 23:20:31.69655+00
65458,8.61,2026-03-03 23:21:21.164925+00
65459,8.4,2026-03-03 23:22:08.297298+00
65460,8.69,2026-03-03 23:23:28.677958+00
65461,7.59,2026-03-03 23:24:19.275373+00
65462,7.21,2026-03-03 23:25:48.986033+00
65463,8.49,2026-03-03 23:26:07.19123+00
65464,7.89,2026-03-03 23:27:08.966595+00
65465,7.87,2026-03-03 23:28:40.96013+00
65466,7.86,2026-03-03 23:29:24.114326+00
65467,7.55,2026-03-03 23:30:30.335017+00
65468,8.18,2026-03-03 23:31:48.516023+00
65469,8.64,2026-03-03 23:32:12.624217+00
65470,7.34,2026-03-03 23:34:30.644974+00
65471,8.19,2026-03-03 23:35:46.384858+00
65472,7.11,2026-03-03 23:36:10.492185+00
65473,7.16,2026-03-03 23:37:41.135742+00
65474,7.8,2026-03-03 23:38:30.813426+00
65475,8.49,2026-03-03 23:39:36.590254+00
65476,8.87,2026-03-03 23:40:46.030256+00
65477,8.39,2026-03-03 23:41:40.678133+00
65478,7.99,2026-03-03 23:42:16.990894+00
65479,8.33,2026-03-03 23:43:40.270394+00
65480,8.1,2026-03-03 23:44:41.850783+00
65481,7.54,2026-03-03 23:45:36.343843+00
65482,7.4,2026-03-03 23:46:30.114255+00
65483,8.41,2026-03-03 23:47:24.562371+00
65484,8.51,2026-03-03 23:49:07.540671+00
65485,7.39,2026-03-03 23:50:07.761771+00
65486,7,2026-03-03 23:51:25.507424+00
65487,7.51,2026-03-03 23:52:22.478366+00
65488,7.56,2026-03-03 23:53:41.155087+00
65489,7.09,2026-03-03 23:54:32.409221+00
65490,8.65,2026-03-03 23:55:28.717031+00
65491,8.74,2026-03-03 23:56:41.966481+00
65492,6.89,2026-03-03 23:57:25.011737+00
65493,7.31,2026-03-03 23:58:03.738698+00
65494,7.74,2026-03-03 23:59:12.11873+00
65495,7.78,2026-03-04 00:00:33.974287+00
65496,7.43,2026-03-04 00:01:45.610752+00
65497,7.01,2026-03-04 00:02:03.752733+00
65498,8.37,2026-03-04 00:04:41.278692+00
65499,7.69,2026-03-04 00:05:09.810314+00
65500,8.6,2026-03-04 00:06:23.093903+00
65501,8.02,2026-03-04 00:07:18.500578+00
65502,7.67,2026-03-04 00:08:11.172878+00
65503,7.27,2026-03-04 00:09:08.958419+00
65504,7.36,2026-03-04 00:10:46.532685+00
65505,8.5,2026-03-04 00:11:47.24339+00
65506,8.57,2026-03-04 00:12:01.328461+00
65507,8.27,2026-03-04 00:13:08.933641+00
65508,6.89,2026-03-04 00:16:23.965649+00
65509,7.89,2026-03-04 00:17:48.922955+00
65510,8.08,2026-03-04 00:18:33.014887+00
65511,8.18,2026-03-04 00:19:21.57538+00
65512,6.94,2026-03-04 00:20:14.106817+00
65513,7.16,2026-03-04 00:21:32.750359+00
65514,8.53,2026-03-04 00:22:29.878276+00
65515,8.46,2026-03-04 00:23:06.164821+00
65516,7.58,2026-03-04 00:24:04.534725+00
65517,7.49,2026-03-04 00:25:34.851194+00
65518,6.41,2026-03-04 00:26:48.739126+00
65519,6.88,2026-03-04 00:27:38.600844+00
65520,7.47,2026-03-04 00:28:30.036431+00
65521,7.83,2026-03-04 00:30:01.306721+00
65522,7.69,2026-03-04 00:31:21.672773+00
65523,6.41,2026-03-04 00:32:14.786644+00
65524,6.63,2026-03-04 00:33:38.626447+00
65525,8.08,2026-03-04 00:34:33.303615+00
65526,7.1,2026-03-04 00:35:09.62384+00
65527,7,2026-03-04 00:36:36.955832+00
65528,7.31,2026-03-04 00:37:43.743666+00
65529,6.69,2026-03-04 00:38:21.589269+00
65530,7.87,2026-03-04 00:39:16.531974+00
65531,8.23,2026-03-04 00:40:31.646874+00
65532,7.94,2026-03-04 00:41:24.105015+00
65533,6.83,2026-03-04 00:42:49.071482+00
65534,7.96,2026-03-04 00:44:41.358605+00
65535,6.75,2026-03-04 00:45:12.932502+00
65536,8.21,2026-03-04 00:46:15.2444+00
65537,7.66,2026-03-04 00:47:43.652637+00
65538,6.89,2026-03-04 00:48:43.499571+00
65539,7.35,2026-03-04 00:49:34.674874+00
65540,6.46,2026-03-04 00:50:27.964765+00
65541,6.91,2026-03-04 00:51:06.817771+00
65542,7.71,2026-03-04 00:52:00.227853+00
65543,6.4,2026-03-04 00:53:13.356608+00
65544,6.84,2026-03-04 00:54:08.302038+00
65545,6.83,2026-03-04 00:55:36.868065+00
65546,7.5,2026-03-04 00:56:18.763145+00
65547,6.47,2026-03-04 00:57:47.650131+00
65548,7.61,2026-03-04 00:59:07.095086+00
65549,7.5,2026-03-04 01:01:31.011707+00
65550,7.25,2026-03-04 01:02:11.975401+00
65551,7.78,2026-03-04 01:03:46.411184+00
65552,7.04,2026-03-04 01:04:15.712217+00
65553,7.12,2026-03-04 01:05:41.215785+00
65554,8.18,2026-03-04 01:06:41.810737+00
65555,8.08,2026-03-04 01:07:44.356822+00
65556,6.46,2026-03-04 01:08:07.056524+00
65557,7.94,2026-03-04 01:09:05.709866+00
65558,7.97,2026-03-04 01:10:40.323548+00
65559,6.68,2026-03-04 01:11:11.687582+00
65560,7.91,2026-03-04 01:12:33.966169+00
65561,8.06,2026-03-04 01:13:09.919338+00
65562,6.85,2026-03-04 01:15:06.189012+00
65563,7.73,2026-03-04 01:16:21.982611+00
65564,7.43,2026-03-04 01:17:14.658171+00
65565,7.28,2026-03-04 01:18:26.594793+00
65566,7.98,2026-03-04 01:19:48.014738+00
65567,7.61,2026-03-04 01:20:41.702807+00
65568,7.16,2026-03-04 01:21:22.22594+00
65569,6.48,2026-03-04 01:22:04.82936+00
65570,8.11,2026-03-04 01:23:19.828889+00
65571,7.03,2026-03-04 01:24:41.382157+00
65572,6.41,2026-03-04 01:25:10.400127+00
65573,7.22,2026-03-04 01:26:20.270026+00
65574,6.55,2026-03-04 01:27:48.153204+00
65575,7.87,2026-03-04 01:28:16.140939+00
65576,7.08,2026-03-04 01:30:36.078804+00
65577,6.88,2026-03-04 01:31:17.728504+00
65578,7.5,2026-03-04 01:32:40.501526+00
65579,7.21,2026-03-04 01:33:29.544638+00
65580,7.04,2026-03-04 01:34:21.285514+00
65581,6.93,2026-03-04 01:35:46.351498+00
65582,7.49,2026-03-04 01:36:41.076998+00
65583,8.13,2026-03-04 01:37:46.994336+00
65584,6.83,2026-03-04 01:38:06.203831+00
65585,7.58,2026-03-04 01:39:04.15552+00
65586,6.77,2026-03-04 01:40:03.250588+00
65587,7.53,2026-03-04 01:41:43.17196+00
65588,6.9,2026-03-04 01:42:34.747866+00
65589,7.43,2026-03-04 01:44:15.624233+00
65590,6.68,2026-03-04 01:45:48.83202+00
65591,6.6,2026-03-04 01:46:32.476185+00
65592,6.77,2026-03-04 01:47:31.269894+00
65593,7.48,2026-03-04 01:48:44.298452+00
65594,6.55,2026-03-04 01:49:18.894768+00
65595,7.31,2026-03-04 01:50:46.549492+00
65596,6.75,2026-03-04 01:51:14.156959+00
65597,6.15,2026-03-04 01:52:22.024209+00
65598,6.42,2026-03-04 01:53:14.503005+00
65599,6.11,2026-03-04 01:54:14.486283+00
65600,6.86,2026-03-04 01:55:38.601456+00
65601,6.92,2026-03-04 01:56:05.729327+00
65602,7.23,2026-03-04 01:57:44.056236+00
65603,6.11,2026-03-04 01:59:45.647769+00
65604,7.86,2026-03-04 02:01:33.302275+00
65605,6.99,2026-03-04 02:02:46.360768+00
65606,6.89,2026-03-04 02:03:01.352215+00
65607,6.61,2026-03-04 02:04:13.141095+00
65608,8.06,2026-03-04 02:05:47.506363+00
65609,7.84,2026-03-04 02:06:41.995556+00
65610,7.93,2026-03-04 02:07:06.062009+00
65611,7.31,2026-03-04 02:08:48.837131+00
65612,6.88,2026-03-04 02:09:47.358523+00
65613,7.54,2026-03-04 02:10:38.246287+00
65614,6.43,2026-03-04 02:11:38.349032+00
65615,6.53,2026-03-04 02:12:44.413955+00
65616,7.96,2026-03-04 02:13:30.711877+00
65617,6.82,2026-03-04 02:15:27.524593+00
65618,6.24,2026-03-04 02:16:03.64658+00
65619,6.32,2026-03-04 02:17:02.451671+00
65620,6.33,2026-03-04 02:18:30.437243+00
65621,7.54,2026-03-04 02:19:26.965908+00
65622,8.04,2026-03-04 02:20:28.624673+00
65623,6.26,2026-03-04 02:21:12.36711+00
65624,7.21,2026-03-04 02:22:31.685883+00
65625,7.39,2026-03-04 02:23:13.917564+00
65626,7.7,2026-03-04 02:24:45.414916+00
65627,6.13,2026-03-04 02:25:42.312304+00
65628,6.64,2026-03-04 02:26:42.099913+00
65629,7.71,2026-03-04 02:27:22.843515+00
65630,7.25,2026-03-04 02:28:34.27674+00
65631,7.81,2026-03-04 02:30:16.343524+00
65632,6.5,2026-03-04 02:31:15.133303+00
65633,7.23,2026-03-04 02:32:39.211141+00
65634,6.55,2026-03-04 02:33:22.305641+00
65635,6.74,2026-03-04 02:34:44.101586+00
65636,6.65,2026-03-04 02:35:46.834172+00
65637,7.93,2026-03-04 02:36:16.190866+00
65638,6.77,2026-03-04 02:37:18.568527+00
65639,6.76,2026-03-04 02:38:29.521743+00
65640,7.82,2026-03-04 02:39:17.25879+00
65641,7.87,2026-03-04 02:40:09.868753+00
65642,7.17,2026-03-04 02:41:37.846245+00
65643,6.93,2026-03-04 02:42:25.446557+00
65644,7.58,2026-03-04 02:44:14.15093+00
65645,6.3,2026-03-04 02:45:36.999318+00
65646,6.78,2026-03-04 02:46:46.421531+00
65647,6.56,2026-03-04 02:47:26.204097+00
65648,6.95,2026-03-04 02:48:43.188583+00
65649,7.37,2026-03-04 02:49:44.592961+00
65650,8.06,2026-03-04 02:50:49.885145+00
65651,6.76,2026-03-04 02:51:32.654537+00
65652,7.18,2026-03-04 02:52:41.343244+00
65653,7.24,2026-03-04 02:53:13.615581+00
65654,6.67,2026-03-04 02:54:13.38963+00
65655,6.94,2026-03-04 02:55:03.968441+00
65656,6.16,2026-03-04 02:56:06.412668+00
65657,7.51,2026-03-04 02:57:12.835329+00
65658,7.23,2026-03-04 02:58:19.592539+00
65659,6.18,2026-03-04 03:00:07.727239+00
65660,6.47,2026-03-04 03:01:22.226683+00
65661,8.1,2026-03-04 03:02:38.166974+00
65662,6.64,2026-03-04 03:03:43.968644+00
65663,6.96,2026-03-04 03:04:00.317752+00
65664,7.08,2026-03-04 03:05:47.462688+00
65665,6.31,2026-03-04 03:06:04.503224+00
65666,7.2,2026-03-04 03:07:05.881921+00
65667,7.98,2026-03-04 03:08:31.657963+00
65668,8,2026-03-04 03:09:07.209604+00
65669,7.26,2026-03-04 03:10:25.634357+00
65670,6.56,2026-03-04 03:11:31.620017+00
65671,6.47,2026-03-04 03:13:45.257256+00
65672,7.84,2026-03-04 03:14:11.816025+00
65673,6.3,2026-03-04 03:15:04.419784+00
65674,6.76,2026-03-04 03:16:17.456396+00
65675,7.1,2026-03-04 03:17:03.8159+00
65676,7.4,2026-03-04 03:18:23.067679+00
65677,7.48,2026-03-04 03:19:13.552969+00
65678,7.38,2026-03-04 03:20:11.221962+00
65679,6.91,2026-03-04 03:21:10.708224+00
65680,7.24,2026-03-04 03:22:32.584605+00
65681,6.14,2026-03-04 03:23:25.144399+00
65682,6.21,2026-03-04 03:24:19.577599+00
65683,6.47,2026-03-04 03:25:00.760441+00
65684,7.06,2026-03-04 03:26:09.299694+00
65685,7.69,2026-03-04 03:28:02.791672+00
65686,6.65,2026-03-04 03:29:44.057937+00
65687,7.81,2026-03-04 03:30:19.963083+00
65688,6.7,2026-03-04 03:31:19.554731+00
65689,6.22,2026-03-04 03:32:44.000043+00
65690,7.83,2026-03-04 03:33:40.943237+00
65691,6.03,2026-03-04 03:34:31.074661+00
65692,6.39,2026-03-04 03:35:07.943772+00
65693,6.21,2026-03-04 03:36:46.165765+00
65694,6.01,2026-03-04 03:37:08.865695+00
65695,7.87,2026-03-04 03:38:17.66968+00
65696,6.02,2026-03-04 03:39:01.605888+00
65697,7.57,2026-03-04 03:40:32.056651+00
65698,6.74,2026-03-04 03:41:03.312612+00
65699,6.57,2026-03-04 03:42:41.450481+00
65700,6.32,2026-03-04 03:44:24.505589+00
65701,6.91,2026-03-04 03:45:00.93429+00
65702,6.82,2026-03-04 03:46:06.836909+00
65703,7.43,2026-03-04 03:47:42.691037+00
65704,7.75,2026-03-04 03:48:23.173742+00
65705,6.76,2026-03-04 03:49:22.250045+00
65706,6.26,2026-03-04 03:50:43.16697+00
65707,6.78,2026-03-04 03:51:04.957962+00
65708,7.93,2026-03-04 03:52:27.050538+00
65709,7.57,2026-03-04 03:53:26.985249+00
65710,7.5,2026-03-04 03:54:31.625337+00
65711,7.78,2026-03-04 03:55:04.643166+00
65712,7.82,2026-03-04 03:56:18.816044+00
65713,6.18,2026-03-04 03:57:12.229519+00
65714,6.55,2026-03-04 03:58:47.784216+00
65715,7.54,2026-03-04 04:00:25.286751+00
65716,6.75,2026-03-04 04:01:28.881201+00
65717,6.8,2026-03-04 04:02:11.651551+00
65718,7.82,2026-03-04 04:03:18.211292+00
65719,7.37,2026-03-04 04:04:06.975579+00
65720,7.62,2026-03-04 04:05:18.652422+00
65721,7.75,2026-03-04 04:06:40.397123+00
65722,7.48,2026-03-04 04:07:28.366418+00
65723,6.39,2026-03-04 04:08:42.530128+00
65724,7.51,2026-03-04 04:09:14.657751+00
65725,7.98,2026-03-04 04:10:29.858482+00
65726,7.72,2026-03-04 04:11:41.684901+00
65727,6.91,2026-03-04 04:13:30.955587+00
65728,6.37,2026-03-04 04:14:46.682878+00
65729,6.87,2026-03-04 04:15:29.405862+00
65730,6.56,2026-03-04 04:16:25.714411+00
65731,6.83,2026-03-04 04:17:30.389403+00
65732,6.29,2026-03-04 04:18:04.742182+00
65733,6.29,2026-03-04 04:19:40.787639+00
65734,7.26,2026-03-04 04:20:05.003354+00
65735,6.51,2026-03-04 04:21:28.948696+00
65736,7.21,2026-03-04 04:22:45.773172+00
65737,6.22,2026-03-04 04:23:02.490715+00
65738,6.72,2026-03-04 04:24:23.210955+00
65739,6.98,2026-03-04 04:25:28.532625+00
65740,6.03,2026-03-04 04:26:04.868028+00
65741,7.48,2026-03-04 04:27:05.338358+00
65742,6.74,2026-03-04 04:29:41.358454+00
65743,6.34,2026-03-04 04:30:12.705487+00
65744,6.91,2026-03-04 04:31:11.224098+00
65745,7.55,2026-03-04 04:32:22.353765+00
65746,7.05,2026-03-04 04:33:28.868969+00
65747,6.58,2026-03-04 04:34:15.464043+00
65748,6.92,2026-03-04 04:35:08.425352+00
65749,7.35,2026-03-04 04:36:01.554362+00
65750,7.87,2026-03-04 04:37:27.653231+00
65751,6.21,2026-03-04 04:38:47.838018+00
65752,7.79,2026-03-04 04:39:13.941389+00
65753,7.74,2026-03-04 04:40:22.09129+00
65754,6.49,2026-03-04 04:41:37.028702+00
65755,6.79,2026-03-04 04:42:14.193646+00
65756,6.81,2026-03-04 04:44:30.428572+00
65757,7.4,2026-03-04 04:45:28.428435+00
65758,7.25,2026-03-04 04:46:05.190482+00
65759,7.07,2026-03-04 04:47:39.532485+00
65760,8,2026-03-04 04:48:13.675265+00
65761,7.88,2026-03-04 04:49:37.243567+00
65762,7.89,2026-03-04 04:50:01.03815+00
65763,7.58,2026-03-04 04:51:03.003213+00
65764,7.57,2026-03-04 04:52:34.63781+00
65765,7.35,2026-03-04 04:53:27.153843+00
65766,7,2026-03-04 04:54:37.272065+00
65767,6.31,2026-03-04 04:55:39.282466+00
65768,6.67,2026-03-04 04:56:31.414178+00
65769,6.63,2026-03-04 04:57:20.217232+00
65770,6.73,2026-03-04 04:59:48.225068+00
65771,6.3,2026-03-04 05:01:12.087833+00
65772,6.29,2026-03-04 05:02:28.690319+00
65773,7.45,2026-03-04 05:03:20.764566+00
65774,6.5,2026-03-04 05:04:38.120644+00
65775,6.64,2026-03-04 05:05:03.125663+00
65776,6.79,2026-03-04 05:06:07.775925+00
65777,5.92,2026-03-04 05:07:42.176081+00
65778,7.42,2026-03-04 05:08:24.190411+00
65779,7.87,2026-03-04 05:09:10.064885+00
65780,6.48,2026-03-04 05:10:15.083405+00
65781,7.09,2026-03-04 05:11:16.863199+00
65782,7.27,2026-03-04 05:12:30.35195+00
65783,6.68,2026-03-04 05:14:40.496575+00
65784,6.51,2026-03-04 05:15:28.646195+00
65785,7.51,2026-03-04 05:16:20.244095+00
65786,7.05,2026-03-04 05:17:00.078268+00
65787,7.01,2026-03-04 05:18:35.173658+00
65788,5.93,2026-03-04 05:19:10.756438+00
65789,6.86,2026-03-04 05:20:20.387198+00
65790,6.41,2026-03-04 05:21:16.851516+00
65791,6.28,2026-03-04 05:22:38.403935+00
65792,7.06,2026-03-04 05:23:41.330821+00
65793,7.69,2026-03-04 05:24:14.512651+00
65794,6.37,2026-03-04 05:25:12.321483+00
65795,7.66,2026-03-04 05:26:40.241038+00
65796,6.86,2026-03-04 05:27:27.438467+00
65797,6.17,2026-03-04 05:28:31.124214+00
65798,7.02,2026-03-04 05:30:15.834706+00
65799,6.26,2026-03-04 05:31:30.709749+00
65800,6.23,2026-03-04 05:32:18.95137+00
65801,7.68,2026-03-04 05:33:00.313304+00
65802,7.68,2026-03-04 05:34:26.494611+00
65803,6.09,2026-03-04 05:35:01.491344+00
65804,6.94,2026-03-04 05:36:31.210058+00
65805,6.25,2026-03-04 05:37:18.589698+00
65806,7.64,2026-03-04 05:38:03.083396+00
65807,7.18,2026-03-04 05:39:44.677459+00
65808,6.38,2026-03-04 05:40:23.884338+00
65809,7.55,2026-03-04 05:41:41.696305+00
65810,6.56,2026-03-04 05:42:06.504416+00
65811,5.96,2026-03-04 05:43:05.940769+00
65812,6.77,2026-03-04 05:45:05.576256+00
65813,6.25,2026-03-04 05:46:22.210099+00
65814,5.99,2026-03-04 05:47:03.952777+00
65815,7.42,2026-03-04 05:48:47.817829+00
65816,7.25,2026-03-04 05:49:25.944858+00
65817,6.3,2026-03-04 05:50:32.373303+00
65818,7.18,2026-03-04 05:51:38.953613+00
65819,7.07,2026-03-04 05:52:15.978164+00
65820,7.35,2026-03-04 05:53:05.428378+00
65821,6.94,2026-03-04 05:54:40.243144+00
65822,7.09,2026-03-04 05:55:12.614236+00
65823,6.28,2026-03-04 05:56:49.648336+00
65824,6.91,2026-03-04 05:57:03.337825+00
65825,7.59,2026-03-04 05:58:30.302394+00
65826,6.06,2026-03-04 06:01:42.768896+00
65827,5.89,2026-03-04 06:02:46.411613+00
65828,7.5,2026-03-04 06:03:33.463072+00
65829,6.64,2026-03-04 06:04:29.169981+00
65830,7.32,2026-03-04 06:05:05.126596+00
65831,7.16,2026-03-04 06:06:11.957322+00
65832,5.9,2026-03-04 06:07:33.647127+00
65833,7.47,2026-03-04 06:08:01.532952+00
65834,6.25,2026-03-04 06:09:44.950329+00
65835,6.58,2026-03-04 06:10:26.073001+00
65836,6.05,2026-03-04 06:11:19.206356+00
65837,6.12,2026-03-04 06:12:23.078239+00
65838,7.71,2026-03-04 06:13:32.788022+00
65839,6.72,2026-03-04 06:15:10.541107+00
65840,6.33,2026-03-04 06:16:16.415107+00
65841,7.26,2026-03-04 06:17:18.430368+00
65842,7.49,2026-03-04 06:18:46.271017+00
65843,7.05,2026-03-04 06:19:33.477173+00
65844,6.39,2026-03-04 06:20:27.308757+00
65845,7.13,2026-03-04 06:21:18.548887+00
65846,6.59,2026-03-04 06:22:33.388393+00
65847,7.08,2026-03-04 06:23:10.665996+00
65848,6.65,2026-03-04 06:24:05.659039+00
65849,6.11,2026-03-04 06:25:31.652257+00
65850,6.96,2026-03-04 06:26:33.509928+00
65851,5.98,2026-03-04 06:27:44.54288+00
65852,6.18,2026-03-04 06:28:32.314536+00
65853,6.31,2026-03-04 06:29:19.294042+00
65854,6.43,2026-03-04 06:31:33.413827+00
65855,6.71,2026-03-04 06:32:21.712897+00
65856,7.6,2026-03-04 06:33:04.092712+00
65857,6.18,2026-03-04 06:34:39.193759+00
65858,6.26,2026-03-04 06:35:19.343654+00
65859,6.54,2026-03-04 06:36:14.000837+00
65860,6.73,2026-03-04 06:37:27.758203+00
65861,6.31,2026-03-04 06:38:21.797788+00
65862,6.15,2026-03-04 06:39:48.20206+00
65863,6.68,2026-03-04 06:40:00.066923+00
65864,6.72,2026-03-04 06:41:17.051136+00
65865,7.65,2026-03-04 06:42:41.690773+00
65866,5.9,2026-03-04 06:43:08.42017+00
65867,7.57,2026-03-04 06:44:06.66606+00
65868,6.72,2026-03-04 06:46:19.315349+00
65869,7,2026-03-04 06:47:09.973143+00
65870,5.8,2026-03-04 06:48:11.992871+00
65871,6.67,2026-03-04 06:49:44.028808+00
65872,6.69,2026-03-04 06:50:34.352623+00
65873,7.21,2026-03-04 06:51:02.931154+00
65874,7.48,2026-03-04 06:52:25.913815+00
65875,6.34,2026-03-04 06:53:00.664088+00
65876,6.32,2026-03-04 06:54:06.318396+00
65877,7.64,2026-03-04 06:55:21.394566+00
65878,7.55,2026-03-04 06:56:42.952619+00
65879,6.41,2026-03-04 06:57:09.069344+00
65880,7.19,2026-03-04 06:58:41.610182+00
65881,7.74,2026-03-04 06:59:18.013896+00
65882,6.89,2026-03-04 07:01:44.50913+00
65883,7.17,2026-03-04 07:02:40.626371+00
65884,6.33,2026-03-04 07:03:41.394485+00
65885,7.53,2026-03-04 07:04:11.747438+00
65886,5.82,2026-03-04 07:05:30.44733+00
65887,5.83,2026-03-04 07:06:04.29714+00
65888,7.47,2026-03-04 07:07:09.124531+00
65889,7.36,2026-03-04 07:08:40.109368+00
65890,7.15,2026-03-04 07:09:31.049942+00
65891,6.99,2026-03-04 07:10:27.363547+00
65892,6,2026-03-04 07:11:48.556208+00
65893,5.93,2026-03-04 07:12:37.931866+00
65894,7.69,2026-03-04 07:13:09.089941+00
65895,7.1,2026-03-04 07:15:25.731277+00
65896,6.83,2026-03-04 07:16:25.438632+00
65897,6.16,2026-03-04 07:17:27.425832+00
65898,7.35,2026-03-04 07:18:09.192502+00
65899,6.58,2026-03-04 07:19:19.985224+00
65900,6.24,2026-03-04 07:20:42.598992+00
65901,6.15,2026-03-04 07:21:33.701132+00
65902,6.41,2026-03-04 07:22:07.364559+00
65903,6.36,2026-03-04 07:23:08.766356+00
65904,7.78,2026-03-04 07:24:13.113819+00
65905,6.72,2026-03-04 07:25:11.439255+00
65906,7.21,2026-03-04 07:26:43.75967+00
65907,6.35,2026-03-04 07:27:07.81005+00
65908,6.08,2026-03-04 07:28:39.86113+00
65909,7.53,2026-03-04 07:30:25.876198+00
65910,6.34,2026-03-04 07:31:40.095644+00
65911,6.57,2026-03-04 07:32:32.93919+00
65912,7.99,2026-03-04 07:33:13.65174+00
65913,7.4,2026-03-04 07:34:27.410772+00
65914,6.37,2026-03-04 07:35:01.593365+00
65915,7.31,2026-03-04 07:36:29.76394+00
65916,8,2026-03-04 07:37:41.741101+00
65917,8.09,2026-03-04 07:38:45.483148+00
65918,7.18,2026-03-04 07:39:25.023164+00
65919,6.61,2026-03-04 07:40:09.686678+00
65920,7.47,2026-03-04 07:41:12.513055+00
65921,7.14,2026-03-04 07:42:19.305767+00
65922,7.47,2026-03-04 07:44:21.276102+00
65923,7.7,2026-03-04 07:45:00.416726+00
65924,6.73,2026-03-04 07:46:01.105008+00
65925,8.04,2026-03-04 07:47:22.381694+00
65926,7.62,2026-03-04 07:48:13.960083+00
65927,7.66,2026-03-04 07:49:00.560782+00
65928,8.19,2026-03-04 07:50:06.069667+00
65929,6.79,2026-03-04 07:51:04.05585+00
65930,8.03,2026-03-04 07:52:14.421695+00
65931,8.12,2026-03-04 07:53:22.392997+00
65932,8.21,2026-03-04 07:54:10.023901+00
65933,7.56,2026-03-04 07:55:16.479553+00
65934,6.92,2026-03-04 07:56:47.509861+00
65935,7.84,2026-03-04 07:57:19.546178+00
65936,8.18,2026-03-04 07:59:27.208167+00
65937,7.79,2026-03-04 08:01:32.697704+00
65938,8.2,2026-03-04 08:02:34.925864+00
65939,7.25,2026-03-04 08:03:27.376272+00
65940,7.45,2026-03-04 08:04:12.839103+00
65941,7.91,2026-03-04 08:05:05.511242+00
65942,8.25,2026-03-04 08:06:17.749861+00
65943,7.36,2026-03-04 08:07:20.503376+00
65944,8.08,2026-03-04 08:08:30.985913+00
65945,8.04,2026-03-04 08:09:23.712907+00
65946,7.77,2026-03-04 08:10:02.127557+00
65947,6.81,2026-03-04 08:11:27.986088+00
65948,7.16,2026-03-04 08:12:35.785507+00
65949,7.34,2026-03-04 08:14:48.224949+00
65950,7.66,2026-03-04 08:15:32.096512+00
65951,6.87,2026-03-04 08:16:06.557109+00
65952,7.29,2026-03-04 08:17:07.110831+00
65953,8.04,2026-03-04 08:18:24.603778+00
65954,7.64,2026-03-04 08:19:22.463429+00
65955,7.62,2026-03-04 08:20:25.885974+00
65956,7.5,2026-03-04 08:21:39.060048+00
65957,7.74,2026-03-04 08:22:18.432841+00
65958,8.43,2026-03-04 08:23:22.123981+00
65959,7.81,2026-03-04 08:24:36.568307+00
65960,7.17,2026-03-04 08:25:24.695371+00
65961,7.98,2026-03-04 08:27:34.399585+00
65962,8.1,2026-03-04 08:28:16.489176+00
65963,6.53,2026-03-04 08:29:05.01384+00
65964,7.02,2026-03-04 08:30:18.882183+00
65965,7.53,2026-03-04 08:31:21.467897+00
65966,8.02,2026-03-04 08:32:22.147847+00
65967,6.74,2026-03-04 08:33:41.873689+00
65968,8.45,2026-03-04 08:34:16.604494+00
65969,8.39,2026-03-04 08:35:01.270768+00
65970,7.54,2026-03-04 08:36:26.08685+00
65971,7.79,2026-03-04 08:37:12.135378+00
65972,8.21,2026-03-04 08:38:16.243554+00
65973,7.5,2026-03-04 08:39:07.718706+00
65974,8.67,2026-03-04 08:41:08.282527+00
65975,7.53,2026-03-04 08:42:08.227161+00
65976,7.89,2026-03-04 08:43:22.923619+00
65977,6.71,2026-03-04 08:44:38.388479+00
65978,6.81,2026-03-04 08:45:07.162862+00
65979,8.22,2026-03-04 08:46:11.543094+00
65980,8.43,2026-03-04 08:47:14.847476+00
65981,8.53,2026-03-04 08:48:15.344139+00
65982,8.4,2026-03-04 08:49:32.804149+00
65983,7.53,2026-03-04 08:50:29.01434+00
65984,8.64,2026-03-04 08:51:08.311942+00
65985,8.44,2026-03-04 08:52:08.025851+00
65986,8.14,2026-03-04 08:53:17.403936+00
65987,8.11,2026-03-04 08:54:13.212975+00
65988,8.62,2026-03-04 08:55:47.989543+00
65989,6.94,2026-03-04 08:57:25.912858+00
65990,8.35,2026-03-04 08:58:46.534327+00
65991,7.17,2026-03-04 08:59:34.787753+00
65992,8.1,2026-03-04 09:00:27.565424+00
65993,8.41,2026-03-04 09:01:01.614743+00
65994,8.43,2026-03-04 09:02:35.585768+00
65995,8.73,2026-03-04 09:03:04.834236+00
65996,8.6,2026-03-04 09:04:25.827434+00
65997,7.86,2026-03-04 09:05:46.386956+00
65998,7.87,2026-03-04 09:06:26.940815+00
65999,8.29,2026-03-04 09:07:18.178377+00
66000,8.06,2026-03-04 09:08:49.37427+00
66001,8.77,2026-03-04 09:09:22.753118+00
66002,8.2,2026-03-04 09:10:11.377459+00
66003,6.98,2026-03-04 09:12:43.334636+00
66004,8.67,2026-03-04 09:13:32.484087+00
66005,7.35,2026-03-04 09:14:43.035727+00
66006,8.56,2026-03-04 09:15:20.371674+00
66007,7.82,2026-03-04 09:16:30.136416+00
66008,7.52,2026-03-04 09:17:12.60631+00
66009,7.48,2026-03-04 09:18:14.109464+00
66010,7.75,2026-03-04 09:19:00.486335+00
66011,7.92,2026-03-04 09:20:14.166703+00
66012,8.66,2026-03-04 09:21:19.627532+00
66013,8.65,2026-03-04 09:22:19.102714+00
66014,7.67,2026-03-04 09:23:43.340869+00
66015,7.22,2026-03-04 09:24:30.083059+00
66016,7.64,2026-03-04 09:26:27.38175+00
66017,7.21,2026-03-04 09:27:37.779384+00
66018,7.3,2026-03-04 09:28:34.949199+00
66019,8.27,2026-03-04 09:29:33.758715+00
66020,8.35,2026-03-04 09:30:26.862346+00
66021,9.07,2026-03-04 09:31:36.187378+00
66022,8.26,2026-03-04 09:32:41.236551+00
66023,9,2026-03-04 09:33:23.312541+00
66024,8.76,2026-03-04 09:34:34.939619+00
66025,7.31,2026-03-04 09:35:48.452384+00
66026,7.5,2026-03-04 09:36:45.268663+00
66027,7.78,2026-03-04 09:37:13.211642+00
66028,8.17,2026-03-04 09:38:00.159254+00
66029,7.54,2026-03-04 09:40:26.809217+00
66030,7.57,2026-03-04 09:41:28.952367+00
66031,9.24,2026-03-04 09:42:26.309866+00
66032,8.41,2026-03-04 09:43:35.783876+00
66033,7.59,2026-03-04 09:44:00.052505+00
66034,8.22,2026-03-04 09:45:44.961956+00
66035,8.65,2026-03-04 09:46:40.096161+00
66036,7.94,2026-03-04 09:47:32.693718+00
66037,9.31,2026-03-04 09:48:14.173546+00
66038,7.89,2026-03-04 09:49:02.199198+00
66039,8.6,2026-03-04 09:50:06.102969+00
66040,9.47,2026-03-04 09:51:16.309328+00
66041,8.37,2026-03-04 09:52:14.852899+00
66042,8.09,2026-03-04 09:54:35.732072+00
66043,8.68,2026-03-04 09:55:14.222636+00
66044,9.01,2026-03-04 09:56:15.070904+00
66045,8.43,2026-03-04 09:57:37.1315+00
66046,9.59,2026-03-04 09:58:11.128068+00
66047,8.62,2026-03-04 09:59:19.545058+00
66048,9.21,2026-03-04 10:00:25.218893+00
66049,9.43,2026-03-04 10:01:05.956511+00
66050,8.59,2026-03-04 10:02:01.435098+00
66051,9.15,2026-03-04 10:03:06.045479+00
66052,9.65,2026-03-04 10:04:43.962109+00
66053,8.55,2026-03-04 10:05:00.564973+00
66054,9.27,2026-03-04 10:06:25.775536+00
66055,8.01,2026-03-04 10:07:26.358143+00
66056,8.61,2026-03-04 10:08:44.296243+00
66057,9.51,2026-03-04 10:10:27.018825+00
66058,8.49,2026-03-04 10:11:20.606517+00
66059,9.54,2026-03-04 10:12:19.574646+00
66060,8.22,2026-03-04 10:13:25.853881+00
66061,8.05,2026-03-04 10:14:48.42138+00
66062,8.33,2026-03-04 10:15:11.940139+00
66063,8.28,2026-03-04 10:16:23.202035+00
66064,8.32,2026-03-04 10:17:48.733694+00
66065,8.63,2026-03-04 10:18:03.612122+00
66066,9.37,2026-03-04 10:19:21.536775+00
66067,9.15,2026-03-04 10:20:41.201436+00
66068,8.02,2026-03-04 10:21:18.570666+00
66069,9.1,2026-03-04 10:22:43.253874+00
66070,9.84,2026-03-04 10:24:17.780252+00
66071,8.21,2026-03-04 10:25:20.244913+00
66072,9.17,2026-03-04 10:26:16.642856+00
66073,9.45,2026-03-04 10:27:14.594199+00
66074,8.9,2026-03-04 10:28:42.447671+00
66075,9.38,2026-03-04 10:29:05.551939+00
66076,9.25,2026-03-04 10:30:49.285617+00
66077,9.65,2026-03-04 10:31:38.827122+00
66078,9.41,2026-03-04 10:32:49.354498+00
66079,9.4,2026-03-04 10:33:41.788084+00
66080,8.56,2026-03-04 10:34:14.179521+00
66081,9.8,2026-03-04 10:35:28.962182+00
66082,8.81,2026-03-04 10:36:11.22845+00
66083,8.87,2026-03-04 10:37:11.712919+00
66084,9.53,2026-03-04 10:39:41.202733+00
66085,8.45,2026-03-04 10:40:44.591925+00
66086,9.74,2026-03-04 10:41:34.026531+00
66087,8.77,2026-03-04 10:42:44.669908+00
66088,9.67,2026-03-04 10:43:28.954478+00
66089,9.46,2026-03-04 10:44:25.098848+00
66090,9.14,2026-03-04 10:45:00.837223+00
66091,9.4,2026-03-04 10:46:37.35055+00
66092,10.02,2026-03-04 10:47:47.359373+00
66093,9,2026-03-04 10:48:38.181976+00
66094,9.4,2026-03-04 10:49:44.308698+00
66095,8.96,2026-03-04 10:50:22.81361+00
66096,9.8,2026-03-04 10:51:02.266108+00
66097,9.51,2026-03-04 10:53:16.231923+00
66098,9.46,2026-03-04 10:54:32.362228+00
66099,9.68,2026-03-04 10:55:47.093887+00
66100,10.38,2026-03-04 10:56:12.933812+00
66101,9.94,2026-03-04 10:57:03.349178+00
66102,9.01,2026-03-04 10:58:29.300818+00
66103,9.53,2026-03-04 10:59:32.111204+00
66104,9.58,2026-03-04 11:00:04.759367+00
66105,8.9,2026-03-04 11:01:26.345973+00
66106,10.88,2026-03-04 11:02:40.22617+00
66107,9.54,2026-03-04 11:03:31.427745+00
66108,10.83,2026-03-04 11:04:32.027933+00
66109,8.98,2026-03-04 11:05:33.781544+00
66110,10.42,2026-03-04 11:06:05.935154+00
66111,9.21,2026-03-04 11:08:29.124345+00
66112,10.1,2026-03-04 11:09:36.177466+00
66113,10.69,2026-03-04 11:10:22.438878+00
66114,9.97,2026-03-04 11:11:14.77338+00
66115,9.74,2026-03-04 11:12:06.80594+00
66116,9.44,2026-03-04 11:13:02.75256+00
66117,10.87,2026-03-04 11:14:35.471807+00
66118,10.52,2026-03-04 11:15:32.89943+00
66119,10.39,2026-03-04 11:16:21.213777+00
66120,10.47,2026-03-04 11:17:29.19561+00
66121,9.97,2026-03-04 11:18:29.793484+00
66122,9.76,2026-03-04 11:19:38.374042+00
66123,10.51,2026-03-04 11:20:44.360467+00
66124,10.17,2026-03-04 11:21:27.536306+00
66125,10.09,2026-03-04 11:23:04.521575+00
66126,9.39,2026-03-04 11:24:13.437029+00
66127,10.55,2026-03-04 11:25:39.010833+00
66128,9.94,2026-03-04 11:26:18.267774+00
66129,9.4,2026-03-04 11:27:46.62459+00
66130,11,2026-03-04 11:28:22.177783+00
66131,10.03,2026-03-04 11:29:39.768908+00
66132,10.44,2026-03-04 11:30:40.026633+00
66133,10.37,2026-03-04 11:31:22.668872+00
66134,9.75,2026-03-04 11:32:15.455409+00
66135,9.65,2026-03-04 11:33:26.871363+00
66136,10,2026-03-04 11:34:19.687031+00
66137,11.37,2026-03-04 11:35:24.826552+00
66138,9.72,2026-03-04 11:36:15.367517+00
66139,10.65,2026-03-04 11:37:37.921135+00
66140,11.24,2026-03-04 11:39:46.557123+00
66141,11.22,2026-03-04 11:40:11.019479+00
66142,10.99,2026-03-04 11:41:11.727622+00
66143,10.83,2026-03-04 11:42:14.69502+00
66144,10.42,2026-03-04 11:43:24.789496+00
66145,10.01,2026-03-04 11:44:08.655845+00
66146,10.45,2026-03-04 11:45:07.668776+00
66147,10.01,2026-03-04 11:46:32.099893+00
66148,10.43,2026-03-04 11:47:44.405503+00
66149,11.16,2026-03-04 11:48:43.873471+00
66150,11.29,2026-03-04 11:49:33.792222+00
66151,10.54,2026-03-04 11:50:11.628117+00
66152,10.55,2026-03-04 11:51:48.497579+00
66153,10.37,2026-03-04 11:52:02.712797+00
66154,9.86,2026-03-04 11:54:06.277829+00
66155,10.5,2026-03-04 11:55:07.051185+00
66156,10.53,2026-03-04 11:56:04.885229+00
66157,11.41,2026-03-04 11:57:08.914961+00
66158,11.48,2026-03-04 11:58:30.040998+00
66159,10.54,2026-03-04 11:59:10.323463+00
66160,10.21,2026-03-04 12:00:21.036058+00
66161,10.19,2026-03-04 12:01:36.640824+00
66162,10.02,2026-03-04 12:02:23.378217+00
66163,10.83,2026-03-04 12:03:28.416967+00
66164,11.34,2026-03-04 12:04:05.549391+00
66165,11.8,2026-03-04 12:05:35.420755+00
66166,10.5,2026-03-04 12:06:34.826147+00
66167,10.1,2026-03-04 12:08:15.935694+00
66168,11.5,2026-03-04 12:09:35.588507+00
66169,10.97,2026-03-04 12:10:18.491433+00
66170,10.97,2026-03-04 12:11:01.678364+00
66171,11.32,2026-03-04 12:12:01.834769+00
66172,10.24,2026-03-04 12:13:11.028562+00
66173,11.23,2026-03-04 12:14:17.7855+00
66174,12.07,2026-03-04 12:15:37.623904+00
66175,10.51,2026-03-04 12:16:11.743932+00
66176,10.54,2026-03-04 12:17:29.299914+00
66177,12.04,2026-03-04 12:18:47.213255+00
66178,10.41,2026-03-04 12:19:12.177541+00
66179,11.34,2026-03-04 12:20:42.496248+00
66180,11.28,2026-03-04 12:22:17.07435+00
66181,10.31,2026-03-04 12:23:48.015596+00
66182,11.22,2026-03-04 12:24:11.061776+00
66183,11.54,2026-03-04 12:25:29.088051+00
66184,12.12,2026-03-04 12:26:44.767958+00
66185,10.5,2026-03-04 12:27:27.069145+00
66186,11.38,2026-03-04 12:28:22.591889+00
66187,12.18,2026-03-04 12:29:18.87736+00
66188,11.61,2026-03-04 12:30:00.061093+00
66189,12.23,2026-03-04 12:31:11.060733+00
66190,12.11,2026-03-04 12:32:26.219675+00
66191,11.62,2026-03-04 12:33:23.597663+00
66192,10.97,2026-03-04 12:34:12.263573+00
66193,10.98,2026-03-04 12:36:30.829537+00
66194,10.76,2026-03-04 12:37:35.094507+00
66195,12.07,2026-03-04 12:38:13.150536+00
66196,11.87,2026-03-04 12:39:02.436595+00
66197,10.76,2026-03-04 12:40:27.04088+00
66198,11.52,2026-03-04 12:41:00.566883+00
66199,11.3,2026-03-04 12:42:22.51479+00
66200,11.08,2026-03-04 12:43:39.600879+00
66201,12.17,2026-03-04 12:44:35.255519+00
66202,12.87,2026-03-04 12:45:39.578082+00
66203,12.86,2026-03-04 12:46:35.729592+00
66204,11.16,2026-03-04 12:47:01.894471+00
66205,11.78,2026-03-04 12:48:37.699004+00
66206,11.05,2026-03-04 12:49:35.686751+00
66207,12.81,2026-03-04 12:51:16.686741+00
66208,12.09,2026-03-04 12:52:45.590614+00
66209,12.62,2026-03-04 12:52:20.069634+00
66210,12.81,2026-03-04 12:53:14.614729+00
66211,11.15,2026-03-04 12:54:29.266061+00
66212,12.77,2026-03-04 12:55:08.05594+00
66213,11.73,2026-03-04 12:56:43.280745+00
66214,11.88,2026-03-04 12:57:35.057391+00
66215,12.15,2026-03-04 12:59:44.463857+00
66216,12.15,2026-03-04 13:00:04.001426+00
66217,12.83,2026-03-04 13:01:38.527137+00
66218,12.2,2026-03-04 13:02:33.171225+00
66219,11.46,2026-03-04 13:03:28.377917+00
66220,11.23,2026-03-04 13:04:39.764242+00
66221,12.12,2026-03-04 13:05:07.180143+00
66222,12.39,2026-03-04 13:06:30.623497+00
66223,12.29,2026-03-04 13:07:01.634181+00
66224,12.3,2026-03-04 13:08:01.937754+00
66225,11.41,2026-03-04 13:09:10.338988+00
66226,12.84,2026-03-04 13:10:12.452103+00
66227,11.67,2026-03-04 13:11:19.856367+00
66228,11.92,2026-03-04 13:12:19.533317+00
66229,13.09,2026-03-04 13:14:29.210478+00
66230,11.82,2026-03-04 13:15:33.106802+00
66231,13.26,2026-03-04 13:16:04.086428+00
66232,11.44,2026-03-04 13:17:06.456385+00
66233,12.8,2026-03-04 13:18:26.361467+00
66234,11.56,2026-03-04 13:19:01.224189+00
66235,11.59,2026-03-04 13:20:37.33016+00
66236,11.88,2026-03-04 13:21:42.261706+00
66237,12.84,2026-03-04 13:22:14.337625+00
66238,12.21,2026-03-04 13:23:25.724881+00
66239,11.45,2026-03-04 13:24:31.721081+00
66240,11.85,2026-03-04 13:25:36.444332+00
66241,12.62,2026-03-04 13:26:44.79979+00
66242,12.6,2026-03-04 13:27:44.136603+00
66243,11.67,2026-03-04 13:28:05.941081+00
66244,13.66,2026-03-04 13:30:46.269566+00
66245,12.73,2026-03-04 13:31:18.070677+00
66246,11.77,2026-03-04 13:32:10.574343+00
66247,11.86,2026-03-04 13:33:07.589863+00
66248,12.44,2026-03-04 13:34:45.152599+00
66249,13.61,2026-03-04 13:35:48.114027+00
66250,11.78,2026-03-04 13:36:44.319781+00
66251,12.05,2026-03-04 13:37:06.894744+00
66252,13.69,2026-03-04 13:38:39.372151+00
66253,13.36,2026-03-04 13:39:30.220123+00
66254,12.06,2026-03-04 13:40:14.494833+00
66255,12.16,2026-03-04 13:41:31.466492+00
66256,12.16,2026-03-04 13:42:01.578254+00
66257,12.71,2026-03-04 13:44:12.289872+00
66258,13.64,2026-03-04 13:45:03.709107+00
66259,12.95,2026-03-04 13:46:08.64321+00
66260,13.59,2026-03-04 13:47:15.250688+00
66261,12.63,2026-03-04 13:48:17.649421+00
66262,13.83,2026-03-04 13:49:20.644563+00
66263,12.86,2026-03-04 13:50:07.452449+00
66264,13.06,2026-03-04 13:51:31.220335+00
66265,12.65,2026-03-04 13:52:18.137538+00
66266,12.35,2026-03-04 13:53:49.867192+00
66267,12.58,2026-03-04 13:54:30.094849+00
66268,12.18,2026-03-04 13:55:06.374641+00
66269,13.66,2026-03-04 13:56:14.497306+00
66270,12.25,2026-03-04 13:57:39.519151+00
66271,12.25,2026-03-04 13:59:47.345403+00
66272,12.58,2026-03-04 14:00:27.667444+00
66273,14.04,2026-03-04 14:01:32.630776+00
66274,13.26,2026-03-04 14:02:11.419498+00
66275,13.87,2026-03-04 14:03:01.205927+00
66276,12.46,2026-03-04 14:04:34.01502+00
66277,12.5,2026-03-04 14:05:32.055608+00
66278,12.94,2026-03-04 14:06:08.101861+00
66279,13.38,2026-03-04 14:07:37.092131+00
66280,12.43,2026-03-04 14:08:29.64357+00
66281,12.54,2026-03-04 14:09:13.766584+00
66282,14.19,2026-03-04 14:10:23.40012+00
66283,13.2,2026-03-04 14:11:17.503152+00
66284,13.1,2026-03-04 14:12:21.725686+00
66285,12.82,2026-03-04 14:14:35.447879+00
66286,13.01,2026-03-04 14:15:03.652455+00
66287,13.39,2026-03-04 14:16:06.806416+00
66288,12.44,2026-03-04 14:17:28.437133+00
66289,13.31,2026-03-04 14:18:08.824616+00
66290,14.08,2026-03-04 14:19:31.020324+00
66291,12.5,2026-03-04 14:20:47.300537+00
66292,12.46,2026-03-04 14:21:43.118824+00
66293,13.23,2026-03-04 14:22:34.457535+00
66294,13.03,2026-03-04 14:23:19.895413+00
66295,13.03,2026-03-04 14:24:08.711798+00
66296,13.68,2026-03-04 14:25:11.344743+00
66297,12.97,2026-03-04 14:26:41.986572+00
66298,14.26,2026-03-04 14:28:02.146613+00
66299,13.08,2026-03-04 14:29:46.410973+00
66300,14.08,2026-03-04 14:30:12.14116+00
66301,13.64,2026-03-04 14:31:18.709906+00
66302,13.37,2026-03-04 14:32:39.42774+00
66303,13.19,2026-03-04 14:33:29.040221+00
66304,14.27,2026-03-04 14:34:48.657546+00
66305,12.2,2026-03-04 14:35:29.948131+00
66306,13.8,2026-03-04 14:36:24.141595+00
66307,12.36,2026-03-04 14:37:27.216571+00
66308,13.62,2026-03-04 14:38:14.502948+00
66309,13.28,2026-03-04 14:39:41.527861+00
66310,12.36,2026-03-04 14:40:43.413119+00
66311,12.35,2026-03-04 14:42:24.349783+00
66312,13.71,2026-03-04 14:43:45.308114+00
66313,13.55,2026-03-04 14:44:29.508484+00
66314,12.65,2026-03-04 14:45:10.206154+00
66315,13.28,2026-03-04 14:46:13.598762+00
66316,13.65,2026-03-04 14:47:21.115725+00
66317,12.86,2026-03-04 14:48:16.390634+00
66318,12.49,2026-03-04 14:49:09.05789+00
66319,13.5,2026-03-04 14:50:29.128758+00
66320,12.4,2026-03-04 14:51:36.971172+00
66321,13.18,2026-03-04 14:52:25.229551+00
66322,12.94,2026-03-04 14:53:46.915078+00
66323,13.63,2026-03-04 14:54:04.834265+00
66324,13.51,2026-03-04 14:55:10.873156+00
66325,13.72,2026-03-04 14:57:08.975777+00
66326,13.86,2026-03-04 14:58:01.095324+00
66327,13.98,2026-03-04 14:59:49.773268+00
66328,14.1,2026-03-04 15:00:11.090412+00
66329,12.74,2026-03-04 15:01:19.450795+00
66330,14.1,2026-03-04 15:02:05.701387+00
66331,12.5,2026-03-04 15:03:46.484806+00
66332,12.67,2026-03-04 15:04:46.335577+00
66333,12.33,2026-03-04 15:05:48.282667+00
66334,12.13,2026-03-04 15:06:40.672017+00
66335,12.2,2026-03-04 15:07:39.376717+00
66336,12.9,2026-03-04 15:08:38.749389+00
66337,12.57,2026-03-04 15:09:28.984449+00
66338,12.5,2026-03-04 15:11:22.102079+00
66339,13.3,2026-03-04 15:12:08.459237+00
66340,13.44,2026-03-04 15:13:31.976867+00
66341,12.49,2026-03-04 15:14:07.335752+00
66342,12.46,2026-03-04 15:15:26.594921+00
66343,13.04,2026-03-04 15:16:29.773627+00
66344,12.82,2026-03-04 15:17:00.717722+00
66345,13.86,2026-03-04 15:18:42.184219+00
66346,13.72,2026-03-04 15:19:05.262583+00
66347,12.21,2026-03-04 15:20:03.797355+00
66348,13.72,2026-03-04 15:21:28.77312+00
66349,12.26,2026-03-04 15:22:20.669557+00
66350,12.46,2026-03-04 15:23:47.431036+00
66351,12.68,2026-03-04 15:24:14.300074+00
66352,13.76,2026-03-04 15:25:10.196456+00
66353,12.85,2026-03-04 15:27:19.565906+00
66354,12.38,2026-03-04 15:28:32.095795+00
66355,13.1,2026-03-04 15:29:36.795551+00
66356,12.66,2026-03-04 15:30:40.892894+00
66357,13.25,2026-03-04 15:31:16.497667+00
66358,12.71,2026-03-04 15:32:00.98729+00
66359,12.84,2026-03-04 15:33:13.062479+00
66360,12.82,2026-03-04 15:34:04.110171+00
66361,12.63,2026-03-04 15:35:47.381776+00
66362,14.08,2026-03-04 15:36:39.889071+00
66363,13,2026-03-04 15:37:48.03684+00
66364,12.61,2026-03-04 15:38:14.344173+00
66365,13.21,2026-03-04 15:39:14.545936+00
66366,12.19,2026-03-04 15:40:27.001212+00
66367,12.74,2026-03-04 15:41:42.873713+00
66368,13.64,2026-03-04 15:43:29.148221+00
66369,13.46,2026-03-04 15:44:42.074444+00
66370,12.36,2026-03-04 15:45:24.234722+00
66371,12.25,2026-03-04 15:46:16.236662+00
66372,12.7,2026-03-04 15:47:05.298991+00
66373,13.22,2026-03-04 15:48:40.534539+00
66374,12.75,2026-03-04 15:49:12.051286+00
66375,12.57,2026-03-04 15:50:32.160561+00
66376,13.84,2026-03-04 15:51:39.088611+00
66377,12.48,2026-03-04 15:52:22.147351+00
66378,12.94,2026-03-04 15:53:35.709469+00
66379,13.41,2026-03-04 15:54:04.696011+00
66380,13.78,2026-03-04 15:55:17.184115+00
66381,13.27,2026-03-04 15:57:02.883201+00
66382,13.64,2026-03-04 15:58:41.43695+00
66383,13.22,2026-03-04 15:59:23.07915+00
66384,12.67,2026-03-04 16:00:01.083501+00
66385,13.32,2026-03-04 16:01:23.091495+00
66386,12.3,2026-03-04 16:02:19.416064+00
66387,13.71,2026-03-04 16:03:20.179877+00
66388,13.66,2026-03-04 16:04:15.228078+00
66389,12.33,2026-03-04 16:05:00.02318+00
66390,12.16,2026-03-04 16:06:39.877599+00
66391,13,2026-03-04 16:07:22.10052+00
66392,11.96,2026-03-04 16:08:26.868792+00
66393,12.58,2026-03-04 16:09:32.234514+00
66394,11.94,2026-03-04 16:10:21.913345+00
66395,12.22,2026-03-04 16:12:35.475318+00
66396,12.98,2026-03-04 16:13:25.389718+00
66397,13.23,2026-03-04 16:14:41.022302+00
66398,11.97,2026-03-04 16:15:20.991195+00
66399,13.15,2026-03-04 16:16:28.76644+00
66400,12.2,2026-03-04 16:17:34.229422+00
66401,12.9,2026-03-04 16:18:17.630387+00
66402,12.33,2026-03-04 16:19:28.940073+00
66403,12.09,2026-03-04 16:20:41.78141+00
66404,11.73,2026-03-04 16:21:30.310119+00
66405,12.27,2026-03-04 16:22:08.997057+00
66406,13.43,2026-03-04 16:23:33.740683+00
66407,13.33,2026-03-04 16:24:29.851848+00
66408,12.93,2026-03-04 16:25:06.800626+00
66409,11.73,2026-03-04 16:27:20.313212+00
66410,12.71,2026-03-04 16:28:19.788217+00
66411,11.98,2026-03-04 16:29:10.355198+00
66412,11.58,2026-03-04 16:30:06.151244+00
66413,13.24,2026-03-04 16:31:09.17556+00
66414,11.72,2026-03-04 16:32:34.653783+00
66415,13.47,2026-03-04 16:33:10.150228+00
66416,11.97,2026-03-04 16:34:02.877477+00
66417,13.28,2026-03-04 16:35:15.624647+00
66418,11.7,2026-03-04 16:36:04.279909+00
66419,13.47,2026-03-04 16:37:45.396948+00
66420,11.59,2026-03-04 16:38:13.787589+00
66421,13.19,2026-03-04 16:39:24.026609+00
66422,12.62,2026-03-04 16:41:05.953809+00
66423,11.65,2026-03-04 16:42:00.322853+00
66424,12.67,2026-03-04 16:43:15.094929+00
66425,12.72,2026-03-04 16:44:31.779565+00
66426,11.41,2026-03-04 16:45:19.215119+00
66427,12.28,2026-03-04 16:46:45.950081+00
66428,11.56,2026-03-04 16:47:35.368737+00
66429,11.4,2026-03-04 16:48:07.136192+00
66430,11.52,2026-03-04 16:49:06.141946+00
66431,11.51,2026-03-04 16:50:28.656392+00
66432,11.02,2026-03-04 16:51:25.570078+00
66433,11.85,2026-03-04 16:52:41.081677+00
66434,11.84,2026-03-04 16:53:44.694237+00
66435,12.47,2026-03-04 16:54:38.133907+00
66436,11.48,2026-03-04 16:56:27.788109+00
66437,11.54,2026-03-04 16:57:32.738805+00
66438,12.67,2026-03-04 16:58:01.55378+00
66439,10.95,2026-03-04 16:59:45.689892+00
66440,11.95,2026-03-04 17:00:31.289463+00
66441,11.31,2026-03-04 17:01:22.997993+00
66442,11.44,2026-03-04 17:02:29.432253+00
66443,12.55,2026-03-04 17:03:47.095585+00
66444,11.08,2026-03-04 17:04:05.714787+00
66445,11.62,2026-03-04 17:05:44.851569+00
66446,12.14,2026-03-04 17:06:18.420647+00
66447,10.74,2026-03-04 17:07:48.175712+00
66448,12.45,2026-03-04 17:08:01.505529+00
66449,12.36,2026-03-04 17:10:29.206676+00
66450,12.46,2026-03-04 17:11:46.048085+00
66451,12.41,2026-03-04 17:12:02.183504+00
66452,10.76,2026-03-04 17:13:21.465459+00
66453,11.79,2026-03-04 17:14:21.042441+00
66454,10.68,2026-03-04 17:15:33.726354+00
66455,11.98,2026-03-04 17:16:36.41485+00
66456,11.19,2026-03-04 17:17:35.833454+00
66457,11.23,2026-03-04 17:18:35.126865+00
66458,11.24,2026-03-04 17:19:20.730527+00
66459,10.46,2026-03-04 17:20:46.651789+00
66460,12.26,2026-03-04 17:21:45.511387+00
66461,12.09,2026-03-04 17:22:35.390034+00
66462,11.26,2026-03-04 17:24:18.63012+00
66463,10.96,2026-03-04 17:25:30.424988+00
66464,11.65,2026-03-04 17:26:18.827999+00
66465,11.92,2026-03-04 17:27:01.170601+00
66466,12.12,2026-03-04 17:28:08.935043+00
66467,11.66,2026-03-04 17:29:29.526249+00
66468,11.65,2026-03-04 17:30:18.755941+00
66469,11.46,2026-03-04 17:31:08.080231+00
66470,10.09,2026-03-04 17:32:22.384747+00
66471,11.59,2026-03-04 17:35:03.278622+00
66472,10.79,2026-03-04 17:36:48.887563+00
66473,11.28,2026-03-04 17:37:08.069382+00
66474,11.07,2026-03-04 17:38:15.661592+00
66475,10.26,2026-03-04 17:39:46.511704+00
66476,10.37,2026-03-04 17:40:35.412516+00
66477,11.54,2026-03-04 17:41:06.829026+00
66478,11.01,2026-03-04 17:42:49.00408+00
66479,11.15,2026-03-04 17:43:11.761686+00
66480,10.32,2026-03-04 17:44:47.027215+00
66481,10.77,2026-03-04 17:45:21.504389+00
66482,10.72,2026-03-04 17:46:01.658489+00
66483,10.58,2026-03-04 17:48:49.043742+00
66484,10.25,2026-03-04 17:49:45.451223+00
66485,10.23,2026-03-04 17:50:04.567485+00
66486,9.99,2026-03-04 17:51:24.407069+00
66487,10.14,2026-03-04 17:52:12.213884+00
66488,9.57,2026-03-04 17:53:25.399079+00
66489,9.98,2026-03-04 17:54:17.978494+00
66490,11.3,2026-03-04 17:55:10.060263+00
66491,9.73,2026-03-04 17:56:24.09699+00
66492,9.86,2026-03-04 17:57:44.747515+00
66493,9.92,2026-03-04 17:58:41.241654+00
66494,11.08,2026-03-04 17:59:10.818439+00
66495,10.6,2026-03-04 18:00:29.582815+00
66496,11.09,2026-03-04 18:01:13.480527+00
66497,10.71,2026-03-04 18:03:41.222249+00
66498,9.97,2026-03-04 18:04:13.824763+00
66499,9.22,2026-03-04 18:05:07.498743+00
66500,10.34,2026-03-04 18:06:16.438675+00
66501,10.7,2026-03-04 18:07:45.327624+00
66502,11.14,2026-03-04 18:08:22.275961+00
66503,9.66,2026-03-04 18:09:36.550702+00
66504,9.98,2026-03-04 18:10:00.036114+00
66505,9.55,2026-03-04 18:11:41.062381+00
66506,10.52,2026-03-04 18:12:18.303687+00
66507,10.15,2026-03-04 18:13:16.466181+00
66508,10.9,2026-03-04 18:14:13.889182+00
66509,10.36,2026-03-04 18:15:12.514001+00
66510,9.71,2026-03-04 18:17:18.775452+00
66511,9.15,2026-03-04 18:18:29.637809+00
66512,10.17,2026-03-04 18:19:36.876474+00
66513,10.73,2026-03-04 18:20:03.508688+00
66514,9.67,2026-03-04 18:21:26.942014+00
66515,10.17,2026-03-04 18:22:02.871+00
66516,10.51,2026-03-04 18:23:34.939313+00
66517,10.13,2026-03-04 18:24:29.373703+00
66518,9.38,2026-03-04 18:25:17.783365+00
66519,9.87,2026-03-04 18:26:35.92673+00
66520,9,2026-03-04 18:27:47.383068+00
66521,10,2026-03-04 18:28:12.649322+00
66522,9.48,2026-03-04 18:29:45.133038+00
66523,10.2,2026-03-04 18:30:31.981288+00
66524,10,2026-03-04 18:32:15.977145+00
66525,10.33,2026-03-04 18:33:11.044076+00
66526,10.2,2026-03-04 18:34:28.079037+00
66527,8.62,2026-03-04 18:35:38.722624+00
66528,8.64,2026-03-04 18:36:22.885488+00
66529,10.2,2026-03-04 18:37:12.450576+00
66530,9.31,2026-03-04 18:38:21.539909+00
66531,8.72,2026-03-04 18:39:25.959546+00
66532,9.45,2026-03-04 18:40:02.072053+00
66533,9.77,2026-03-04 18:41:40.681974+00
66534,10.21,2026-03-04 18:42:29.611077+00
66535,8.61,2026-03-04 18:43:16.469343+00
66536,9.58,2026-03-04 18:44:01.515024+00
66537,8.75,2026-03-04 18:45:30.135921+00
66538,10,2026-03-04 18:47:30.754802+00
66539,9.96,2026-03-04 18:48:49.084275+00
66540,8.33,2026-03-04 18:49:19.588393+00
66541,9.66,2026-03-04 18:50:04.429626+00
66542,8.84,2026-03-04 18:51:32.520715+00
66543,9.64,2026-03-04 18:52:33.176957+00
66544,8.91,2026-03-04 18:53:25.222852+00
66545,8.4,2026-03-04 18:54:18.10052+00
66546,8.41,2026-03-04 18:55:06.343493+00
66547,8.54,2026-03-04 18:56:27.469114+00
66548,10.12,2026-03-04 18:57:48.058199+00
66549,10,2026-03-04 18:58:35.606996+00
66550,9.8,2026-03-04 18:59:19.093484+00
66551,9.73,2026-03-04 19:00:40.150491+00
66552,10.04,2026-03-04 19:02:26.963071+00
66553,9.71,2026-03-04 19:03:39.500388+00
66554,9.87,2026-03-04 19:04:40.310351+00
66555,8.6,2026-03-04 19:05:22.620106+00
66556,9.51,2026-03-04 19:06:33.410647+00
66557,9.76,2026-03-04 19:07:08.225047+00
66558,8.99,2026-03-04 19:08:34.722438+00
66559,8.44,2026-03-04 19:09:24.664388+00
66560,8.7,2026-03-04 19:10:47.503026+00
66561,9.01,2026-03-04 19:11:08.731578+00
66562,8.46,2026-03-04 19:12:13.606309+00
66563,9.19,2026-03-04 19:13:42.472266+00
66564,8.69,2026-03-04 19:14:19.947039+00
66565,8.2,2026-03-04 19:15:43.720819+00
66566,9.54,2026-03-04 19:17:47.1462+00
66567,9.05,2026-03-04 19:18:21.676712+00
66568,8.72,2026-03-04 19:19:44.101743+00
66569,9.67,2026-03-04 19:20:35.912003+00
66570,9.04,2026-03-04 19:21:03.510236+00
66571,8.84,2026-03-04 19:22:30.424403+00
66572,8.57,2026-03-04 19:23:04.602135+00
66573,8.29,2026-03-04 19:24:19.332856+00
66574,8.88,2026-03-04 19:25:17.874444+00
66575,8.52,2026-03-04 19:26:13.707973+00
66576,9.9,2026-03-04 19:27:02.979129+00
66577,9.09,2026-03-04 19:28:48.428291+00
66578,9.37,2026-03-04 19:29:15.371018+00
66579,9.68,2026-03-04 19:30:03.930837+00
66580,9.34,2026-03-04 19:32:11.108763+00
66581,9.52,2026-03-04 19:33:20.543961+00
66582,8.01,2026-03-04 19:34:28.632834+00
66583,9.33,2026-03-04 19:35:35.149717+00
66584,8.49,2026-03-04 19:36:18.462452+00
66585,8.17,2026-03-04 19:37:09.862223+00
66586,9.12,2026-03-04 19:38:32.161804+00
66587,8.25,2026-03-04 19:39:28.468008+00
66588,9.48,2026-03-04 19:40:30.18116+00
66589,8.23,2026-03-04 19:41:17.83157+00
66590,8.77,2026-03-04 19:42:25.655242+00
66591,8.71,2026-03-04 19:43:00.647896+00
66592,9.57,2026-03-04 19:44:26.377854+00
66593,9,2026-03-04 19:46:38.080304+00
66594,9.24,2026-03-04 19:47:24.173553+00
66595,8.99,2026-03-04 19:48:49.260528+00
66596,9.81,2026-03-04 19:49:14.544608+00
66597,9.37,2026-03-04 19:50:31.630965+00
66598,8.21,2026-03-04 19:51:35.576256+00
66599,9.97,2026-03-04 19:52:17.671962+00
66600,8.93,2026-03-04 19:53:36.075973+00
66601,9.28,2026-03-04 19:54:47.490115+00
66602,8.13,2026-03-04 19:55:03.560389+00
66603,9.14,2026-03-04 19:56:16.414533+00
66604,9.88,2026-03-04 19:57:39.241934+00
66605,8.43,2026-03-04 19:58:40.209532+00
66606,8.28,2026-03-04 19:59:02.190674+00
66607,9.66,2026-03-04 20:01:20.15562+00
66608,9.49,2026-03-04 20:02:23.272299+00
66609,8.29,2026-03-04 20:03:36.805905+00
66610,8.88,2026-03-04 20:04:27.787725+00
66611,8.06,2026-03-04 20:05:19.959568+00
66612,9.26,2026-03-04 20:06:32.015991+00
66613,9.27,2026-03-04 20:07:47.017379+00
66614,9.87,2026-03-04 20:08:12.907205+00
66615,8.91,2026-03-04 20:09:20.942742+00
66616,9.5,2026-03-04 20:10:26.964764+00
66617,9.13,2026-03-04 20:11:26.156186+00
66618,7.99,2026-03-04 20:12:13.037427+00
66619,9.56,2026-03-04 20:13:28.061776+00
66620,9.21,2026-03-04 20:14:45.014504+00
66621,8.01,2026-03-04 20:16:14.987315+00
66622,8.3,2026-03-04 20:17:04.211639+00
66623,8.74,2026-03-04 20:18:07.702092+00
66624,8.68,2026-03-04 20:19:16.994858+00
66625,9.68,2026-03-04 20:20:36.415216+00
66626,8.88,2026-03-04 20:21:41.972895+00
66627,8.5,2026-03-04 20:22:37.885759+00
66628,9.41,2026-03-04 20:23:25.891748+00
66629,9.35,2026-03-04 20:24:23.882618+00
66630,8.43,2026-03-04 20:25:15.848332+00
66631,9.08,2026-03-04 20:26:11.202711+00
66632,8.14,2026-03-04 20:27:01.993719+00
66633,8.72,2026-03-04 20:28:04.375801+00
66634,8.47,2026-03-04 20:29:34.1662+00
66635,9.13,2026-03-04 20:30:12.094661+00
66636,8.9,2026-03-04 20:32:45.47793+00
66637,9.4,2026-03-04 20:33:08.388841+00
66638,7.54,2026-03-04 20:34:01.744518+00
66639,7.5,2026-03-04 20:35:26.101013+00
66640,7.55,2026-03-04 20:36:25.245624+00
66641,9.15,2026-03-04 20:37:46.267959+00
66642,8.73,2026-03-04 20:38:30.982941+00
66643,7.99,2026-03-04 20:39:43.001816+00
66644,8.07,2026-03-04 20:40:25.439145+00
66645,9.01,2026-03-04 20:41:33.619965+00
66646,8.14,2026-03-04 20:42:35.089313+00
66647,9.49,2026-03-04 20:43:24.049527+00
66648,7.92,2026-03-04 20:44:46.461726+00
66649,8.8,2026-03-04 20:46:16.325532+00
66650,7.54,2026-03-04 20:47:40.071436+00
66651,7.57,2026-03-04 20:48:41.901725+00
66652,8.23,2026-03-04 20:49:27.343084+00
66653,8.89,2026-03-04 20:50:43.638811+00
66654,8.89,2026-03-04 20:51:05.469646+00
66655,9.25,2026-03-04 20:52:49.909382+00
66656,8.96,2026-03-04 20:53:02.598501+00
66657,8.58,2026-03-04 20:54:47.341282+00
66658,7.62,2026-03-04 20:55:02.89092+00
66659,7.6,2026-03-04 20:56:05.772357+00
66660,8.53,2026-03-04 20:57:26.96542+00
66661,7.79,2026-03-04 20:58:13.472519+00
66662,7.72,2026-03-04 20:59:15.072303+00
66663,8.73,2026-03-04 21:01:48.615229+00
66664,8.54,2026-03-04 21:02:38.757893+00
66665,8.36,2026-03-04 21:03:34.359369+00
66666,8.89,2026-03-04 21:05:19.997831+00
66667,8.18,2026-03-04 21:06:19.346809+00
66668,9.17,2026-03-04 21:07:19.254702+00
66669,9.3,2026-03-04 21:08:21.316638+00
66670,8.6,2026-03-04 21:09:28.003924+00
66671,8.26,2026-03-04 21:11:18.397128+00
66672,8.95,2026-03-04 21:12:14.398389+00
66673,7.95,2026-03-04 21:13:37.578304+00
66674,8.16,2026-03-04 21:14:05.379568+00
66675,9.1,2026-03-04 21:15:34.690663+00
66676,9.34,2026-03-04 21:16:25.864321+00
66677,8.22,2026-03-04 21:17:37.271384+00
66678,9.39,2026-03-04 21:18:09.097987+00
66679,8.74,2026-03-04 21:19:45.359424+00
66680,8.7,2026-03-04 21:20:06.744593+00
66681,8.47,2026-03-04 21:21:05.481835+00
66682,9.28,2026-03-04 21:22:39.996456+00
66683,8.37,2026-03-04 21:23:07.05279+00
66684,7.43,2026-03-04 21:24:16.342357+00
66685,8.61,2026-03-04 21:25:44.099501+00
66686,8.26,2026-03-04 21:27:30.256632+00
66687,7.62,2026-03-04 21:28:09.757507+00
66688,8.11,2026-03-04 21:29:06.160058+00
66689,7.6,2026-03-04 21:30:39.108396+00
66690,9.08,2026-03-04 21:31:12.367245+00
66691,7.46,2026-03-04 21:32:18.65462+00
66692,7.45,2026-03-04 21:33:18.242871+00
66693,9.18,2026-03-04 21:34:46.437461+00
66694,7.92,2026-03-04 21:35:22.194921+00
66695,8.1,2026-03-04 21:36:36.174149+00
66696,8.73,2026-03-04 21:37:20.552186+00
66697,8.65,2026-03-04 21:38:39.658308+00
66698,8.69,2026-03-04 21:39:35.116073+00
66699,8.26,2026-03-04 21:41:10.933696+00
66700,9.18,2026-03-04 21:42:27.422118+00
66701,9.34,2026-03-04 21:43:23.494187+00
66702,7.84,2026-03-04 21:44:18.319808+00
66703,7.65,2026-03-04 21:45:36.90568+00
66704,8.06,2026-03-04 21:46:05.62831+00
66705,7.59,2026-03-04 21:47:29.247078+00
66706,8.36,2026-03-04 21:48:03.530946+00
66707,9,2026-03-04 21:49:11.464455+00
66708,8.66,2026-03-04 21:50:02.733902+00
66709,9.34,2026-03-04 21:51:34.409687+00
66710,9.12,2026-03-04 21:52:15.946721+00
66711,7.94,2026-03-04 21:53:04.538168+00
66712,8.47,2026-03-04 21:54:31.947571+00
66713,8.7,2026-03-04 21:56:38.139434+00
66714,7.59,2026-03-04 21:57:03.370901+00
66715,9.19,2026-03-04 21:58:46.823704+00
66716,9.31,2026-03-04 21:59:00.041743+00
66717,8.49,2026-03-04 22:00:01.730652+00
66718,8.37,2026-03-04 22:01:34.685756+00
66719,7.47,2026-03-04 22:03:48.912751+00
66720,7.39,2026-03-04 22:04:04.141121+00
66721,8.95,2026-03-04 22:05:42.601442+00
66722,7.42,2026-03-04 22:07:28.413106+00
66723,8.38,2026-03-04 22:08:33.306932+00
66724,7.9,2026-03-04 22:09:22.192378+00
66725,8.57,2026-03-04 22:10:35.221463+00
66726,7.78,2026-03-04 22:11:06.470611+00
66727,9.03,2026-03-04 22:12:47.959585+00
66728,7.45,2026-03-04 22:13:18.338128+00
66729,8.04,2026-03-04 22:14:14.56612+00
66730,9.17,2026-03-04 22:15:10.138146+00
66731,7.49,2026-03-04 22:16:02.324581+00
66732,8.23,2026-03-04 22:17:02.195679+00
66733,8.76,2026-03-04 22:18:22.886611+00
66734,8.71,2026-03-04 22:19:22.891259+00
66735,7.56,2026-03-04 22:20:18.815641+00
66736,7.49,2026-03-04 22:21:05.086794+00
66737,9.26,2026-03-04 22:23:27.211528+00
66738,8.01,2026-03-04 22:24:18.658773+00
66739,9.24,2026-03-04 22:25:03.747146+00
66740,7.41,2026-03-04 22:26:15.546144+00
66741,9.2,2026-03-04 22:27:44.048331+00
66742,8.14,2026-03-04 22:28:21.708988+00
66743,8.65,2026-03-04 22:29:19.774712+00
66744,7.74,2026-03-04 22:30:48.157536+00
66745,8.52,2026-03-04 22:31:21.431407+00
66746,7.6,2026-03-04 22:32:08.24694+00
66747,8.53,2026-03-04 22:33:35.677347+00
66748,8.54,2026-03-04 22:34:20.885932+00
66749,8.36,2026-03-04 22:35:22.353852+00
66750,8.39,2026-03-04 22:36:43.488106+00
66751,7.84,2026-03-04 22:38:14.700933+00
66752,8.45,2026-03-04 22:39:06.108058+00
66753,7.65,2026-03-04 22:40:15.964807+00
66754,8.22,2026-03-04 22:41:10.138058+00
66755,7.42,2026-03-04 22:42:24.086424+00
66756,8.77,2026-03-04 22:43:07.933319+00
66757,8.25,2026-03-04 22:44:12.503453+00
66758,7.67,2026-03-04 22:45:40.359735+00
66759,8.18,2026-03-04 22:46:21.465796+00
66760,8.39,2026-03-04 22:47:02.125035+00
66761,8.69,2026-03-04 22:48:27.751231+00
66762,7.48,2026-03-04 22:49:47.997789+00
66763,8.59,2026-03-04 22:50:35.875988+00
66764,8.85,2026-03-04 22:51:47.054381+00
66765,9.16,2026-03-04 22:53:49.323619+00
66766,7.97,2026-03-04 22:54:47.558064+00
66767,8.71,2026-03-04 22:55:27.722982+00
66768,8.69,2026-03-04 22:56:06.515212+00
66769,7.98,2026-03-04 22:57:40.41183+00
66770,7.25,2026-03-04 22:58:28.682794+00
66771,8.35,2026-03-04 22:59:40.717467+00
66772,9.08,2026-03-04 23:00:44.001589+00
66773,8.35,2026-03-04 23:01:19.909807+00
66774,7.86,2026-03-04 23:02:28.152538+00
66775,9.1,2026-03-04 23:03:16.486003+00
66776,8.88,2026-03-04 23:04:39.317757+00
66777,7.83,2026-03-04 23:05:39.068613+00
66778,8.31,2026-03-04 23:06:07.167339+00
66779,8.25,2026-03-04 23:08:08.593534+00
66780,7.24,2026-03-04 23:09:38.468067+00
66781,9.01,2026-03-04 23:10:26.678977+00
66782,8.14,2026-03-04 23:11:49.351155+00
66783,7.26,2026-03-04 23:12:19.505961+00
66784,7.39,2026-03-04 23:13:49.326347+00
66785,7.91,2026-03-04 23:14:06.473942+00
66786,8.43,2026-03-04 23:15:25.52009+00
66787,7.58,2026-03-04 23:16:29.559506+00
66788,7.23,2026-03-04 23:17:07.111948+00
66789,8.29,2026-03-04 23:18:24.606175+00
66790,8.9,2026-03-04 23:19:48.517306+00
66791,8.11,2026-03-04 23:20:30.963316+00
66792,8.29,2026-03-04 23:22:19.195309+00
66793,8.83,2026-03-04 23:23:02.94601+00
66794,8.77,2026-03-04 23:24:12.139019+00
66795,7.5,2026-03-04 23:25:02.122178+00
66796,7.46,2026-03-04 23:26:40.252949+00
66797,8.8,2026-03-04 23:27:43.285898+00
66798,8.95,2026-03-04 23:28:10.660609+00
66799,7.93,2026-03-04 23:29:05.109393+00
66800,7.37,2026-03-04 23:30:35.012057+00
66801,7.35,2026-03-04 23:31:48.237471+00
66802,8.3,2026-03-04 23:32:24.911477+00
66803,8.19,2026-03-04 23:33:05.878358+00
66804,8.23,2026-03-04 23:34:27.574002+00
66805,9.02,2026-03-04 23:35:10.308382+00
66806,8.28,2026-03-04 23:37:03.914345+00
66807,7.59,2026-03-04 23:38:43.951757+00
66808,7.23,2026-03-04 23:39:39.834635+00
66809,8.48,2026-03-04 23:40:23.675684+00
66810,8.84,2026-03-04 23:41:41.436386+00
66811,7.98,2026-03-04 23:42:39.741259+00
66812,8.73,2026-03-04 23:43:41.213847+00
66813,7.11,2026-03-04 23:44:19.217158+00
66814,7.58,2026-03-04 23:45:11.53264+00
66815,7.46,2026-03-04 23:46:02.135653+00
66816,8.27,2026-03-04 23:47:29.365079+00
66817,8.62,2026-03-04 23:48:00.007139+00
66818,9.07,2026-03-04 23:49:23.197842+00
66819,7.27,2026-03-04 23:50:34.208957+00
66820,7.98,2026-03-04 23:52:47.386184+00
66821,7.75,2026-03-04 23:53:38.961776+00
66822,8.56,2026-03-04 23:54:45.247784+00
66823,8.96,2026-03-04 23:55:02.79537+00
66824,7.62,2026-03-04 23:56:36.574832+00
66825,7.2,2026-03-04 23:57:11.577436+00
66826,7.12,2026-03-04 23:58:12.326581+00
66827,7.36,2026-03-04 23:59:03.225111+00
66828,8.09,2026-03-05 00:00:27.214703+00
66829,8.56,2026-03-05 00:01:36.05197+00
66830,8.11,2026-03-05 00:02:19.549646+00
66831,8.89,2026-03-05 00:03:48.509982+00
66832,7.68,2026-03-05 00:04:37.95324+00
66833,8.59,2026-03-05 00:05:39.799231+00
66834,7.46,2026-03-05 00:07:10.988559+00
66835,8.06,2026-03-05 00:08:11.513288+00
66836,7.37,2026-03-05 00:09:01.114701+00
66837,8.08,2026-03-05 00:10:08.929064+00
66838,9.1,2026-03-05 00:11:47.362352+00
66839,9.14,2026-03-05 00:12:08.16039+00
66840,9.18,2026-03-05 00:13:15.10128+00
66841,8.7,2026-03-05 00:14:21.225498+00
66842,7.36,2026-03-05 00:15:27.920288+00
66843,9.03,2026-03-05 00:16:42.068648+00
66844,9.16,2026-03-05 00:17:43.201667+00
66845,8.2,2026-03-05 00:18:48.835781+00
66846,8.76,2026-03-05 00:19:16.830702+00
66847,8.14,2026-03-05 00:20:13.595933+00
66848,7.54,2026-03-05 00:22:05.767228+00
66849,9.1,2026-03-05 00:23:31.542559+00
66850,8.71,2026-03-05 00:24:35.613893+00
66851,8.03,2026-03-05 00:25:22.266537+00
66852,8.18,2026-03-05 00:26:04.741771+00
66853,8.14,2026-03-05 00:27:12.655477+00
66854,8.33,2026-03-05 00:28:17.975438+00
66855,8.78,2026-03-05 00:29:01.771641+00
66856,7.38,2026-03-05 00:30:47.34319+00
66857,7.76,2026-03-05 00:31:20.44649+00
66858,7.59,2026-03-05 00:32:25.05097+00
66859,7.33,2026-03-05 00:33:34.183627+00
66860,7.5,2026-03-05 00:34:31.755166+00
66861,8.73,2026-03-05 00:35:02.365772+00
66862,7.47,2026-03-05 00:37:07.509681+00
66863,9.16,2026-03-05 00:38:08.332464+00
66864,9.2,2026-03-05 00:40:11.17338+00
66865,7.82,2026-03-05 00:41:21.431056+00
66866,9.19,2026-03-05 00:42:46.396014+00
66867,7.37,2026-03-05 00:43:32.18708+00
66868,7.76,2026-03-05 00:44:39.571891+00
66869,7.4,2026-03-05 00:45:19.192349+00
66870,7.51,2026-03-05 00:46:12.463821+00
66871,8.95,2026-03-05 00:47:26.93+00
66872,9.12,2026-03-05 00:49:08.166449+00
66873,8.36,2026-03-05 00:50:21.624213+00
66874,7.77,2026-03-05 00:51:24.811194+00
66875,8.03,2026-03-05 00:52:27.374979+00
66876,8.59,2026-03-05 00:53:24.39264+00
66877,8.72,2026-03-05 00:54:29.468693+00
66878,8.1,2026-03-05 00:55:38.484694+00
66879,8.37,2026-03-05 00:56:15.25521+00
66880,8.24,2026-03-05 00:57:35.778296+00
66881,8.13,2026-03-05 00:58:23.435487+00
66882,7.62,2026-03-05 00:59:21.779787+00
66883,8.64,2026-03-05 01:00:31.439705+00
66884,9.06,2026-03-05 01:01:33.235654+00
66885,9.07,2026-03-05 01:03:42.754857+00
66886,8.9,2026-03-05 01:04:44.949747+00
66887,7.43,2026-03-05 01:05:48.763275+00
66888,7.63,2026-03-05 01:06:37.373436+00
66889,8.26,2026-03-05 01:07:41.44407+00
66890,7.86,2026-03-05 01:08:05.217772+00
66891,7.69,2026-03-05 01:09:38.578198+00
66892,7.61,2026-03-05 01:10:37.608455+00
66893,8.44,2026-03-05 01:11:36.479942+00
66894,9.18,2026-03-05 01:12:25.667547+00
66895,9.32,2026-03-05 01:13:06.901415+00
66896,7.42,2026-03-05 01:14:22.419117+00
66897,8.06,2026-03-05 01:15:36.25693+00
66898,7.71,2026-03-05 01:16:39.059126+00
66899,8.02,2026-03-05 01:18:42.864223+00
66900,7.68,2026-03-05 01:19:45.965718+00
66901,7.72,2026-03-05 01:20:02.562766+00
66902,7.8,2026-03-05 01:21:46.476363+00
66903,9.31,2026-03-05 01:22:15.190751+00
66904,9.31,2026-03-05 01:23:41.617037+00
66905,7.92,2026-03-05 01:24:41.261956+00
66906,8.72,2026-03-05 01:25:29.20155+00
66907,7.64,2026-03-05 01:26:19.936873+00
66908,8.78,2026-03-05 01:27:45.474315+00
66909,8.53,2026-03-05 01:28:00.095056+00
66910,9.21,2026-03-05 01:29:08.795606+00
66911,7.8,2026-03-05 01:30:05.149393+00
66912,8.02,2026-03-05 01:31:30.434444+00
66913,7.85,2026-03-05 01:32:13.854194+00
66914,8.45,2026-03-05 01:34:23.154586+00
66915,8.95,2026-03-05 01:35:29.046102+00
66916,9.14,2026-03-05 01:36:07.710889+00
66917,8.05,2026-03-05 01:37:09.667048+00
66918,8.54,2026-03-05 01:38:30.641216+00
66919,8,2026-03-05 01:39:24.6785+00
66920,8.68,2026-03-05 01:40:10.597776+00
66921,9.1,2026-03-05 01:41:49.744134+00
66922,9.19,2026-03-05 01:42:33.998723+00
66923,8.26,2026-03-05 01:43:09.11919+00
66924,8.86,2026-03-05 01:44:24.188243+00
66925,8.65,2026-03-05 01:45:48.109433+00
66926,7.57,2026-03-05 01:46:38.448831+00
66927,9.22,2026-03-05 01:47:37.809635+00
66928,8.03,2026-03-05 01:48:49.296632+00
66929,8.2,2026-03-05 01:50:42.89573+00
66930,8.48,2026-03-05 01:51:14.146142+00
66931,7.74,2026-03-05 01:52:16.959557+00
66932,8.47,2026-03-05 01:53:33.309839+00
66933,7.81,2026-03-05 01:54:16.101664+00
66934,7.41,2026-03-05 01:55:33.39207+00
66935,7.64,2026-03-05 01:56:16.200573+00
66936,8,2026-03-05 01:57:15.652633+00
66937,7.85,2026-03-05 01:58:22.954656+00
66938,8.7,2026-03-05 01:59:01.795906+00
66939,8.28,2026-03-05 02:00:06.675653+00
66940,7.76,2026-03-05 02:01:39.105694+00
66941,7.9,2026-03-05 02:02:31.383654+00
66942,8.94,2026-03-05 02:03:37.639894+00
66943,7.59,2026-03-05 02:05:11.169013+00
66944,8.93,2026-03-05 02:06:16.816957+00
66945,7.42,2026-03-05 02:07:32.721564+00
66946,7.43,2026-03-05 02:08:32.696988+00
66947,7.89,2026-03-05 02:09:33.22784+00
66948,7.69,2026-03-05 02:10:18.683354+00
66949,8.36,2026-03-05 02:11:49.396986+00
66950,8.12,2026-03-05 02:12:02.494838+00
66951,8.82,2026-03-05 02:13:24.515068+00
66952,8.04,2026-03-05 02:14:02.41693+00
66953,7.45,2026-03-05 02:15:41.964154+00
66954,8.06,2026-03-05 02:16:24.441386+00
66955,7.94,2026-03-05 02:17:40.50233+00
66956,7.67,2026-03-05 02:18:38.604673+00
66957,8.49,2026-03-05 02:20:38.059689+00
66958,7.54,2026-03-05 02:21:41.508215+00
66959,8.41,2026-03-05 02:22:30.67634+00
66960,8.7,2026-03-05 02:23:36.090678+00
66961,9.33,2026-03-05 02:24:12.902133+00
66962,7.43,2026-03-05 02:25:33.342673+00
66963,7.45,2026-03-05 02:26:21.110028+00
66964,9.26,2026-03-05 02:27:37.167341+00
66965,7.98,2026-03-05 02:28:45.318656+00
66966,8.99,2026-03-05 02:29:46.009615+00
66967,8.58,2026-03-05 02:30:47.967276+00
66968,9.1,2026-03-05 02:31:33.787306+00
66969,9.22,2026-03-05 02:32:02.927221+00
66970,7.89,2026-03-05 02:34:26.480188+00
66971,8.21,2026-03-05 02:35:37.950874+00
66972,8.02,2026-03-05 02:36:33.279771+00
66973,7.38,2026-03-05 02:37:45.509351+00
66974,7.94,2026-03-05 02:38:18.731193+00
66975,8.97,2026-03-05 02:39:17.43792+00
66976,8,2026-03-05 02:40:48.307408+00
66977,8.77,2026-03-05 02:41:40.207945+00
66978,9.23,2026-03-05 02:42:06.669871+00
66979,8.16,2026-03-05 02:43:43.387865+00
66980,8.68,2026-03-05 02:44:39.880317+00
66981,8.46,2026-03-05 02:45:48.476325+00
66982,8,2026-03-05 02:46:41.144568+00
66983,7.42,2026-03-05 02:47:41.931231+00
66984,8.47,2026-03-05 02:48:10.538767+00
66985,8.06,2026-03-05 02:50:49.890023+00
66986,9.14,2026-03-05 02:51:41.787371+00
66987,7.97,2026-03-05 02:52:15.701124+00
66988,9.05,2026-03-05 02:53:36.34874+00
66989,8.58,2026-03-05 02:54:28.393928+00
66990,8.56,2026-03-05 02:55:33.239717+00
66991,8.61,2026-03-05 02:56:41.019293+00
66992,8.73,2026-03-05 02:57:08.06921+00
66993,7.31,2026-03-05 02:58:09.786079+00
66994,8.61,2026-03-05 02:59:21.023883+00
66995,8.23,2026-03-05 03:00:00.087622+00
66996,7.4,2026-03-05 03:01:17.863603+00
66997,7.44,2026-03-05 03:02:49.669489+00
66998,8.26,2026-03-05 03:03:02.220584+00
66999,7.14,2026-03-05 03:05:31.807889+00
67000,7.37,2026-03-05 03:06:30.203468+00
67001,7.16,2026-03-05 03:07:26.41516+00
67002,8.76,2026-03-05 03:08:16.37739+00
67003,7.94,2026-03-05 03:09:15.785138+00
67004,8.8,2026-03-05 03:10:49.231806+00
67005,8.75,2026-03-05 03:11:12.108225+00
67006,8.23,2026-03-05 03:12:14.767616+00
67007,7.42,2026-03-05 03:13:12.442451+00
67008,8.55,2026-03-05 03:14:18.670619+00
67009,7.76,2026-03-05 03:15:15.713919+00
67010,7.88,2026-03-05 03:16:05.15696+00
67011,7.93,2026-03-05 03:17:28.806386+00
67012,8.18,2026-03-05 03:18:44.007491+00
67013,7.33,2026-03-05 03:20:40.585176+00
67014,8.25,2026-03-05 03:21:45.613209+00
67015,8.76,2026-03-05 03:22:14.245249+00
67016,8.15,2026-03-05 03:23:31.991956+00
67017,8.87,2026-03-05 03:24:37.086715+00
67018,7.01,2026-03-05 03:25:03.929591+00
67019,8.84,2026-03-05 03:26:36.017346+00
67020,8.13,2026-03-05 03:27:26.503293+00
67021,7.67,2026-03-05 03:28:41.275564+00
67022,8.57,2026-03-05 03:29:25.033937+00
67023,8.44,2026-03-05 03:30:39.130014+00
67024,7.2,2026-03-05 03:31:21.237738+00
67025,7.24,2026-03-05 03:32:01.235459+00
67026,7.03,2026-03-05 03:33:38.876425+00
67027,7.75,2026-03-05 03:35:02.639095+00
67028,8.02,2026-03-05 03:36:22.587475+00
67029,7.18,2026-03-05 03:37:49.669332+00
67030,8.26,2026-03-05 03:38:35.030989+00
67031,8.12,2026-03-05 03:39:11.60787+00
67032,6.91,2026-03-05 03:40:44.167617+00
67033,8.79,2026-03-05 03:41:40.371828+00
67034,7.66,2026-03-05 03:42:24.232778+00
67035,7.96,2026-03-05 03:44:40.386235+00
67036,6.86,2026-03-05 03:45:35.503595+00
67037,7.02,2026-03-05 03:47:12.852694+00
67038,8.19,2026-03-05 03:48:15.468944+00
67039,8.65,2026-03-05 03:49:06.177937+00
67040,7.47,2026-03-05 03:50:30.606825+00
67041,8.03,2026-03-05 03:51:24.506459+00
67042,8.01,2026-03-05 03:52:47.979901+00
67043,7.65,2026-03-05 03:53:43.968278+00
67044,6.99,2026-03-05 03:54:21.051301+00
67045,6.88,2026-03-05 03:55:12.238596+00
67046,7.23,2026-03-05 03:56:11.080254+00
67047,7.99,2026-03-05 03:57:19.476281+00
67048,7.83,2026-03-05 03:58:12.297335+00
67049,7.02,2026-03-05 03:59:08.451657+00
67050,6.64,2026-03-05 04:00:38.916413+00
67051,7.62,2026-03-05 04:01:28.65077+00
67052,7.73,2026-03-05 04:03:08.384616+00
67053,6.91,2026-03-05 04:04:43.308644+00
67054,6.84,2026-03-05 04:05:14.124614+00
67055,8.01,2026-03-05 04:06:45.887753+00
67056,7.17,2026-03-05 04:07:38.320592+00
67057,6.72,2026-03-05 04:08:38.683816+00
67058,7.42,2026-03-05 04:09:19.058325+00
67059,7.69,2026-03-05 04:10:42.713387+00
67060,8,2026-03-05 04:11:29.784879+00
67061,6.64,2026-03-05 04:12:36.029239+00
67062,8.45,2026-03-05 04:13:41.625634+00
67063,6.69,2026-03-05 04:14:24.709822+00
67064,7.4,2026-03-05 04:15:09.352355+00
67065,6.65,2026-03-05 04:16:13.962551+00
67066,7.74,2026-03-05 04:17:23.195838+00
67067,6.81,2026-03-05 04:19:46.791694+00
67068,7.19,2026-03-05 04:20:37.18384+00
67069,7.17,2026-03-05 04:21:36.54028+00
67070,6.73,2026-03-05 04:22:27.80028+00
67071,7.85,2026-03-05 04:23:31.218636+00
67072,8.46,2026-03-05 04:24:30.073506+00
67073,7.13,2026-03-05 04:25:46.194782+00
67074,6.65,2026-03-05 04:26:28.512557+00
67075,6.76,2026-03-05 04:27:45.188921+00
67076,8.52,2026-03-05 04:28:08.927955+00
67077,7.05,2026-03-05 04:29:33.286695+00
67078,8.35,2026-03-05 04:30:44.477844+00
67079,7.4,2026-03-05 04:31:20.460024+00
67080,7.99,2026-03-05 04:32:36.063787+00
67081,8.49,2026-03-05 04:34:12.902561+00
67082,7.11,2026-03-05 04:35:11.099488+00
67083,6.63,2026-03-05 04:36:11.893741+00
67084,6.62,2026-03-05 04:37:39.572687+00
67085,8.2,2026-03-05 04:38:27.988887+00
67086,6.86,2026-03-05 04:39:36.375731+00
67087,7.83,2026-03-05 04:40:05.169716+00
67088,6.53,2026-03-05 04:41:48.582269+00
67089,6.67,2026-03-05 04:42:21.07954+00
67090,7.92,2026-03-05 04:43:10.506585+00
67091,6.57,2026-03-05 04:44:42.268099+00
67092,7.03,2026-03-05 04:45:34.004662+00
67093,6.83,2026-03-05 04:46:36.74881+00
67094,7.89,2026-03-05 04:47:07.61696+00
67095,7.64,2026-03-05 04:49:05.096327+00
67096,7.68,2026-03-05 04:50:49.980482+00
67097,8.22,2026-03-05 04:51:31.919412+00
67098,6.79,2026-03-05 04:52:32.712935+00
67099,6.79,2026-03-05 04:53:42.550327+00
67100,6.94,2026-03-05 04:54:23.672368+00
67101,8.1,2026-03-05 04:55:36.388087+00
67102,7.54,2026-03-05 04:56:37.690918+00
67103,7.48,2026-03-05 04:57:47.075588+00
67104,6.72,2026-03-05 04:58:40.151745+00
67105,7.4,2026-03-05 04:59:31.117626+00
67106,6.47,2026-03-05 05:00:37.991703+00
67107,8.07,2026-03-05 05:01:14.55081+00
67108,7.58,2026-03-05 05:02:31.865507+00
67109,7.39,2026-03-05 05:04:27.509302+00
67110,7.89,2026-03-05 05:05:38.79323+00
67111,7.17,2026-03-05 05:06:39.556149+00
67112,6.89,2026-03-05 05:07:00.329308+00
67113,7.82,2026-03-05 05:08:12.31177+00
67114,6.7,2026-03-05 05:09:04.848659+00
67115,6.95,2026-03-05 05:10:45.05567+00
67116,7.55,2026-03-05 05:11:41.293044+00
67117,7.65,2026-03-05 05:12:38.624772+00
67118,7.87,2026-03-05 05:13:09.074515+00
67119,7.98,2026-03-05 05:14:06.680575+00
67120,6.58,2026-03-05 05:15:03.53365+00
67121,8.24,2026-03-05 05:16:37.024324+00
67122,7.24,2026-03-05 05:17:28.34793+00
67123,7.92,2026-03-05 05:19:00.765861+00
67124,6.42,2026-03-05 05:20:18.898153+00
67125,6.65,2026-03-05 05:21:17.704565+00
67126,7.85,2026-03-05 05:22:29.662539+00
67127,7.48,2026-03-05 05:23:01.973373+00
67128,6.56,2026-03-05 05:24:31.116937+00
67129,8.12,2026-03-05 05:25:38.855811+00
67130,7.87,2026-03-05 05:26:13.716588+00
67131,6.64,2026-03-05 05:27:33.326288+00
67132,6.66,2026-03-05 05:28:47.77852+00
67133,8.13,2026-03-05 05:29:24.987722+00
67134,6.14,2026-03-05 05:30:24.609124+00
67135,6.44,2026-03-05 05:31:02.09405+00
67136,6.22,2026-03-05 05:32:42.152489+00
67137,7.71,2026-03-05 05:34:00.394709+00
67138,7.27,2026-03-05 05:35:23.044448+00
67139,7.75,2026-03-05 05:36:47.888382+00
67140,8.04,2026-03-05 05:37:14.85345+00
67141,7.07,2026-03-05 05:38:07.483904+00
67142,7.65,2026-03-05 05:39:19.282233+00
67143,6.29,2026-03-05 05:40:24.820459+00
67144,7.58,2026-03-05 05:41:01.612875+00
67145,7.85,2026-03-05 05:42:16.139018+00
67146,7.09,2026-03-05 05:43:44.286958+00
67147,7.7,2026-03-05 05:44:48.284443+00
67148,7.36,2026-03-05 05:45:07.568846+00
67149,7.95,2026-03-05 05:46:29.969018+00
67150,6.74,2026-03-05 05:47:19.461888+00
67151,7.79,2026-03-05 05:48:19.025314+00
67152,7.06,2026-03-05 05:50:41.647265+00
67153,7.97,2026-03-05 05:51:46.112259+00
67154,6.53,2026-03-05 05:52:40.365651+00
67155,6.73,2026-03-05 05:53:09.408482+00
67156,6.8,2026-03-05 05:54:45.448762+00
67157,7.02,2026-03-05 05:55:28.321694+00
67158,8.06,2026-03-05 05:56:34.239721+00
67159,7.28,2026-03-05 05:57:09.675465+00
67160,7.28,2026-03-05 05:58:49.791569+00
67161,7.68,2026-03-05 05:59:34.579283+00
67162,7.97,2026-03-05 06:00:12.594575+00
67163,7.59,2026-03-05 06:01:01.072093+00
67164,6.92,2026-03-05 06:02:40.866395+00
67165,6.63,2026-03-05 06:03:39.937907+00
67166,6.42,2026-03-05 06:05:06.605245+00
67167,6.69,2026-03-05 06:06:29.214461+00
67168,7.81,2026-03-05 06:07:19.051702+00
67169,6.08,2026-03-05 06:08:34.624349+00
67170,6.15,2026-03-05 06:09:31.414765+00
67171,7.88,2026-03-05 06:10:06.284595+00
67172,6.02,2026-03-05 06:11:02.077397+00
67173,7.22,2026-03-05 06:12:09.724821+00
67174,7.49,2026-03-05 06:13:32.289223+00
67175,6.88,2026-03-05 06:14:39.210982+00
67176,7.43,2026-03-05 06:15:02.853107+00
67177,6.35,2026-03-05 06:16:36.447867+00
67178,7.45,2026-03-05 06:17:07.804873+00
67179,7,2026-03-05 06:18:34.10334+00
67180,7.29,2026-03-05 06:20:22.032521+00
67181,6.57,2026-03-05 06:21:43.969363+00
67182,6.45,2026-03-05 06:22:20.643815+00
67183,6.05,2026-03-05 06:23:20.926022+00
67184,7.45,2026-03-05 06:24:13.699993+00
67185,7.53,2026-03-05 06:25:25.611865+00
67186,6.82,2026-03-05 06:26:27.11738+00
67187,6.91,2026-03-05 06:27:01.928738+00
67188,5.91,2026-03-05 06:28:35.416141+00
67189,6.27,2026-03-05 06:29:22.16542+00
67190,6.62,2026-03-05 06:30:06.401373+00
67191,7.47,2026-03-05 06:31:03.708099+00
67192,5.91,2026-03-05 06:32:25.257014+00
67193,7.1,2026-03-05 06:33:40.017314+00
67194,5.94,2026-03-05 06:35:02.601139+00
67195,6.76,2026-03-05 06:36:26.698972+00
67196,7.65,2026-03-05 06:37:48.755296+00
67197,7.24,2026-03-05 06:38:27.450949+00
67198,6.15,2026-03-05 06:39:08.125484+00
67199,6.07,2026-03-05 06:40:43.981294+00
67200,5.88,2026-03-05 06:41:37.868754+00
67201,6.35,2026-03-05 06:42:19.519595+00
67202,6.64,2026-03-05 06:43:27.124239+00
67203,6.63,2026-03-05 06:44:27.672908+00
67204,7.55,2026-03-05 06:45:14.183769+00
67205,7.34,2026-03-05 06:46:21.697272+00
67206,7.08,2026-03-05 06:47:38.27442+00
67207,7.19,2026-03-05 06:48:09.791745+00
67208,6.89,2026-03-05 06:50:20.155528+00
67209,6.81,2026-03-05 06:51:06.813331+00
67210,7.11,2026-03-05 06:52:34.140578+00
67211,5.84,2026-03-05 06:53:22.113499+00
67212,7.46,2026-03-05 06:54:06.155724+00
67213,6.72,2026-03-05 06:55:15.520749+00
67214,5.81,2026-03-05 06:56:45.786851+00
67215,7.71,2026-03-05 06:57:04.415368+00
67216,6.32,2026-03-05 06:58:41.133272+00
67217,6.11,2026-03-05 06:59:16.1768+00
67218,6.1,2026-03-05 07:00:01.543595+00
67219,7.26,2026-03-05 07:01:02.267948+00
67220,5.84,2026-03-05 07:03:34.527776+00
67221,7.26,2026-03-05 07:04:10.052008+00
67222,7.24,2026-03-05 07:05:30.623309+00
67223,6.47,2026-03-05 07:06:26.746698+00
67224,6.58,2026-03-05 07:07:04.873856+00
67225,6.85,2026-03-05 07:08:04.783718+00
67226,6.46,2026-03-05 07:09:34.031636+00
67227,6.2,2026-03-05 07:10:03.786048+00
67228,5.85,2026-03-05 07:11:38.072763+00
67229,5.88,2026-03-05 07:12:28.201037+00
67230,7.18,2026-03-05 07:13:20.315928+00
67231,6.8,2026-03-05 07:14:28.896172+00
67232,6.82,2026-03-05 07:15:14.172525+00
67233,7.46,2026-03-05 07:16:23.700082+00
67234,6.99,2026-03-05 07:18:36.697164+00
67235,7.03,2026-03-05 07:19:14.601948+00
67236,7.32,2026-03-05 07:20:27.755063+00
67237,7.47,2026-03-05 07:21:45.211404+00
67238,5.91,2026-03-05 07:22:24.727206+00
67239,6.3,2026-03-05 07:23:31.678942+00
67240,6.16,2026-03-05 07:24:34.030731+00
67241,6.09,2026-03-05 07:25:15.244038+00
67242,7.49,2026-03-05 07:26:44.997859+00
67243,5.94,2026-03-05 07:27:15.451702+00
67244,7.24,2026-03-05 07:28:42.108858+00
67245,5.89,2026-03-05 07:29:41.427022+00
67246,7.15,2026-03-05 07:30:37.963913+00
67247,6.52,2026-03-05 07:31:03.119798+00
67248,6.02,2026-03-05 07:32:46.449304+00
67249,6.84,2026-03-05 07:34:08.90219+00
67250,6.89,2026-03-05 07:35:24.120149+00
67251,6.79,2026-03-05 07:36:01.812851+00
67252,6.71,2026-03-05 07:37:30.188143+00
67253,6.1,2026-03-05 07:38:34.64874+00
67254,7.3,2026-03-05 07:39:46.352076+00
67255,7.54,2026-03-05 07:40:10.652786+00
67256,7.63,2026-03-05 07:41:37.691397+00
67257,6.25,2026-03-05 07:42:03.900876+00
67258,6.23,2026-03-05 07:43:02.349263+00
67259,6.19,2026-03-05 07:44:20.49146+00
67260,6.98,2026-03-05 07:45:34.612138+00
67261,6.31,2026-03-05 07:46:06.450253+00
67262,7.87,2026-03-05 07:47:41.902313+00
67263,6.17,2026-03-05 07:48:44.797936+00
67264,6.1,2026-03-05 07:50:49.488944+00
67265,6.79,2026-03-05 07:51:28.844746+00
67266,6.87,2026-03-05 07:52:18.677383+00
67267,6.99,2026-03-05 07:53:27.090855+00
67268,6.87,2026-03-05 07:54:32.980515+00
67269,6.85,2026-03-05 07:55:38.541476+00
67270,6.17,2026-03-05 07:56:37.128062+00
67271,7.29,2026-03-05 07:57:30.808317+00
67272,7.48,2026-03-05 07:58:22.6152+00
67273,5.98,2026-03-05 07:59:25.233559+00
67274,7.73,2026-03-05 08:02:23.882673+00
67275,7.2,2026-03-05 08:03:04.020648+00
67276,7.69,2026-03-05 08:04:32.364984+00
67277,6.3,2026-03-05 08:05:26.919016+00
67278,7.72,2026-03-05 08:06:34.670698+00
67279,6.12,2026-03-05 08:07:39.439394+00
67280,6.38,2026-03-05 08:08:36.745679+00
67281,7.74,2026-03-05 08:09:07.327836+00
67282,6.24,2026-03-05 08:10:37.338362+00
67283,6.99,2026-03-05 08:11:45.920562+00
67284,7.93,2026-03-05 08:12:03.688948+00
67285,6.13,2026-03-05 08:13:06.301731+00
67286,8.08,2026-03-05 08:15:15.583873+00
67287,6.66,2026-03-05 08:16:47.966889+00
67288,8.39,2026-03-05 08:17:34.347398+00
67289,7.91,2026-03-05 08:18:20.272206+00
67290,8.16,2026-03-05 08:19:29.166688+00
67291,6.58,2026-03-05 08:20:34.36495+00
67292,7.34,2026-03-05 08:21:20.604808+00
67293,8.07,2026-03-05 08:22:39.920989+00
67294,6.86,2026-03-05 08:23:27.775162+00
67295,7.96,2026-03-05 08:24:40.680441+00
67296,6.26,2026-03-05 08:25:23.054486+00
67297,7.95,2026-03-05 08:26:49.118934+00
67298,7.9,2026-03-05 08:27:16.99423+00
67299,7.68,2026-03-05 08:28:00.41149+00
67300,8.53,2026-03-05 08:30:31.897346+00
67301,7.58,2026-03-05 08:31:21.179558+00
67302,7.29,2026-03-05 08:32:36.141401+00
67303,8.29,2026-03-05 08:33:05.500921+00
67304,7.69,2026-03-05 08:34:27.238529+00
67305,8.59,2026-03-05 08:35:31.366304+00
67306,6.68,2026-03-05 08:36:19.987558+00
67307,7.97,2026-03-05 08:37:12.55788+00
67308,8.07,2026-03-05 08:38:04.979773+00
67309,7.78,2026-03-05 08:39:06.091156+00
67310,7.72,2026-03-05 08:40:42.357554+00
67311,8.49,2026-03-05 08:41:12.06477+00
67312,7.21,2026-03-05 08:42:49.271375+00
67313,7.19,2026-03-05 08:43:26.594513+00
67314,7.81,2026-03-05 08:45:37.351232+00
67315,8.41,2026-03-05 08:46:44.342756+00
67316,8.71,2026-03-05 08:47:42.870971+00
67317,7.89,2026-03-05 08:48:42.772443+00
67318,8.22,2026-03-05 08:49:07.403953+00
67319,7.58,2026-03-05 08:50:24.753001+00
67320,7.03,2026-03-05 08:51:49.501636+00
67321,8.41,2026-03-05 08:52:36.627716+00
67322,7.6,2026-03-05 08:53:27.189955+00
67323,7.01,2026-03-05 08:54:10.022035+00
67324,7.18,2026-03-05 08:55:48.795642+00
67325,7.49,2026-03-05 08:56:00.327776+00
67326,8.17,2026-03-05 08:58:00.580955+00
67327,8.31,2026-03-05 08:59:09.98892+00
67328,8.25,2026-03-05 09:01:09.832235+00
67329,7.59,2026-03-05 09:02:01.45506+00
67330,8.98,2026-03-05 09:03:20.44809+00
67331,7.53,2026-03-05 09:04:33.967194+00
67332,7.35,2026-03-05 09:05:00.807621+00
67333,9.16,2026-03-05 09:06:01.041272+00
67334,9.16,2026-03-05 09:07:42.654456+00
67335,8.87,2026-03-05 09:08:07.101814+00
67336,8.26,2026-03-05 09:09:46.012903+00
67337,9.13,2026-03-05 09:10:25.152593+00
67338,8.12,2026-03-05 09:11:45.752677+00
67339,8.86,2026-03-05 09:12:47.3261+00
67340,7.28,2026-03-05 09:14:39.042028+00
67341,7.69,2026-03-05 09:15:21.55253+00
67342,9.25,2026-03-05 09:16:17.193539+00
67343,9.49,2026-03-05 09:17:29.173738+00
67344,8.67,2026-03-05 09:18:07.103574+00
67345,9.02,2026-03-05 09:19:21.156197+00
67346,8.18,2026-03-05 09:20:08.17224+00
67347,8.8,2026-03-05 09:21:35.054764+00
67348,7.63,2026-03-05 09:22:22.498325+00
67349,8.34,2026-03-05 09:23:33.871037+00
67350,8.3,2026-03-05 09:24:15.37341+00
67351,8.44,2026-03-05 09:25:11.046817+00
67352,8.28,2026-03-05 09:26:04.563+00
67353,9.24,2026-03-05 09:27:15.642757+00
67354,7.77,2026-03-05 09:29:44.72585+00
67355,10.06,2026-03-05 09:30:34.985391+00
67356,8.58,2026-03-05 09:31:17.577393+00
67357,9.73,2026-03-05 09:32:18.174774+00
67358,9.79,2026-03-05 09:33:04.914178+00
67359,9.25,2026-03-05 09:34:18.516183+00
67360,8.13,2026-03-05 09:35:28.53422+00
67361,8.61,2026-03-05 09:36:25.617891+00
67362,8.23,2026-03-05 09:37:38.575809+00
67363,9.04,2026-03-05 09:38:37.454121+00
67364,9.52,2026-03-05 09:39:02.635026+00
67365,8.53,2026-03-05 09:40:00.460824+00
67366,9.61,2026-03-05 09:41:01.169751+00
67367,9.98,2026-03-05 09:42:00.383973+00
67368,9.74,2026-03-05 09:44:35.858491+00
67369,9.62,2026-03-05 09:45:20.176663+00
67370,8.6,2026-03-05 09:46:10.556465+00
67371,10.42,2026-03-05 09:47:02.115905+00
67372,9.08,2026-03-05 09:48:25.73704+00
67373,9.28,2026-03-05 09:49:49.192757+00
67374,9.41,2026-03-05 09:50:35.398025+00
67375,9.06,2026-03-05 09:51:21.693627+00
67376,10.32,2026-03-05 09:52:12.227001+00
67377,10.38,2026-03-05 09:53:10.286984+00
67378,8.68,2026-03-05 09:54:22.349442+00
67379,9.69,2026-03-05 09:55:35.884586+00
67380,9.29,2026-03-05 09:56:13.737289+00
67381,10.02,2026-03-05 09:57:20.29184+00
67382,9.26,2026-03-05 09:59:16.795947+00
67383,10.7,2026-03-05 10:00:05.393759+00
67384,10.76,2026-03-05 10:01:30.232928+00
67385,10.05,2026-03-05 10:02:22.798263+00
67386,10.84,2026-03-05 10:03:38.431985+00
67387,10.65,2026-03-05 10:04:38.063527+00
67388,9.63,2026-03-05 10:05:32.962981+00
67389,9.58,2026-03-05 10:06:28.7168+00
67390,10.13,2026-03-05 10:07:43.941682+00
67391,10.08,2026-03-05 10:08:22.93853+00
67392,9.24,2026-03-05 10:09:28.027985+00
67393,10.45,2026-03-05 10:10:22.950923+00
67394,9.33,2026-03-05 10:11:21.840635+00
67395,9.08,2026-03-05 10:13:37.674215+00
67396,9.8,2026-03-05 10:14:36.063496+00
67397,11.38,2026-03-05 10:15:21.743064+00
67398,10.86,2026-03-05 10:16:25.543405+00
67399,11.26,2026-03-05 10:17:22.915136+00
67400,11.33,2026-03-05 10:18:10.214514+00
67401,10.41,2026-03-05 10:19:24.119051+00
67402,10.75,2026-03-05 10:20:27.097859+00
67403,9.67,2026-03-05 10:21:04.566173+00
67404,9.52,2026-03-05 10:22:20.965926+00
67405,9.89,2026-03-05 10:23:03.882557+00
67406,11.39,2026-03-05 10:24:36.134716+00
67407,10.36,2026-03-05 10:25:24.057682+00
67408,9.6,2026-03-05 10:26:37.153538+00
67409,10.83,2026-03-05 10:28:19.502927+00
67410,11.14,2026-03-05 10:29:29.841361+00
67411,10.02,2026-03-05 10:30:39.150181+00
67412,10.94,2026-03-05 10:31:09.396246+00
67413,10.35,2026-03-05 10:32:04.64322+00
67414,10.16,2026-03-05 10:33:12.441765+00
67415,10.49,2026-03-05 10:34:27.664526+00
67416,10.12,2026-03-05 10:35:33.557278+00
67417,10.87,2026-03-05 10:36:43.411045+00
67418,11.76,2026-03-05 10:37:06.388255+00
67419,10.95,2026-03-05 10:38:27.186761+00
67420,11.5,2026-03-05 10:39:00.73779+00
67421,10.4,2026-03-05 10:40:38.763083+00
67422,11.89,2026-03-05 10:41:24.44611+00
67423,11.57,2026-03-05 10:42:49.700492+00
67424,11.44,2026-03-05 10:44:34.996024+00
67425,12.01,2026-03-05 10:45:09.451004+00
67426,12.47,2026-03-05 10:46:00.217414+00
67427,10.64,2026-03-05 10:47:44.09606+00
67428,10.84,2026-03-05 10:48:18.096545+00
67429,10.88,2026-03-05 10:49:40.329255+00
67430,10.97,2026-03-05 10:50:02.588588+00
67431,10.48,2026-03-05 10:51:19.241954+00
67432,10.71,2026-03-05 10:52:46.908816+00
67433,10.32,2026-03-05 10:53:35.574026+00
67434,11.51,2026-03-05 10:54:32.692312+00
67435,11.45,2026-03-05 10:55:18.190039+00
67436,10.28,2026-03-05 10:56:02.586419+00
67437,11.39,2026-03-05 10:58:28.32441+00
67438,10.38,2026-03-05 10:59:00.391251+00
67439,12.21,2026-03-05 11:01:16.202348+00
67440,12.26,2026-03-05 11:02:04.193164+00
67441,11.53,2026-03-05 11:03:36.512941+00
67442,11.88,2026-03-05 11:04:49.623986+00
67443,10.66,2026-03-05 11:05:26.212662+00
67444,11.6,2026-03-05 11:06:14.249167+00
67445,11.53,2026-03-05 11:07:19.643466+00
67446,12.3,2026-03-05 11:08:12.410876+00
67447,11.04,2026-03-05 11:09:23.043576+00
67448,12.26,2026-03-05 11:10:44.467037+00
67449,11.88,2026-03-05 11:11:03.973102+00
67450,12.34,2026-03-05 11:12:30.828104+00
67451,10.79,2026-03-05 11:14:37.792497+00
67452,13.06,2026-03-05 11:15:39.381574+00
67453,12.37,2026-03-05 11:16:16.742376+00
67454,12.25,2026-03-05 11:17:46.47853+00
67455,11.72,2026-03-05 11:18:39.232432+00
67456,11.67,2026-03-05 11:19:13.430585+00
67457,13.12,2026-03-05 11:20:04.585373+00
67458,12.97,2026-03-05 11:21:41.716154+00
67459,11.33,2026-03-05 11:22:27.335976+00
67460,12,2026-03-05 11:23:10.223553+00
67461,12.35,2026-03-05 11:24:43.105279+00
67462,11.49,2026-03-05 11:25:27.669921+00
67463,11.29,2026-03-05 11:26:29.94807+00
67464,11.15,2026-03-05 11:27:28.989012+00
67465,10.99,2026-03-05 11:28:36.6761+00
67466,12.35,2026-03-05 11:30:06.809344+00
67467,12.25,2026-03-05 11:31:13.783281+00
67468,12.52,2026-03-05 11:32:14.931796+00
67469,12.16,2026-03-05 11:33:08.69815+00
67470,12.32,2026-03-05 11:34:48.663052+00
67471,13.54,2026-03-05 11:35:37.758857+00
67472,12.3,2026-03-05 11:36:02.417004+00
67473,12.64,2026-03-05 11:37:10.695427+00
67474,11.98,2026-03-05 11:38:16.081909+00
67475,12.36,2026-03-05 11:39:32.12969+00
67476,12.9,2026-03-05 11:40:36.304964+00
67477,12.09,2026-03-05 11:41:25.502936+00
67478,12.81,2026-03-05 11:42:31.626049+00
67479,13.02,2026-03-05 11:44:23.083648+00
67480,12.95,2026-03-05 11:45:16.439804+00
67481,12.34,2026-03-05 11:46:39.13506+00
67482,12.37,2026-03-05 11:47:11.898862+00
67483,13.64,2026-03-05 11:48:20.310506+00
67484,12.7,2026-03-05 11:49:05.048321+00
67485,13.54,2026-03-05 11:50:23.309147+00
67486,13.03,2026-03-05 11:51:12.318183+00
67487,13.79,2026-03-05 11:52:18.072623+00
67488,13.04,2026-03-05 11:53:32.547648+00
67489,13.42,2026-03-05 11:54:37.955604+00
67490,13.21,2026-03-05 11:55:30.197343+00
67491,12.3,2026-03-05 11:56:13.70099+00
67492,13.75,2026-03-05 11:58:18.926884+00
67493,14.06,2026-03-05 11:59:37.201477+00
67494,13.25,2026-03-05 12:00:47.060186+00
67495,14.27,2026-03-05 12:01:25.151413+00
67496,12.96,2026-03-05 12:02:29.284676+00
67497,12.87,2026-03-05 12:03:09.347874+00
67498,13.87,2026-03-05 12:04:03.049891+00
67499,13.13,2026-03-05 12:05:31.607414+00
67500,12.84,2026-03-05 12:06:27.645241+00
67501,14.15,2026-03-05 12:07:30.087494+00
67502,13.79,2026-03-05 12:08:20.165525+00
67503,14.37,2026-03-05 12:09:26.632964+00
67504,13.31,2026-03-05 12:10:01.624579+00
67505,13.3,2026-03-05 12:11:37.158942+00
67506,12.67,2026-03-05 12:13:14.214577+00
67507,13.96,2026-03-05 12:14:10.465888+00
67508,13.42,2026-03-05 12:15:43.516015+00
67509,14.56,2026-03-05 12:16:49.388675+00
67510,13.51,2026-03-05 12:17:08.921495+00
67511,14.19,2026-03-05 12:18:38.338556+00
67512,14.8,2026-03-05 12:19:31.961763+00
67513,14.91,2026-03-05 12:20:24.912823+00
67514,13.53,2026-03-05 12:21:39.583933+00
67515,14.7,2026-03-05 12:22:33.399536+00
67516,14.7,2026-03-05 12:23:01.658884+00
67517,14.74,2026-03-05 12:24:33.721384+00
67518,13.39,2026-03-05 12:25:22.498084+00
67519,13.8,2026-03-05 12:26:20.523954+00
67520,13.77,2026-03-05 12:28:49.055701+00
67521,15.11,2026-03-05 12:29:45.762147+00
67522,15.65,2026-03-05 12:30:33.234859+00
67523,15.26,2026-03-05 12:31:23.451041+00
67524,15.64,2026-03-05 12:32:47.4796+00
67525,13.97,2026-03-05 12:33:22.193335+00
67526,14.2,2026-03-05 12:34:04.294614+00
67527,15.24,2026-03-05 12:35:29.41428+00
67528,14.32,2026-03-05 12:36:30.892407+00
67529,15.28,2026-03-05 12:37:01.381812+00
67530,14.56,2026-03-05 12:38:23.795796+00
67531,14.19,2026-03-05 12:39:44.059863+00
67532,14.59,2026-03-05 12:40:15.836772+00
67533,15.53,2026-03-05 12:41:26.272345+00
67534,15.62,2026-03-05 12:43:11.330565+00
67535,15.7,2026-03-05 12:44:44.369017+00
67536,14.39,2026-03-05 12:45:39.555272+00
67537,16.09,2026-03-05 12:46:48.936568+00
67538,14.6,2026-03-05 12:47:34.878635+00
67539,15.55,2026-03-05 12:48:02.788106+00
67540,15.37,2026-03-05 12:49:29.862836+00
67541,14.45,2026-03-05 12:50:34.066826+00
67542,15.93,2026-03-05 12:51:38.921132+00
67543,15.34,2026-03-05 12:52:41.063819+00
67544,15.53,2026-03-05 12:53:09.908476+00
67545,15.93,2026-03-05 12:54:23.828319+00
67546,14.56,2026-03-05 12:55:26.457559+00
67547,15.1,2026-03-05 12:56:03.692366+00
67548,15.65,2026-03-05 12:58:42.767305+00
67549,15.53,2026-03-05 12:59:40.940145+00
67550,16.15,2026-03-05 13:00:36.76806+00
67551,14.73,2026-03-05 13:01:42.843109+00
67552,15.7,2026-03-05 13:02:12.943108+00
67553,16.27,2026-03-05 13:03:27.16772+00
67554,15.29,2026-03-05 13:04:13.695375+00
67555,16.36,2026-03-05 13:05:34.41767+00
67556,16.02,2026-03-05 13:06:38.958294+00
67557,14.84,2026-03-05 13:07:12.865394+00
67558,14.73,2026-03-05 13:08:16.913461+00
67559,16.32,2026-03-05 13:09:05.58811+00
67560,15.82,2026-03-05 13:10:32.065303+00
67561,15.87,2026-03-05 13:12:14.608732+00
67562,16.58,2026-03-05 13:13:20.280652+00
67563,15.32,2026-03-05 13:14:19.827759+00
67564,15.49,2026-03-05 13:15:17.59181+00
67565,16.59,2026-03-05 13:16:32.155672+00
67566,16.98,2026-03-05 13:17:06.078867+00
67567,16.61,2026-03-05 13:18:11.440229+00
67568,16.42,2026-03-05 13:19:39.961013+00
67569,16.07,2026-03-05 13:20:01.511286+00
67570,16.61,2026-03-05 13:21:26.285222+00
67571,16.7,2026-03-05 13:22:23.476948+00
67572,15.58,2026-03-05 13:23:32.15804+00
67573,15.32,2026-03-05 13:24:05.264496+00
67574,15.5,2026-03-05 13:25:01.586237+00
67575,16.07,2026-03-05 13:27:45.096741+00
67576,16.56,2026-03-05 13:28:43.280809+00
67577,15.38,2026-03-05 13:28:28.981124+00
67578,15.18,2026-03-05 13:29:20.519795+00
67579,15.62,2026-03-05 13:31:28.940233+00
67580,16.12,2026-03-05 13:32:18.975155+00
67581,17.3,2026-03-05 13:33:23.582956+00
67582,17.14,2026-03-05 13:34:12.895001+00
67583,17.37,2026-03-05 13:35:12.219424+00
67584,17.36,2026-03-05 13:36:15.563898+00
67585,17.03,2026-03-05 13:37:38.020439+00
67586,17.2,2026-03-05 13:38:12.121971+00
67587,16.48,2026-03-05 13:39:27.939286+00
67588,15.7,2026-03-05 13:40:06.293146+00
67589,15.53,2026-03-05 13:41:28.507208+00
67590,16.01,2026-03-05 13:42:21.074388+00
67591,17.44,2026-03-05 13:44:03.301827+00
67592,16.96,2026-03-05 13:45:21.221207+00
67593,16.89,2026-03-05 13:46:01.211178+00
67594,17.09,2026-03-05 13:47:24.597795+00
67595,17.2,2026-03-05 13:48:08.48389+00
67596,17.43,2026-03-05 13:49:14.142182+00
67597,16.4,2026-03-05 13:50:45.708114+00
67598,17.26,2026-03-05 13:51:37.792977+00
67599,17.14,2026-03-05 13:52:46.192453+00
67600,17.17,2026-03-05 13:53:28.523073+00
67601,17.45,2026-03-05 13:54:06.70581+00
67602,16.83,2026-03-05 13:55:33.60076+00
67603,16.51,2026-03-05 13:56:13.280229+00
67604,15.92,2026-03-05 13:57:12.826424+00
67605,17.24,2026-03-05 13:59:20.693391+00
67606,16.19,2026-03-05 14:01:46.138727+00
67607,17.22,2026-03-05 14:02:36.7149+00
67608,17.91,2026-03-05 14:03:36.268367+00
67609,17.52,2026-03-05 14:04:34.347366+00
67610,16.51,2026-03-05 14:05:27.460854+00
67611,17.61,2026-03-05 14:06:10.258692+00
67612,17.44,2026-03-05 14:07:39.484405+00
67613,17.47,2026-03-05 14:08:12.897955+00
67614,16.48,2026-03-05 14:09:16.143259+00
67615,17.13,2026-03-05 14:10:07.611012+00
67616,17.19,2026-03-05 14:11:14.369441+00
67617,17.51,2026-03-05 14:12:25.145831+00
67618,16.31,2026-03-05 14:14:13.873028+00
67619,17.85,2026-03-05 14:15:22.798241+00
67620,16.94,2026-03-05 14:16:13.564461+00
67621,16.14,2026-03-05 14:17:46.837254+00
67622,17.81,2026-03-05 14:18:01.543865+00
67623,16.85,2026-03-05 14:19:31.215011+00
67624,17.64,2026-03-05 14:20:27.634015+00
67625,17.66,2026-03-05 14:21:23.14056+00
67626,17.6,2026-03-05 14:22:37.846072+00
67627,17.36,2026-03-05 14:23:21.25474+00
67628,16.59,2026-03-05 14:24:38.296956+00
67629,17.24,2026-03-05 14:25:00.922857+00
67630,16.71,2026-03-05 14:26:26.231339+00
67631,17.8,2026-03-05 14:27:15.434986+00
67632,18.14,2026-03-05 14:29:10.606737+00
67633,16.64,2026-03-05 14:30:16.817587+00
67634,17.91,2026-03-05 14:31:04.93954+00
67635,17.08,2026-03-05 14:32:45.746758+00
67636,18.33,2026-03-05 14:33:06.211607+00
67637,18.46,2026-03-05 14:34:47.54399+00
67638,17.79,2026-03-05 14:35:26.749188+00
67639,17.3,2026-03-05 14:36:21.597253+00
67640,17.62,2026-03-05 14:37:05.995033+00
67641,17.24,2026-03-05 14:38:00.625656+00
67642,17.25,2026-03-05 14:39:25.706326+00
67643,17.87,2026-03-05 14:40:13.833803+00
67644,18.16,2026-03-05 14:41:04.071665+00
67645,17.96,2026-03-05 14:43:16.326709+00
67646,18.29,2026-03-05 14:44:06.464823+00
67647,18.67,2026-03-05 14:45:07.513227+00
67648,17.82,2026-03-05 14:46:45.688648+00
67649,17.44,2026-03-05 14:47:20.643129+00
67650,16.84,2026-03-05 14:48:47.387187+00
67651,17.35,2026-03-05 14:49:29.123677+00
67652,17.86,2026-03-05 14:50:19.209365+00
67653,18.29,2026-03-05 14:51:19.881956+00
67654,18.28,2026-03-05 14:52:01.338979+00
67655,17.6,2026-03-05 14:53:43.013789+00
67656,18.69,2026-03-05 14:54:27.951338+00
67657,17.35,2026-03-05 14:55:43.434413+00
67658,18.38,2026-03-05 14:56:09.246579+00
67659,18.25,2026-03-05 14:58:10.640554+00
67660,17.96,2026-03-05 14:59:30.870342+00
67661,17.41,2026-03-05 15:00:13.788464+00
67662,17.24,2026-03-05 15:01:29.382646+00
67663,18.43,2026-03-05 15:02:41.220488+00
67664,18.19,2026-03-05 15:03:29.096133+00
67665,17.92,2026-03-05 15:04:41.961723+00
67666,16.9,2026-03-05 15:05:24.728682+00
67667,18.25,2026-03-05 15:06:36.449888+00
67668,18.11,2026-03-05 15:07:44.431442+00
67669,17.33,2026-03-05 15:08:36.238882+00
67670,18.13,2026-03-05 15:09:48.213753+00
67671,18.16,2026-03-05 15:10:24.890615+00
67672,18.63,2026-03-05 15:12:37.219315+00
67673,17.82,2026-03-05 15:13:33.960955+00
67674,18.4,2026-03-05 15:14:21.338525+00
67675,17.66,2026-03-05 15:15:34.902369+00
67676,17.96,2026-03-05 15:16:11.945895+00
67677,18.13,2026-03-05 15:17:37.601353+00
67678,17.32,2026-03-05 15:18:19.445057+00
67679,17.96,2026-03-05 15:19:09.43821+00
67680,17.5,2026-03-05 15:20:32.729023+00
67681,17.4,2026-03-05 15:21:26.292323+00
67682,17.84,2026-03-05 15:22:30.552751+00
67683,17.67,2026-03-05 15:23:16.222388+00
67684,17.26,2026-03-05 15:24:07.191028+00
67685,17.44,2026-03-05 15:25:32.91139+00
67686,18.35,2026-03-05 15:27:46.103575+00
67687,17.49,2026-03-05 15:28:29.007429+00
67688,16.93,2026-03-05 15:29:33.300876+00
67689,18.32,2026-03-05 15:30:26.206041+00
67690,18.53,2026-03-05 15:31:34.457531+00
67691,17,2026-03-05 15:32:22.131343+00
67692,18.41,2026-03-05 15:33:47.149838+00
67693,17.39,2026-03-05 15:34:27.423569+00
67694,17.54,2026-03-05 15:35:37.351656+00
67695,17.82,2026-03-05 15:36:12.30511+00
67696,16.79,2026-03-05 15:37:11.028968+00
67697,17.79,2026-03-05 15:38:47.510562+00
67698,16.86,2026-03-05 15:39:49.993808+00
67699,18.62,2026-03-05 15:40:41.037986+00
67700,18.38,2026-03-05 15:42:12.64351+00
67701,18.56,2026-03-05 15:43:04.260529+00
67702,18.45,2026-03-05 15:44:33.273585+00
67703,17.55,2026-03-05 15:45:25.705625+00
67704,17.82,2026-03-05 15:46:47.245918+00
67705,17.4,2026-03-05 15:47:08.856626+00
67706,18.46,2026-03-05 15:48:20.939233+00
67707,16.84,2026-03-05 15:49:33.568133+00
67708,17.55,2026-03-05 15:50:41.392503+00
67709,17.99,2026-03-05 15:51:07.557739+00
67710,17.04,2026-03-05 15:52:37.506013+00
67711,18.58,2026-03-05 15:53:08.293954+00
67712,16.71,2026-03-05 15:54:34.560407+00
67713,16.92,2026-03-05 15:56:37.827557+00
67714,17.79,2026-03-05 15:57:02.547227+00
67715,17.65,2026-03-05 15:58:17.599818+00
67716,18.47,2026-03-05 15:59:48.685174+00
67717,17.16,2026-03-05 16:00:43.709974+00
67718,16.91,2026-03-05 16:01:47.352778+00
67719,18.06,2026-03-05 16:02:32.192006+00
67720,16.92,2026-03-05 16:03:44.991196+00
67721,17.92,2026-03-05 16:04:30.730549+00
67722,16.53,2026-03-05 16:05:43.836593+00
67723,16.6,2026-03-05 16:06:17.225917+00
67724,17.81,2026-03-05 16:07:18.951525+00
67725,17.59,2026-03-05 16:08:40.219388+00
67726,17.21,2026-03-05 16:10:29.937883+00
67727,18.39,2026-03-05 16:11:33.140478+00
67728,16.83,2026-03-05 16:12:26.116204+00
67729,18.17,2026-03-05 16:13:14.053309+00
67730,17.58,2026-03-05 16:14:36.918407+00
67731,18.14,2026-03-05 16:15:26.991968+00
67732,18.04,2026-03-05 16:16:07.602467+00
67733,16.82,2026-03-05 16:17:14.896837+00
67734,17.64,2026-03-05 16:18:27.198801+00
67735,17.76,2026-03-05 16:19:34.925671+00
67736,17.02,2026-03-05 16:20:24.116794+00
67737,16.36,2026-03-05 16:21:39.152304+00
67738,17.49,2026-03-05 16:22:36.62276+00
67739,17.83,2026-03-05 16:24:39.179883+00
67740,17.26,2026-03-05 16:25:13.519337+00
67741,17.31,2026-03-05 16:26:17.198688+00
67742,17.41,2026-03-05 16:27:23.400802+00
67743,16.44,2026-03-05 16:28:40.225988+00
67744,17.73,2026-03-05 16:29:05.242311+00
67745,16.6,2026-03-05 16:30:30.331869+00
67746,17.05,2026-03-05 16:31:04.725692+00
67747,17.63,2026-03-05 16:32:24.636925+00
67748,17.4,2026-03-05 16:33:46.284747+00
67749,18.05,2026-03-05 16:34:25.164298+00
67750,17.81,2026-03-05 16:35:11.958856+00
67751,17.93,2026-03-05 16:36:24.879571+00
67752,17.24,2026-03-05 16:37:15.612723+00
67753,16.17,2026-03-05 16:39:27.192576+00
67754,17.04,2026-03-05 16:40:45.442093+00
67755,17.83,2026-03-05 16:41:22.466394+00
67756,16.35,2026-03-05 16:42:00.516793+00
67757,17.86,2026-03-05 16:43:13.068977+00
67758,18.07,2026-03-05 16:44:00.613106+00
67759,17.42,2026-03-05 16:45:31.151693+00
67760,16.97,2026-03-05 16:46:03.946277+00
67761,17.4,2026-03-05 16:47:10.771702+00
67762,17.01,2026-03-05 16:48:45.629502+00
67763,17.9,2026-03-05 16:49:00.721953+00
67764,17.75,2026-03-05 16:50:14.580681+00
67765,17.55,2026-03-05 16:51:11.727078+00
67766,18.06,2026-03-05 16:53:28.74522+00
67767,16.73,2026-03-05 16:54:02.31965+00
67768,17.52,2026-03-05 16:55:08.054313+00
67769,17.16,2026-03-05 16:56:25.589247+00
67770,17.66,2026-03-05 16:57:11.858741+00
67771,16.58,2026-03-05 16:58:49.814775+00
67772,17.3,2026-03-05 16:59:45.899263+00
67773,17.06,2026-03-05 17:00:24.708482+00
67774,17.54,2026-03-05 17:01:03.096329+00
67775,16.17,2026-03-05 17:02:14.644433+00
67776,17.2,2026-03-05 17:03:06.084358+00
67777,17.56,2026-03-05 17:04:27.681033+00
67778,16.32,2026-03-05 17:05:39.837212+00
67779,16.8,2026-03-05 17:06:16.865397+00
67780,16.67,2026-03-05 17:08:17.009283+00
67781,17.12,2026-03-05 17:09:20.143019+00
67782,16.86,2026-03-05 17:10:16.808924+00
67783,17.71,2026-03-05 17:11:25.860114+00
67784,16.38,2026-03-05 17:12:10.078832+00
67785,16.12,2026-03-05 17:13:33.919073+00
67786,16.84,2026-03-05 17:14:22.59959+00
67787,15.84,2026-03-05 17:15:18.447282+00
67788,16.21,2026-03-05 17:16:41.308746+00
67789,16.97,2026-03-05 17:17:49.32467+00
67790,16.99,2026-03-05 17:18:07.83978+00
67791,16.4,2026-03-05 17:19:15.118371+00
67792,16.06,2026-03-05 17:20:48.1322+00
67793,16.82,2026-03-05 17:21:46.62558+00
67794,17.01,2026-03-05 17:23:35.197082+00
67795,17.07,2026-03-05 17:24:44.611778+00
67796,17.17,2026-03-05 17:25:48.631565+00
67797,16.43,2026-03-05 17:26:09.936864+00
67798,16.48,2026-03-05 17:27:18.760186+00
67799,16.12,2026-03-05 17:28:45.066549+00
67800,16.81,2026-03-05 17:29:22.250629+00
67801,16.62,2026-03-05 17:30:45.009702+00
67802,15.91,2026-03-05 17:31:24.459201+00
67803,15.58,2026-03-05 17:32:02.104435+00
67804,17.27,2026-03-05 17:33:20.170123+00
67805,17.28,2026-03-05 17:34:45.345565+00
67806,16.84,2026-03-05 17:35:07.271981+00
67807,15.84,2026-03-05 17:36:33.069328+00
67808,15.59,2026-03-05 17:38:21.16342+00
67809,15.92,2026-03-05 17:39:47.376884+00
67810,16.58,2026-03-05 17:40:03.584345+00
67811,17.26,2026-03-05 17:41:01.418549+00
67812,15.49,2026-03-05 17:42:15.536196+00
67813,16.12,2026-03-05 17:43:38.143389+00
67814,16.13,2026-03-05 17:44:01.640795+00
67815,15.71,2026-03-05 17:45:19.57644+00
67816,15.38,2026-03-05 17:46:22.666469+00
67817,15.58,2026-03-05 17:47:13.351692+00
67818,15.93,2026-03-05 17:48:49.066456+00
67819,16.66,2026-03-05 17:49:06.577196+00
67820,15.37,2026-03-05 17:50:30.753635+00
67821,16.39,2026-03-05 17:51:39.191947+00
67822,14.93,2026-03-05 17:53:22.068842+00
67823,15.96,2026-03-05 17:54:40.219572+00
67824,16.63,2026-03-05 17:55:19.395301+00
67825,15.2,2026-03-05 17:56:16.583429+00
67826,16.16,2026-03-05 17:57:30.949325+00
67827,16.04,2026-03-05 17:58:06.102744+00
67828,15.59,2026-03-05 17:59:28.040705+00
67829,16.09,2026-03-05 18:00:02.849644+00
67830,15.76,2026-03-05 18:01:00.305831+00
67831,16.42,2026-03-05 18:02:21.196669+00
67832,15.79,2026-03-05 18:03:05.008454+00
67833,14.95,2026-03-05 18:04:16.726925+00
67834,14.87,2026-03-05 18:06:34.679465+00
67835,16.15,2026-03-05 18:07:45.958403+00
67836,15.36,2026-03-05 18:08:00.562228+00
67837,15.85,2026-03-05 18:09:44.149234+00
67838,16.06,2026-03-05 18:10:38.697487+00
67839,16.07,2026-03-05 18:11:39.197038+00
67840,14.86,2026-03-05 18:12:00.362925+00
67841,14.92,2026-03-05 18:13:35.446214+00
67842,14.92,2026-03-05 18:14:46.662945+00
67843,15.48,2026-03-05 18:15:46.582477+00
67844,14.59,2026-03-05 18:16:28.703937+00
67845,16.08,2026-03-05 18:17:06.860848+00
67846,14.5,2026-03-05 18:18:15.175029+00
67847,16.27,2026-03-05 18:19:34.733038+00
67848,14.96,2026-03-05 18:21:14.638646+00
67849,15.37,2026-03-05 18:22:41.291679+00
67850,14.34,2026-03-05 18:23:01.05956+00
67851,15.41,2026-03-05 18:24:40.764684+00
67852,16.11,2026-03-05 18:25:16.123472+00
67853,15.86,2026-03-05 18:26:23.451924+00
67854,16.22,2026-03-05 18:27:49.364665+00
67855,14.85,2026-03-05 18:28:06.958135+00
67856,15.77,2026-03-05 18:29:34.746435+00
67857,14.98,2026-03-05 18:30:11.218845+00
67858,15.14,2026-03-05 18:31:10.185341+00
67859,14.73,2026-03-05 18:32:38.637819+00
67860,14.4,2026-03-05 18:33:08.057535+00
67861,16.16,2026-03-05 18:34:23.99922+00
67862,15.81,2026-03-05 18:36:06.412829+00
67863,14.84,2026-03-05 18:37:17.230065+00
67864,15.31,2026-03-05 18:38:20.499706+00
67865,15.83,2026-03-05 18:39:44.544589+00
67866,14.44,2026-03-05 18:40:21.684172+00
67867,15.68,2026-03-05 18:41:34.714177+00
67868,14.76,2026-03-05 18:42:01.212244+00
67869,16.09,2026-03-05 18:43:45.131256+00
67870,14.3,2026-03-05 18:44:20.840643+00
67871,15.75,2026-03-05 18:45:26.459297+00
67872,14.91,2026-03-05 18:46:35.518987+00
67873,14.78,2026-03-05 18:47:03.216653+00
67874,15.92,2026-03-05 18:48:06.538421+00
67875,14.72,2026-03-05 18:50:02.203622+00
67876,14.14,2026-03-05 18:51:24.888556+00
67877,15.25,2026-03-05 18:52:23.149408+00
67878,15.47,2026-03-05 18:53:06.541992+00
67879,14.96,2026-03-05 18:54:24.179699+00
67880,15.01,2026-03-05 18:55:43.339531+00
67881,14.43,2026-03-05 18:56:48.647389+00
67882,15.68,2026-03-05 18:57:11.149939+00
67883,14.79,2026-03-05 18:58:20.259764+00
67884,15.67,2026-03-05 18:59:39.803184+00
67885,15.29,2026-03-05 19:00:21.590882+00
67886,15.01,2026-03-05 19:01:28.414204+00
67887,14.24,2026-03-05 19:02:26.487151+00
67888,13.87,2026-03-05 19:03:43.817927+00
67889,14.22,2026-03-05 19:05:47.134608+00
67890,14.81,2026-03-05 19:06:07.786074+00
67891,15.74,2026-03-05 19:07:07.334038+00
67892,14.93,2026-03-05 19:08:41.534685+00
67893,14.79,2026-03-05 19:09:12.57793+00
67894,14.94,2026-03-05 19:10:15.027592+00
67895,14.12,2026-03-05 19:11:27.690942+00
67896,14.52,2026-03-05 19:12:31.313304+00
67897,14.97,2026-03-05 19:13:39.269717+00
67898,14.16,2026-03-05 19:14:39.475302+00
67899,13.79,2026-03-05 19:15:42.256362+00
67900,15.65,2026-03-05 19:16:02.459257+00
67901,13.8,2026-03-05 19:17:36.395757+00
67902,15.16,2026-03-05 19:19:47.102532+00
67903,13.79,2026-03-05 19:20:35.30999+00
67904,14.56,2026-03-05 19:21:29.075868+00
67905,14.03,2026-03-05 19:22:19.738898+00
67906,15.5,2026-03-05 19:23:48.651242+00
67907,13.99,2026-03-05 19:24:00.402888+00
67908,13.91,2026-03-05 19:25:11.762019+00
67909,14.49,2026-03-05 19:26:32.846541+00
67910,14.6,2026-03-05 19:27:31.238373+00
67911,13.73,2026-03-05 19:28:31.624241+00
67912,14.26,2026-03-05 19:29:10.601098+00
67913,14.54,2026-03-05 19:30:35.464008+00
67914,15.23,2026-03-05 19:31:18.717853+00
67915,15.49,2026-03-05 19:32:29.641781+00
67916,15.52,2026-03-05 19:34:13.14923+00
67917,14.42,2026-03-05 19:35:25.778505+00
67918,13.71,2026-03-05 19:36:22.155633+00
67919,15.23,2026-03-05 19:37:15.758866+00
67920,13.98,2026-03-05 19:38:05.132165+00
67921,13.77,2026-03-05 19:39:40.108364+00
67922,14.8,2026-03-05 19:40:42.123635+00
67923,14.49,2026-03-05 19:41:39.655122+00
67924,14.26,2026-03-05 19:42:16.782976+00
67925,14.71,2026-03-05 19:43:39.748947+00
67926,14.39,2026-03-05 19:44:07.5584+00
67927,15.07,2026-03-05 19:45:07.410348+00
67928,15.49,2026-03-05 19:46:33.249219+00
67929,14.63,2026-03-05 19:47:36.892692+00
67930,14.51,2026-03-05 19:49:47.068911+00
67931,13.49,2026-03-05 19:50:29.586122+00
67932,13.35,2026-03-05 19:51:42.632819+00
67933,14.46,2026-03-05 19:52:34.296583+00
67934,14.44,2026-03-05 19:53:32.962293+00
67935,15.02,2026-03-05 19:54:40.249832+00
67936,13.65,2026-03-05 19:55:10.284211+00
67937,13.49,2026-03-05 19:56:00.227699+00
67938,13.3,2026-03-05 19:57:29.364252+00
67939,14.2,2026-03-05 19:58:01.116017+00
67940,13.55,2026-03-05 19:59:03.121725+00
67941,13.38,2026-03-05 20:00:03.421081+00
67942,13.72,2026-03-05 20:01:12.130276+00
67943,14.37,2026-03-05 20:03:13.28553+00
67944,15.01,2026-03-05 20:04:19.737119+00
67945,13.7,2026-03-05 20:05:28.224787+00
67946,14.72,2026-03-05 20:06:42.313946+00
67947,15.07,2026-03-05 20:07:04.465143+00
67948,15.02,2026-03-05 20:08:16.238679+00
67949,13.68,2026-03-05 20:09:43.514+00
67950,14.17,2026-03-05 20:10:17.366948+00
67951,13.43,2026-03-05 20:11:38.612639+00
67952,14.16,2026-03-05 20:12:17.922326+00
67953,14.17,2026-03-05 20:13:30.38097+00
67954,14.15,2026-03-05 20:14:11.798456+00
67955,14.41,2026-03-05 20:15:28.868523+00
67956,14.28,2026-03-05 20:17:49.608797+00
67957,14.76,2026-03-05 20:18:39.489146+00
67958,13.37,2026-03-05 20:19:15.857943+00
67959,13.81,2026-03-05 20:20:41.222979+00
67960,14.34,2026-03-05 20:21:37.378985+00
67961,14.79,2026-03-05 20:22:30.67767+00
67962,13.18,2026-03-05 20:23:21.315137+00
67963,14.61,2026-03-05 20:24:23.742343+00
67964,13.96,2026-03-05 20:25:00.405703+00
67965,13.78,2026-03-05 20:26:08.968562+00
67966,14.87,2026-03-05 20:27:21.532633+00
67967,14.25,2026-03-05 20:28:03.33639+00
67968,13.73,2026-03-05 20:29:23.669763+00
67969,13.23,2026-03-05 20:30:32.223585+00
67970,15.01,2026-03-05 20:32:26.23234+00
67971,15.19,2026-03-05 20:33:44.751793+00
67972,14.03,2026-03-05 20:34:06.499941+00
67973,13.84,2026-03-05 20:35:41.914096+00
67974,13.83,2026-03-05 20:36:22.859533+00
67975,15.04,2026-03-05 20:37:02.855183+00
67976,13.99,2026-03-05 20:38:40.737942+00
67977,14.91,2026-03-05 20:39:31.415642+00
67978,15.15,2026-03-05 20:40:45.414636+00
67979,14.56,2026-03-05 20:41:28.749853+00
67980,14.09,2026-03-05 20:42:01.218549+00
67981,14.15,2026-03-05 20:43:12.077534+00
67982,14.29,2026-03-05 20:44:38.439079+00
67983,14.32,2026-03-05 20:45:10.343087+00
67984,13.82,2026-03-05 20:47:17.25503+00
67985,14.17,2026-03-05 20:48:00.90084+00
67986,13.38,2026-03-05 20:49:33.333006+00
67987,13.31,2026-03-05 20:50:38.989822+00
67988,13.51,2026-03-05 20:51:44.177967+00
67989,13.71,2026-03-05 20:52:22.478767+00
67990,14.65,2026-03-05 20:53:29.338677+00
67991,13.49,2026-03-05 20:54:48.483605+00
67992,13.84,2026-03-05 20:55:34.195978+00
67993,15.11,2026-03-05 20:56:14.246131+00
67994,14.76,2026-03-05 20:57:44.525803+00
67995,13.68,2026-03-05 20:57:36.524076+00
67996,14.69,2026-03-05 20:59:49.196956+00
67997,14.03,2026-03-05 21:01:26.038753+00
67998,14.67,2026-03-05 21:02:25.729255+00
67999,14.98,2026-03-05 21:03:13.600715+00
68000,13.55,2026-03-05 21:04:03.980344+00
68001,14.63,2026-03-05 21:05:01.463836+00
68002,13.88,2026-03-05 21:06:13.099413+00
68003,14.9,2026-03-05 21:07:27.782905+00
68004,14.37,2026-03-05 21:08:02.574634+00
68005,15.14,2026-03-05 21:09:16.508586+00
68006,14.62,2026-03-05 21:10:39.223697+00
68007,13.68,2026-03-05 21:11:39.741324+00
68008,13.39,2026-03-05 21:12:29.009751+00
68009,13.89,2026-03-05 21:13:40.047867+00
68010,13.23,2026-03-05 21:15:01.903433+00
68011,13.45,2026-03-05 21:16:14.409825+00
68012,13.31,2026-03-05 21:17:33.394198+00
68013,13.22,2026-03-05 21:18:04.281891+00
68014,14.26,2026-03-05 21:19:15.713143+00
68015,14.27,2026-03-05 21:20:49.225479+00
68016,14.82,2026-03-05 21:21:05.064575+00
68017,13.28,2026-03-05 21:22:39.078164+00
68018,13.73,2026-03-05 21:23:12.564681+00
68019,14.63,2026-03-05 21:24:27.45965+00
68020,14.05,2026-03-05 21:25:06.784909+00
68021,13.88,2026-03-05 21:26:27.716366+00
68022,14.59,2026-03-05 21:27:18.660054+00
68023,13.97,2026-03-05 21:28:02.665499+00
68024,14.52,2026-03-05 21:29:11.477275+00
68025,14.69,2026-03-05 21:31:33.189558+00
68026,14.64,2026-03-05 21:32:03.613741+00
68027,15.15,2026-03-05 21:33:25.242076+00
68028,13.87,2026-03-05 21:34:35.453104+00
68029,14.63,2026-03-05 21:35:34.046084+00
68030,13.56,2026-03-05 21:36:23.165495+00
68031,14.48,2026-03-05 21:37:46.244062+00
68032,14.09,2026-03-05 21:38:32.437742+00
68033,14.81,2026-03-05 21:39:39.022432+00
68034,13.86,2026-03-05 21:40:34.526332+00
68035,15.04,2026-03-05 21:41:44.218503+00
68036,13.37,2026-03-05 21:42:37.921219+00
68037,14.89,2026-03-05 21:43:42.971837+00
68038,14.93,2026-03-05 21:44:40.843891+00
68039,13.48,2026-03-05 21:46:00.273421+00
68040,13.62,2026-03-05 21:47:41.13522+00
68041,13.48,2026-03-05 21:48:30.327761+00
68042,14.68,2026-03-05 21:49:08.358336+00
68043,15.04,2026-03-05 21:50:22.056786+00
68044,14.83,2026-03-05 21:51:15.286802+00
68045,14.4,2026-03-05 21:52:45.15515+00
68046,13.71,2026-03-05 21:53:32.147368+00
68047,13.14,2026-03-05 21:54:04.144515+00
68048,13.89,2026-03-05 21:55:37.235861+00
68049,14.5,2026-03-05 21:56:49.61135+00
68050,14.4,2026-03-05 21:57:28.843573+00
68051,14.24,2026-03-05 21:58:02.231538+00
68052,13.87,2026-03-05 21:59:13.970249+00
68053,13.75,2026-03-05 22:00:31.849917+00
68054,13.74,2026-03-05 22:02:13.431924+00
68055,14.47,2026-03-05 22:03:19.152777+00
68056,13.26,2026-03-05 22:04:27.637742+00
68057,13.36,2026-03-05 22:05:26.026981+00
68058,13.58,2026-03-05 22:06:28.200781+00
68059,13.82,2026-03-05 22:07:26.896666+00
68060,13.52,2026-03-05 22:08:24.460635+00
68061,14.77,2026-03-05 22:09:12.399766+00
68062,14.47,2026-03-05 22:10:05.038199+00
68063,14.41,2026-03-05 22:11:18.237584+00
68064,14.25,2026-03-05 22:12:14.478363+00
68065,13.04,2026-03-05 22:13:01.864314+00
68066,13.1,2026-03-05 22:14:20.785846+00
68067,13.8,2026-03-05 22:15:28.187568+00
68068,14.11,2026-03-05 22:16:13.897852+00
68069,13.16,2026-03-05 22:18:43.967366+00
68070,12.97,2026-03-05 22:19:04.617811+00
68071,13.6,2026-03-05 22:20:00.980219+00
68072,13.17,2026-03-05 22:21:02.768689+00
68073,13.63,2026-03-05 22:22:05.02019+00
68074,13.15,2026-03-05 22:23:46.375695+00
68075,14.64,2026-03-05 22:24:14.534382+00
68076,14.43,2026-03-05 22:25:21.987348+00
68077,13.53,2026-03-05 22:26:10.301309+00
68078,14.17,2026-03-05 22:27:09.359593+00
68079,13.96,2026-03-05 22:28:03.154578+00
68080,12.92,2026-03-05 22:29:03.828448+00
68081,13.36,2026-03-05 22:30:13.587422+00
68082,14.51,2026-03-05 22:32:39.634225+00
68083,13.66,2026-03-05 22:33:17.808811+00
68084,13.53,2026-03-05 22:34:27.513808+00
68085,12.74,2026-03-05 22:35:36.196763+00
68086,12.96,2026-03-05 22:36:18.934022+00
68087,14.56,2026-03-05 22:37:13.533812+00
68088,14.28,2026-03-05 22:38:00.216471+00
68089,13.97,2026-03-05 22:39:43.01481+00
68090,13.87,2026-03-05 22:40:30.903572+00
68091,14.18,2026-03-05 22:41:43.480204+00
68092,12.68,2026-03-05 22:42:38.217469+00
68093,13.43,2026-03-05 22:43:48.126893+00
68094,13.79,2026-03-05 22:44:35.104933+00
68095,13.22,2026-03-05 22:45:19.249342+00
68096,13.37,2026-03-05 22:46:05.311784+00
68097,13.76,2026-03-05 22:48:17.791928+00
68098,13.76,2026-03-05 22:49:37.025968+00
68099,13.43,2026-03-05 22:50:32.044253+00
68100,12.98,2026-03-05 22:51:18.793739+00
68101,14.34,2026-03-05 22:52:10.058921+00
68102,13.01,2026-03-05 22:53:32.97768+00
68103,14.05,2026-03-05 22:54:47.723762+00
68104,13.1,2026-03-05 22:55:03.494087+00
68105,13.85,2026-03-05 22:56:24.500271+00
68106,14.52,2026-03-05 22:57:49.777249+00
68107,14.36,2026-03-05 22:58:45.361801+00
68108,14.21,2026-03-05 22:59:44.433458+00
68109,13.5,2026-03-05 23:00:48.655704+00
68110,12.9,2026-03-05 23:01:47.112487+00
68111,13.74,2026-03-05 23:03:46.637107+00
68112,13.13,2026-03-05 23:04:34.327128+00
68113,14.25,2026-03-05 23:05:26.060217+00
68114,13.41,2026-03-05 23:06:04.319512+00
68115,14.04,2026-03-05 23:07:03.218655+00
68116,13.14,2026-03-05 23:08:28.56978+00
68117,12.76,2026-03-05 23:09:11.769156+00
68118,14.03,2026-03-05 23:10:23.121533+00
68119,14.24,2026-03-05 23:11:48.671612+00
68120,14.24,2026-03-05 23:12:15.580838+00
68121,13.39,2026-03-05 23:13:32.410157+00
68122,12.88,2026-03-05 23:14:01.294219+00
68123,13.93,2026-03-05 23:15:22.98805+00
68124,12.99,2026-03-05 23:16:36.893689+00
68125,14.16,2026-03-05 23:18:34.791795+00
68126,14.34,2026-03-05 23:19:38.783703+00
68127,13.97,2026-03-05 23:20:12.828327+00
68128,14.03,2026-03-05 23:21:09.571506+00
68129,13.56,2026-03-05 23:22:44.490915+00
68130,13.42,2026-03-05 23:23:13.206104+00
68131,12.51,2026-03-05 23:24:28.779467+00
68132,12.68,2026-03-05 23:25:39.485853+00
68133,13.67,2026-03-05 23:26:21.219051+00
68134,13.05,2026-03-05 23:27:14.323582+00
68135,14.42,2026-03-05 23:28:17.792362+00
68136,14.17,2026-03-05 23:29:28.626657+00
68137,13.57,2026-03-05 23:30:07.920023+00
68138,12.81,2026-03-05 23:31:09.219682+00
68139,13.5,2026-03-05 23:33:12.753279+00
68140,13.15,2026-03-05 23:34:44.634888+00
68141,13.05,2026-03-05 23:35:46.133959+00
68142,13.95,2026-03-05 23:36:21.455321+00
68143,14.07,2026-03-05 23:37:27.694398+00
68144,13.64,2026-03-05 23:38:04.022831+00
68145,13.88,2026-03-05 23:39:49.266528+00
68146,14.32,2026-03-05 23:40:00.824935+00
68147,13.7,2026-03-05 23:41:38.739216+00
68148,14.49,2026-03-05 23:42:00.531835+00
68149,12.82,2026-03-05 23:43:39.279991+00
68150,13.49,2026-03-05 23:44:03.540659+00
68151,12.47,2026-03-05 23:45:38.785218+00
68152,13.87,2026-03-05 23:46:20.106418+00
68153,12.57,2026-03-05 23:48:39.975974+00
68154,13.78,2026-03-05 23:49:18.826132+00
68155,13.85,2026-03-05 23:50:32.373188+00
68156,12.65,2026-03-05 23:51:21.611743+00
68157,14.02,2026-03-05 23:52:23.255398+00
68158,13.72,2026-03-05 23:53:24.835466+00
68159,13.3,2026-03-05 23:54:07.390929+00
68160,14.32,2026-03-05 23:55:27.324542+00
68161,13.36,2026-03-05 23:56:09.202638+00
68162,13.96,2026-03-05 23:57:26.758104+00
68163,12.6,2026-03-05 23:58:42.481118+00
68164,13.98,2026-03-05 23:59:44.25447+00
68165,12.64,2026-03-06 00:00:40.667561+00
68166,12.74,2026-03-06 00:01:08.866975+00
68167,13.01,2026-03-06 00:03:45.154013+00
68168,14.12,2026-03-06 00:04:38.691056+00
68169,12.89,2026-03-06 00:05:27.023343+00
68170,14.32,2026-03-06 00:06:09.208278+00
68171,13.87,2026-03-06 00:07:03.80333+00
68172,12.9,2026-03-06 00:08:46.6321+00
68173,14.11,2026-03-06 00:09:49.334393+00
68174,12.93,2026-03-06 00:10:11.645086+00
68175,12.6,2026-03-06 00:11:18.586942+00
68176,12.91,2026-03-06 00:12:20.497342+00
68177,12.76,2026-03-06 00:13:32.0181+00
68178,13.1,2026-03-06 00:14:24.839841+00
68179,12.96,2026-03-06 00:15:35.829889+00
68180,13.58,2026-03-06 00:16:05.319971+00
68181,14.25,2026-03-06 00:18:34.190125+00
68182,13.56,2026-03-06 00:19:31.51865+00
68183,14.07,2026-03-06 00:20:29.420862+00
68184,13.27,2026-03-06 00:21:08.696595+00
68185,14.11,2026-03-06 00:22:48.586387+00
68186,13.63,2026-03-06 00:23:20.473801+00
68187,13.02,2026-03-06 00:24:17.101041+00
68188,12.56,2026-03-06 00:25:22.488435+00
68189,13.05,2026-03-06 00:26:05.920642+00
68190,12.89,2026-03-06 00:27:24.112878+00
68191,12.8,2026-03-06 00:28:20.025201+00
68192,13.43,2026-03-06 00:29:21.43606+00
68193,13.46,2026-03-06 00:30:25.021479+00
68194,12.64,2026-03-06 00:31:20.828081+00
68195,12.86,2026-03-06 00:33:01.158874+00
68196,13.45,2026-03-06 00:34:35.180844+00
68197,13.01,2026-03-06 00:35:31.156865+00
68198,12.75,2026-03-06 00:36:11.812576+00
68199,13.34,2026-03-06 00:37:32.508476+00
68200,12.87,2026-03-06 00:38:23.787231+00
68201,13.62,2026-03-06 00:39:15.323937+00
68202,14.08,2026-03-06 00:40:02.117408+00
68203,13.28,2026-03-06 00:41:27.36681+00
68204,14.25,2026-03-06 00:42:15.725381+00
68205,12.48,2026-03-06 00:43:02.923289+00
68206,12.48,2026-03-06 00:44:23.212826+00
68207,12.77,2026-03-06 00:45:17.086916+00
68208,12.94,2026-03-06 00:46:38.376028+00
68209,13.08,2026-03-06 00:47:03.847985+00
68210,14.12,2026-03-06 00:49:39.893874+00
68211,12.99,2026-03-06 00:50:07.211628+00
68212,13.71,2026-03-06 00:51:13.329034+00
68213,13.71,2026-03-06 00:52:13.481125+00
68214,14.13,2026-03-06 00:53:39.969457+00
68215,13.7,2026-03-06 00:54:44.422663+00
68216,12.75,2026-03-06 00:55:16.968736+00
68217,13.72,2026-03-06 00:56:15.38553+00
68218,13.56,2026-03-06 00:57:44.475348+00
68219,12.73,2026-03-06 00:58:33.838354+00
68220,12.37,2026-03-06 00:59:14.059242+00
68221,12.25,2026-03-06 01:00:42.045581+00
68222,13.59,2026-03-06 01:01:29.976576+00
68223,12.56,2026-03-06 01:03:28.28069+00
68224,12.84,2026-03-06 01:04:45.881024+00
68225,12.2,2026-03-06 01:05:24.039579+00
68226,12.45,2026-03-06 01:06:41.97743+00
68227,12.63,2026-03-06 01:07:40.075162+00
68228,12.61,2026-03-06 01:08:03.325721+00
68229,13.5,2026-03-06 01:09:25.018759+00
68230,13.63,2026-03-06 01:10:12.656346+00
68231,12.49,2026-03-06 01:11:32.414549+00
68232,12.31,2026-03-06 01:12:20.18883+00
68233,13.01,2026-03-06 01:13:27.704126+00
68234,13.74,2026-03-06 01:14:02.129477+00
68235,13.94,2026-03-06 01:15:23.184748+00
68236,12.41,2026-03-06 01:16:02.339765+00
68237,12.06,2026-03-06 01:18:16.332206+00
68238,12.1,2026-03-06 01:19:10.106456+00
68239,13.13,2026-03-06 01:20:45.8265+00
68240,13.61,2026-03-06 01:21:02.817683+00
68241,12.27,2026-03-06 01:22:07.656618+00
68242,12.94,2026-03-06 01:23:47.151105+00
68243,12.03,2026-03-06 01:24:18.705737+00
68244,13.26,2026-03-06 01:25:19.327476+00
68245,12.16,2026-03-06 01:26:42.111851+00
68246,12.48,2026-03-06 01:27:37.988006+00
68247,12.26,2026-03-06 01:28:43.07365+00
68248,12.37,2026-03-06 01:29:06.07927+00
68249,13.54,2026-03-06 01:30:48.032717+00
68250,13.17,2026-03-06 01:31:48.67043+00
68251,13.13,2026-03-06 01:33:21.686464+00
68252,12.12,2026-03-06 01:34:03.721962+00
68253,12.28,2026-03-06 01:35:30.962322+00
68254,12.29,2026-03-06 01:36:39.804117+00
68255,13.22,2026-03-06 01:37:39.537132+00
68256,12.55,2026-03-06 01:38:34.80569+00
68257,12.19,2026-03-06 01:39:46.018363+00
68258,12.74,2026-03-06 01:40:31.315754+00
68259,12.24,2026-03-06 01:41:21.615648+00
68260,12.99,2026-03-06 01:42:46.945665+00
68261,12.53,2026-03-06 01:43:07.192594+00
68262,13.1,2026-03-06 01:44:49.936079+00
68263,11.93,2026-03-06 01:45:24.737811+00
68264,11.88,2026-03-06 01:46:36.362256+00
68265,13.12,2026-03-06 01:48:01.607181+00
68266,12.18,2026-03-06 01:49:08.953455+00
68267,13.5,2026-03-06 01:50:08.90606+00
68268,12.02,2026-03-06 01:51:49.285414+00
68269,13.46,2026-03-06 01:52:45.349379+00
68270,13.13,2026-03-06 01:53:25.104256+00
68271,13.59,2026-03-06 01:54:22.09007+00
68272,12.72,2026-03-06 01:55:02.332989+00
68273,13.25,2026-03-06 01:56:34.157511+00
68274,13.29,2026-03-06 01:57:36.960503+00
68275,12.25,2026-03-06 01:58:19.368743+00
68276,13.3,2026-03-06 01:59:30.922071+00
68277,12.69,2026-03-06 02:00:35.898554+00
68278,13.01,2026-03-06 02:01:35.875835+00
68279,13.56,2026-03-06 02:02:08.807846+00
68280,12.52,2026-03-06 02:04:08.277657+00
68281,12.53,2026-03-06 02:05:21.820893+00
68282,12.8,2026-03-06 02:06:08.76275+00
68283,12.08,2026-03-06 02:07:08.150484+00
68284,12.15,2026-03-06 02:08:17.655181+00
68285,13.76,2026-03-06 02:09:45.828976+00
68286,13.64,2026-03-06 02:10:01.793345+00
68287,13.64,2026-03-06 02:11:24.327145+00
68288,11.88,2026-03-06 02:12:03.817101+00
68289,12.55,2026-03-06 02:13:35.336968+00
68290,12.18,2026-03-06 02:14:24.084923+00
68291,11.74,2026-03-06 02:15:42.070623+00
68292,12.42,2026-03-06 02:16:39.572979+00
68293,13.17,2026-03-06 02:17:24.809912+00
68294,12.43,2026-03-06 02:19:40.598837+00
68295,11.93,2026-03-06 02:20:15.201899+00
68296,13.52,2026-03-06 02:21:01.930414+00
68297,12.25,2026-03-06 02:22:19.591176+00
68298,12.55,2026-03-06 02:23:44.536856+00
68299,11.79,2026-03-06 02:24:49.172788+00
68300,12.27,2026-03-06 02:25:44.064914+00
68301,12.43,2026-03-06 02:26:37.22678+00
68302,11.72,2026-03-06 02:27:37.053486+00
68303,12.36,2026-03-06 02:28:15.275578+00
68304,11.71,2026-03-06 02:29:36.409502+00
68305,12.43,2026-03-06 02:30:01.88552+00
68306,13.16,2026-03-06 02:31:33.125107+00
68307,12.6,2026-03-06 02:32:18.388353+00
68308,12.03,2026-03-06 02:34:35.966542+00
68309,12.19,2026-03-06 02:35:33.698192+00
68310,12.95,2026-03-06 02:36:05.233857+00
68311,12.89,2026-03-06 02:37:23.720647+00
68312,12.33,2026-03-06 02:38:30.459548+00
68313,13.19,2026-03-06 02:39:39.903155+00
68314,12.89,2026-03-06 02:40:27.865898+00
68315,12.48,2026-03-06 02:41:22.055645+00
68316,11.65,2026-03-06 02:42:16.511867+00
68317,12.9,2026-03-06 02:43:06.352942+00
68318,11.73,2026-03-06 02:44:34.374189+00
68319,12.5,2026-03-06 02:45:19.416355+00
68320,12.44,2026-03-06 02:46:30.12528+00
68321,12.67,2026-03-06 02:47:17.103461+00
68322,12.27,2026-03-06 02:49:00.942651+00
68323,12.68,2026-03-06 02:50:04.337715+00
68324,11.84,2026-03-06 02:51:04.843353+00
68325,11.67,2026-03-06 02:52:11.65408+00
68326,11.97,2026-03-06 02:53:49.31898+00
68327,12.15,2026-03-06 02:54:03.065216+00
68328,11.77,2026-03-06 02:55:10.344263+00
68329,12.92,2026-03-06 02:56:40.305472+00
68330,11.77,2026-03-06 02:57:49.865142+00
68331,11.58,2026-03-06 02:58:33.575234+00
68332,12.96,2026-03-06 02:59:12.574277+00
68333,12.67,2026-03-06 03:00:02.011024+00
68334,12.34,2026-03-06 03:01:39.506729+00
68335,11.33,2026-03-06 03:02:19.845146+00
68336,11.47,2026-03-06 03:04:08.287228+00
68337,13.1,2026-03-06 03:05:24.39022+00
68338,12.79,2026-03-06 03:06:11.532666+00
68339,12.17,2026-03-06 03:07:09.657031+00
68340,12.19,2026-03-06 03:08:40.32089+00
68341,11.93,2026-03-06 03:09:13.134076+00
68342,11.67,2026-03-06 03:10:42.646139+00
68343,11.54,2026-03-06 03:11:43.697702+00
68344,11.83,2026-03-06 03:12:21.629072+00
68345,12.65,2026-03-06 03:13:40.725692+00
68346,13.04,2026-03-06 03:14:36.317553+00
68347,13.03,2026-03-06 03:15:49.17139+00
68348,11.2,2026-03-06 03:16:10.332862+00
68349,11.45,2026-03-06 03:17:15.735027+00
68350,11.24,2026-03-06 03:19:21.109243+00
68351,12.93,2026-03-06 03:20:16.151831+00
68352,12.88,2026-03-06 03:21:32.61704+00
68353,11.23,2026-03-06 03:22:01.677491+00
68354,12.77,2026-03-06 03:23:34.162608+00
68355,10.83,2026-03-06 03:24:40.97167+00
68356,11.6,2026-03-06 03:25:31.262883+00
68357,12.37,2026-03-06 03:26:39.457349+00
68358,12.13,2026-03-06 03:27:26.177143+00
68359,11.81,2026-03-06 03:28:08.372318+00
68360,12.11,2026-03-06 03:29:05.269284+00
68361,11.06,2026-03-06 03:30:44.170588+00
68362,10.82,2026-03-06 03:31:05.181509+00
68363,12.45,2026-03-06 03:32:30.543925+00
68364,10.76,2026-03-06 03:34:21.851668+00
68365,10.79,2026-03-06 03:35:34.15485+00
68366,12.04,2026-03-06 03:36:47.583823+00
68367,11.07,2026-03-06 03:37:36.357266+00
68368,11.86,2026-03-06 03:38:23.151563+00
68369,10.93,2026-03-06 03:39:28.548491+00
68370,11.51,2026-03-06 03:40:38.08597+00
68371,11.04,2026-03-06 03:41:02.429356+00
68372,10.71,2026-03-06 03:42:27.156366+00
68373,12.42,2026-03-06 03:43:15.434921+00
68374,10.84,2026-03-06 03:44:44.850382+00
68375,10.8,2026-03-06 03:45:16.491966+00
68376,12.21,2026-03-06 03:46:44.378426+00
68377,11.32,2026-03-06 03:47:19.52861+00
68378,11.46,2026-03-06 03:49:49.757051+00
68379,10.68,2026-03-06 03:50:03.417858+00
68380,11.7,2026-03-06 03:51:23.422322+00
68381,10.87,2026-03-06 03:52:04.494448+00
68382,11.48,2026-03-06 03:53:11.025971+00
68383,11.77,2026-03-06 03:54:03.082473+00
68384,10.66,2026-03-06 03:55:48.686002+00
68385,11.62,2026-03-06 03:56:42.79351+00
68386,10.88,2026-03-06 03:57:39.732618+00
68387,10.63,2026-03-06 03:58:10.964413+00
68388,10.69,2026-03-06 03:59:36.701389+00
68389,10.58,2026-03-06 04:00:03.242827+00
68390,11.16,2026-03-06 04:01:33.937834+00
68391,11.26,2026-03-06 04:02:00.518231+00
68392,10.45,2026-03-06 04:04:13.993904+00
68393,10.46,2026-03-06 04:05:12.590881+00
68394,12.25,2026-03-06 04:06:12.505991+00
68395,11.85,2026-03-06 04:07:25.421669+00
68396,12.03,2026-03-06 04:08:22.383981+00
68397,10.8,2026-03-06 04:09:11.666734+00
68398,11.31,2026-03-06 04:10:25.127227+00
68399,10.74,2026-03-06 04:11:27.015284+00
68400,11.12,2026-03-06 04:12:11.234075+00
68401,11.74,2026-03-06 04:13:07.638316+00
68402,12.2,2026-03-06 04:14:24.633762+00
68403,11.45,2026-03-06 04:15:43.929506+00
68404,12.24,2026-03-06 04:16:01.717817+00
68405,10.5,2026-03-06 04:17:46.976612+00
68406,11.76,2026-03-06 04:19:04.806251+00
68407,11.83,2026-03-06 04:20:22.989172+00
68408,12.14,2026-03-06 04:21:20.355777+00
68409,10.75,2026-03-06 04:22:02.418064+00
68410,10.55,2026-03-06 04:23:13.791231+00
68411,10.42,2026-03-06 04:24:46.314135+00
68412,11.47,2026-03-06 04:25:13.909113+00
68413,10.42,2026-03-06 04:26:02.385989+00
68414,12.1,2026-03-06 04:27:40.196784+00
68415,10.74,2026-03-06 04:28:38.149241+00
68416,12.27,2026-03-06 04:29:16.489422+00
68417,11.02,2026-03-06 04:30:23.657206+00
68418,12.21,2026-03-06 04:31:08.087782+00
68419,10.38,2026-03-06 04:32:20.254492+00
68420,12.29,2026-03-06 04:34:04.530742+00
68421,11.68,2026-03-06 04:35:41.524391+00
68422,12.18,2026-03-06 04:36:02.134728+00
68423,11.88,2026-03-06 04:37:10.326626+00
68424,11.24,2026-03-06 04:38:41.664217+00
68425,11.61,2026-03-06 04:39:47.726574+00
68426,10.99,2026-03-06 04:40:26.2167+00
68427,10.99,2026-03-06 04:41:18.483911+00
68428,12.21,2026-03-06 04:42:46.777042+00
68429,11.03,2026-03-06 04:43:16.312048+00
68430,10.53,2026-03-06 04:44:11.235752+00
68431,12.05,2026-03-06 04:45:37.550692+00
68432,10.33,2026-03-06 04:46:30.663962+00
68433,12.19,2026-03-06 04:47:47.72421+00
68434,11.81,2026-03-06 04:49:43.468949+00
68435,11.15,2026-03-06 04:50:46.874603+00
68436,10.66,2026-03-06 04:51:07.868305+00
68437,10.33,2026-03-06 04:52:02.548171+00
68438,10.79,2026-03-06 04:53:09.471277+00
68439,12.1,2026-03-06 04:54:01.320229+00
68440,12.15,2026-03-06 04:55:29.454633+00
68441,11.12,2026-03-06 04:56:13.615276+00
68442,11.25,2026-03-06 04:57:01.280083+00
68443,11.25,2026-03-06 04:58:25.764902+00
68444,10.29,2026-03-06 04:59:04.507947+00
68445,10.99,2026-03-06 05:00:02.748695+00
68446,11.67,2026-03-06 05:01:05.112766+00
68447,11.29,2026-03-06 05:03:16.573068+00
68448,11.02,2026-03-06 05:04:08.167403+00
68449,11.49,2026-03-06 05:05:21.941617+00
68450,11.68,2026-03-06 05:06:36.86436+00
68451,10.79,2026-03-06 05:07:32.491518+00
68452,12.16,2026-03-06 05:08:28.414969+00
68453,10.38,2026-03-06 05:09:46.044837+00
68454,12.06,2026-03-06 05:10:06.272337+00
68455,11.37,2026-03-06 05:11:20.111216+00
68456,12.1,2026-03-06 05:12:49.465259+00
68457,11.36,2026-03-06 05:13:39.73699+00
68458,11.39,2026-03-06 05:14:35.597947+00
68459,11.98,2026-03-06 05:15:39.499074+00
68460,11.75,2026-03-06 05:16:23.278454+00
68461,10.82,2026-03-06 05:17:33.566653+00
68462,11.3,2026-03-06 05:19:43.88377+00
68463,11.45,2026-03-06 05:20:20.881878+00
68464,12.01,2026-03-06 05:21:03.726867+00
68465,10.69,2026-03-06 05:22:04.177068+00
68466,11.32,2026-03-06 05:23:14.025518+00
68467,10.11,2026-03-06 05:24:16.981489+00
68468,11.12,2026-03-06 05:25:39.560137+00
68469,11.48,2026-03-06 05:26:39.735703+00
68470,10.88,2026-03-06 05:27:31.42244+00
68471,11.01,2026-03-06 05:28:42.251774+00
68472,10.53,2026-03-06 05:29:24.582448+00
68473,11.04,2026-03-06 05:30:32.085053+00
68474,11.66,2026-03-06 05:31:05.418219+00
68475,11.33,2026-03-06 05:32:46.975077+00
68476,11.4,2026-03-06 05:34:34.398225+00
68477,10.41,2026-03-06 05:35:10.463939+00
68478,11.1,2026-03-06 05:36:45.968734+00
68479,10.92,2026-03-06 05:37:24.318458+00
68480,11.29,2026-03-06 05:38:01.714803+00
68481,11.06,2026-03-06 05:39:23.826591+00
68482,11.12,2026-03-06 05:40:14.439103+00
68483,9.9,2026-03-06 05:41:35.623651+00
68484,10.89,2026-03-06 05:42:33.988373+00
68485,11.44,2026-03-06 05:43:06.337741+00
68486,10.71,2026-03-06 05:44:14.625156+00
68487,11.18,2026-03-06 05:45:29.383916+00
68488,9.86,2026-03-06 05:46:23.138497+00
68489,11.53,2026-03-06 05:47:20.594836+00
68490,10.58,2026-03-06 05:48:43.434585+00
68491,10.48,2026-03-06 05:50:00.220691+00
68492,11.51,2026-03-06 05:51:36.294454+00
68493,10.89,2026-03-06 05:52:19.174608+00
68494,9.85,2026-03-06 05:53:06.666641+00
68495,11.2,2026-03-06 05:54:03.383809+00
68496,11.56,2026-03-06 05:55:25.787858+00
68497,10.27,2026-03-06 05:56:11.33003+00
68498,11.61,2026-03-06 05:57:25.699479+00
68499,11.07,2026-03-06 05:58:27.209435+00
68500,11.42,2026-03-06 05:59:00.595485+00
68501,10.61,2026-03-06 06:00:25.27797+00
68502,10.28,2026-03-06 06:01:10.763462+00
68503,10.75,2026-03-06 06:02:47.529647+00
68504,9.89,2026-03-06 06:03:29.376817+00
68505,9.76,2026-03-06 06:05:25.995044+00
68506,11.29,2026-03-06 06:06:40.573148+00
68507,9.61,2026-03-06 06:07:05.476736+00
68508,10.55,2026-03-06 06:08:37.102773+00
68509,10.74,2026-03-06 06:09:33.919188+00
68510,10.98,2026-03-06 06:10:26.009019+00
68511,10.79,2026-03-06 06:11:19.32777+00
68512,11.34,2026-03-06 06:12:11.882132+00
68513,10.91,2026-03-06 06:13:26.214291+00
68514,11.41,2026-03-06 06:14:23.177468+00
68515,10.82,2026-03-06 06:15:47.62691+00
68516,10.59,2026-03-06 06:16:16.839438+00
68517,9.75,2026-03-06 06:17:27.238592+00
68518,11.1,2026-03-06 06:19:39.300133+00
68519,10.03,2026-03-06 06:20:23.118654+00
68520,11.12,2026-03-06 06:21:02.294727+00
68521,10.95,2026-03-06 06:22:15.098424+00
68522,10.01,2026-03-06 06:23:26.461318+00
68523,10.45,2026-03-06 06:24:18.990446+00
68524,9.64,2026-03-06 06:25:38.342592+00
68525,10.69,2026-03-06 06:27:31.448794+00
68526,10.18,2026-03-06 06:28:33.455188+00
68527,11.28,2026-03-06 06:29:24.777157+00
68528,10.86,2026-03-06 06:31:46.808711+00
68529,10.32,2026-03-06 06:32:26.030819+00
68530,11.02,2026-03-06 06:33:33.841576+00
68531,11.02,2026-03-06 06:34:00.109504+00
68532,9.52,2026-03-06 06:35:30.628773+00
68533,10.21,2026-03-06 06:36:01.090463+00
68534,10.62,2026-03-06 06:37:26.7925+00
68535,9.45,2026-03-06 06:38:18.20211+00
68536,9.77,2026-03-06 06:39:47.068339+00
68537,10.28,2026-03-06 06:40:11.425422+00
68538,9.86,2026-03-06 06:41:21.890072+00
68539,10.6,2026-03-06 06:42:33.018541+00
68540,10.53,2026-03-06 06:43:33.271091+00
68541,9.67,2026-03-06 06:44:09.945803+00
68542,10.6,2026-03-06 06:45:10.52404+00
68543,10.87,2026-03-06 06:47:31.926668+00
68544,10.66,2026-03-06 06:48:23.142813+00
68545,10.75,2026-03-06 06:49:24.489818+00
68546,10.89,2026-03-06 06:50:44.883077+00
68547,11.01,2026-03-06 06:51:01.65459+00
68548,9.37,2026-03-06 06:52:37.780017+00
68549,9.23,2026-03-06 06:53:33.089653+00
68550,10.47,2026-03-06 06:54:48.056944+00
68551,10.12,2026-03-06 06:55:29.557558+00
68552,10.61,2026-03-06 06:56:29.085337+00
68553,10.48,2026-03-06 06:57:35.809575+00
68554,9.61,2026-03-06 06:58:41.098801+00
68555,9.98,2026-03-06 06:59:11.064973+00
68556,10.12,2026-03-06 07:01:23.016451+00
68557,10.89,2026-03-06 07:02:41.331884+00
68558,9.05,2026-03-06 07:03:11.492668+00
68559,10.84,2026-03-06 07:04:30.099224+00
68560,10.19,2026-03-06 07:05:30.837382+00
68561,10.01,2026-03-06 07:06:44.759369+00
68562,9.87,2026-03-06 07:07:47.958108+00
68563,10.19,2026-03-06 07:08:36.700658+00
68564,10.79,2026-03-06 07:09:10.439196+00
68565,9.49,2026-03-06 07:10:19.139867+00
68566,10.66,2026-03-06 07:11:48.125815+00
68567,10.78,2026-03-06 07:12:05.500947+00
68568,10.18,2026-03-06 07:13:00.938106+00
68569,9.8,2026-03-06 07:14:13.640351+00
68570,9,2026-03-06 07:16:07.943925+00
68571,10.19,2026-03-06 07:17:38.166071+00
68572,10.57,2026-03-06 07:18:11.281307+00
68573,9.09,2026-03-06 07:19:28.624985+00
68574,10.66,2026-03-06 07:20:34.802961+00
68575,10.21,2026-03-06 07:21:47.658148+00
68576,10.84,2026-03-06 07:22:31.397868+00
68577,9.41,2026-03-06 07:23:07.599348+00
68578,9.34,2026-03-06 07:24:09.162934+00
68579,9.85,2026-03-06 07:25:40.462734+00
68580,10.51,2026-03-06 07:26:07.41301+00
68581,9.06,2026-03-06 07:27:15.081917+00
68582,9.34,2026-03-06 07:29:10.578572+00
68583,9.53,2026-03-06 07:30:22.773097+00
68584,10.73,2026-03-06 07:31:34.427338+00
68585,9.58,2026-03-06 07:32:24.154725+00
68586,10.58,2026-03-06 07:33:10.986054+00
68587,9.49,2026-03-06 07:34:25.100574+00
68588,10.3,2026-03-06 07:35:28.009437+00
68589,9.14,2026-03-06 07:36:12.003672+00
68590,9.5,2026-03-06 07:37:27.128013+00
68591,10.6,2026-03-06 07:38:20.258342+00
68592,8.81,2026-03-06 07:39:15.472047+00
68593,9.16,2026-03-06 07:40:23.33634+00
68594,9.94,2026-03-06 07:41:15.18218+00
68595,9.05,2026-03-06 07:42:48.798344+00
68596,9.26,2026-03-06 07:44:40.143536+00
68597,9.53,2026-03-06 07:45:38.504946+00
68598,8.74,2026-03-06 07:46:19.565672+00
68599,9.99,2026-03-06 07:47:19.893796+00
68600,9.83,2026-03-06 07:48:43.522087+00
68601,9.57,2026-03-06 07:49:29.37293+00
68602,9.35,2026-03-06 07:50:03.612415+00
68603,9.64,2026-03-06 07:51:21.121874+00
68604,9.71,2026-03-06 07:52:49.217593+00
68605,8.73,2026-03-06 07:53:29.9186+00
68606,9.54,2026-03-06 07:54:37.478069+00
68607,10.14,2026-03-06 07:55:19.317176+00
68608,9.19,2026-03-06 07:56:29.910704+00
68609,8.81,2026-03-06 07:57:37.657471+00
68610,10.18,2026-03-06 07:59:22.856828+00
68611,9.28,2026-03-06 08:01:11.338858+00
68612,9.01,2026-03-06 08:02:39.98039+00
68613,9.69,2026-03-06 08:03:44.123363+00
68614,8.99,2026-03-06 08:04:06.000342+00
68615,9.8,2026-03-06 08:05:06.834358+00
68616,9.37,2026-03-06 08:06:38.539903+00
68617,10.06,2026-03-06 08:07:22.0129+00
68618,10.06,2026-03-06 08:08:40.638734+00
68619,8.92,2026-03-06 08:09:46.300092+00
68620,9.25,2026-03-06 08:10:47.324227+00
68621,9.69,2026-03-06 08:11:23.482077+00
68622,9.53,2026-03-06 08:12:06.315302+00
68623,9.49,2026-03-06 08:14:38.654122+00
68624,9.13,2026-03-06 08:15:21.239419+00
68625,9.04,2026-03-06 08:16:36.317535+00
68626,8.61,2026-03-06 08:17:43.210466+00
68627,9.34,2026-03-06 08:18:11.855535+00
68628,9.91,2026-03-06 08:19:31.67002+00
68629,10.38,2026-03-06 08:20:24.305351+00
68630,10.38,2026-03-06 08:21:22.72818+00
68631,8.62,2026-03-06 08:22:38.690963+00
68632,9.96,2026-03-06 08:23:15.113102+00
68633,9.59,2026-03-06 08:24:44.794007+00
68634,8.47,2026-03-06 08:25:12.715835+00
68635,9.24,2026-03-06 08:26:38.137013+00
68636,8.2,2026-03-06 08:27:47.548294+00
68637,9.85,2026-03-06 08:28:04.268073+00
68638,8.29,2026-03-06 08:30:24.754848+00
68639,10.07,2026-03-06 08:31:36.345484+00
68640,9.3,2026-03-06 08:32:40.258533+00
68641,9.37,2026-03-06 08:33:18.398993+00
68642,9.02,2026-03-06 08:34:45.990533+00
68643,9.56,2026-03-06 08:35:30.186485+00
68644,8.97,2026-03-06 08:36:39.255441+00
68645,8.93,2026-03-06 08:37:24.736096+00
68646,8.8,2026-03-06 08:38:09.387921+00
68647,10.09,2026-03-06 08:39:20.272208+00
68648,8.87,2026-03-06 08:40:47.430862+00
68649,8.55,2026-03-06 08:41:14.547718+00
68650,8.25,2026-03-06 08:42:24.004307+00
68651,9.64,2026-03-06 08:44:03.226888+00
68652,10.33,2026-03-06 08:45:44.527789+00
68653,8.77,2026-03-06 08:46:10.952953+00
68654,8.75,2026-03-06 08:47:16.117992+00
68655,8.92,2026-03-06 08:48:03.309748+00
68656,8.54,2026-03-06 08:49:04.32377+00
68657,9.66,2026-03-06 08:50:05.356506+00
68658,8.84,2026-03-06 08:51:27.135249+00
68659,9.67,2026-03-06 08:52:44.292735+00
68660,10.34,2026-03-06 08:53:06.926679+00
68661,9.84,2026-03-06 08:54:26.052248+00
68662,9.59,2026-03-06 08:55:11.333862+00
68663,9.93,2026-03-06 08:56:03.512487+00
68664,8.62,2026-03-06 08:57:20.651161+00
68665,9.94,2026-03-06 08:59:28.934136+00
68666,9.43,2026-03-06 09:01:42.288972+00
68667,10.02,2026-03-06 09:02:46.419199+00
68668,8.45,2026-03-06 09:03:28.928132+00
68669,10.24,2026-03-06 09:04:23.912338+00
68670,10.28,2026-03-06 09:05:09.843433+00
68671,9.28,2026-03-06 09:06:32.774487+00
68672,9.19,2026-03-06 09:07:34.257753+00
68673,9.21,2026-03-06 09:08:37.380848+00
68674,9.5,2026-03-06 09:09:24.17746+00
68675,10.21,2026-03-06 09:10:16.726611+00
68676,8.66,2026-03-06 09:11:39.96223+00
68677,8.78,2026-03-06 09:12:18.015076+00
68678,8.58,2026-03-06 09:14:02.332327+00
68679,8.96,2026-03-06 09:15:47.640842+00
68680,10.06,2026-03-06 09:16:32.026724+00
68681,10.59,2026-03-06 09:17:03.016237+00
68682,9.31,2026-03-06 09:18:42.102778+00
68683,9.28,2026-03-06 09:19:28.301415+00
68684,10.32,2026-03-06 09:20:49.872405+00
68685,9.63,2026-03-06 09:21:27.379549+00
68686,10.25,2026-03-06 09:22:15.612336+00
68687,9.7,2026-03-06 09:23:09.8327+00
68688,8.71,2026-03-06 09:24:37.131468+00
68689,9.26,2026-03-06 09:25:11.274785+00
68690,8.91,2026-03-06 09:26:23.931679+00
68691,8.71,2026-03-06 09:27:21.638587+00
68692,8.97,2026-03-06 09:29:48.436099+00
68693,9.12,2026-03-06 09:30:06.899361+00
68694,10.42,2026-03-06 09:31:21.54627+00
68695,9.68,2026-03-06 09:32:27.09034+00
68696,9.5,2026-03-06 09:33:34.199849+00
68697,10.07,2026-03-06 09:34:44.005225+00
68698,9.51,2026-03-06 09:35:06.2978+00
68699,9.93,2026-03-06 09:36:00.976704+00
68700,10.41,2026-03-06 09:37:22.700391+00
68701,10.44,2026-03-06 09:38:03.943157+00
68702,10.2,2026-03-06 09:39:05.079406+00
68703,10.42,2026-03-06 09:40:01.994772+00
68704,8.89,2026-03-06 09:41:14.498483+00
68705,8.85,2026-03-06 09:42:42.380845+00
68706,8.85,2026-03-06 09:44:23.262886+00
68707,9.54,2026-03-06 09:45:47.095814+00
68708,10.36,2026-03-06 09:46:03.888149+00
68709,9.01,2026-03-06 09:47:33.467009+00
68710,10.74,2026-03-06 09:48:08.592375+00
68711,9.87,2026-03-06 09:49:17.39519+00
68712,10.66,2026-03-06 09:50:33.571099+00
68713,9.45,2026-03-06 09:51:24.784783+00
68714,9.06,2026-03-06 09:52:09.542086+00
68715,9.47,2026-03-06 09:53:07.137653+00
68716,9.68,2026-03-06 09:54:37.667344+00
68717,10.85,2026-03-06 09:55:42.993679+00
68718,10.42,2026-03-06 09:56:37.611937+00
68719,9.06,2026-03-06 09:57:05.576756+00
68720,9.62,2026-03-06 09:58:31.491608+00
68721,9.16,2026-03-06 10:00:13.726276+00
68722,10.81,2026-03-06 10:01:24.044562+00
68723,9.9,2026-03-06 10:02:20.022833+00
68724,9.65,2026-03-06 10:03:02.616411+00
68725,9.36,2026-03-06 10:04:18.342392+00
68726,10.83,2026-03-06 10:05:22.991192+00
68727,9.8,2026-03-06 10:06:28.197996+00
68728,9.69,2026-03-06 10:07:35.478648+00
68729,10,2026-03-06 10:08:27.94669+00
68730,10.65,2026-03-06 10:09:09.27296+00
68731,9.04,2026-03-06 10:10:34.628655+00
68732,9.72,2026-03-06 10:11:41.254489+00
68733,9.92,2026-03-06 10:12:02.64916+00
68734,9.18,2026-03-06 10:13:46.145805+00
68735,10.91,2026-03-06 10:15:33.616571+00
68736,10.48,2026-03-06 10:16:18.427449+00
68737,10.6,2026-03-06 10:17:16.471469+00
68738,10.83,2026-03-06 10:18:39.218992+00
68739,10.03,2026-03-06 10:19:47.208464+00
68740,10.21,2026-03-06 10:20:22.388574+00
68741,9.67,2026-03-06 10:21:10.187199+00
68742,9.95,2026-03-06 10:22:15.138287+00
68743,9.38,2026-03-06 10:23:37.609766+00
68744,10.11,2026-03-06 10:24:01.148391+00
68745,11.16,2026-03-06 10:25:16.62248+00
68746,10.09,2026-03-06 10:26:12.855268+00
68747,9.68,2026-03-06 10:27:21.364621+00
68748,10.95,2026-03-06 10:28:33.202302+00
68749,11.19,2026-03-06 10:30:49.439964+00
68750,10.12,2026-03-06 10:31:41.80556+00
68751,10.66,2026-03-06 10:32:30.345087+00
68752,9.84,2026-03-06 10:33:41.476901+00
68753,11.18,2026-03-06 10:34:09.186241+00
68754,9.73,2026-03-06 10:35:02.620637+00
68755,10.09,2026-03-06 10:36:36.821355+00
68756,11.41,2026-03-06 10:37:13.499742+00
68757,9.54,2026-03-06 10:38:10.236359+00
68758,10.98,2026-03-06 10:39:47.489078+00
68759,10.9,2026-03-06 10:40:43.236006+00
68760,10.42,2026-03-06 10:41:34.657777+00
68761,9.75,2026-03-06 10:42:06.751822+00
68762,10.38,2026-03-06 10:43:46.570657+00
68763,11.67,2026-03-06 10:45:03.834067+00
68764,11.53,2026-03-06 10:46:31.857297+00
68765,10.84,2026-03-06 10:47:26.96265+00
68766,9.87,2026-03-06 10:48:12.559461+00
68767,11.2,2026-03-06 10:49:05.284085+00
68768,10.13,2026-03-06 10:50:29.114184+00
68769,10.77,2026-03-06 10:51:34.427254+00
68770,10.03,2026-03-06 10:52:24.182979+00
68771,9.96,2026-03-06 10:53:40.412205+00
68772,9.86,2026-03-06 10:54:30.253445+00
68773,10.66,2026-03-06 10:55:14.424769+00
68774,10.39,2026-03-06 10:56:21.570026+00
68775,10.45,2026-03-06 10:57:30.117088+00
68776,11.52,2026-03-06 10:58:16.126115+00
68777,10.68,2026-03-06 11:00:26.777581+00
68778,11.12,2026-03-06 11:01:10.761476+00
68779,11.86,2026-03-06 11:02:32.81807+00
68780,10.85,2026-03-06 11:03:32.774389+00
68781,10.43,2026-03-06 11:04:48.414534+00
68782,10.51,2026-03-06 11:05:02.535199+00
68783,9.91,2026-03-06 11:06:09.335489+00
68784,11.4,2026-03-06 11:07:10.228397+00
68785,11.39,2026-03-06 11:08:19.291119+00
68786,11.7,2026-03-06 11:09:22.333431+00
68787,10.33,2026-03-06 11:10:29.937145+00
68788,10.93,2026-03-06 11:11:40.650391+00
68789,11.19,2026-03-06 11:13:21.549556+00
68790,10.06,2026-03-06 11:14:32.996191+00
68791,10.55,2026-03-06 11:15:05.752544+00
68792,10.23,2026-03-06 11:16:01.59643+00
68793,10.31,2026-03-06 11:17:12.87743+00
68794,10.17,2026-03-06 11:18:03.501157+00
68795,11.69,2026-03-06 11:19:31.798595+00
68796,10.43,2026-03-06 11:20:44.516984+00
68797,11.77,2026-03-06 11:21:06.262415+00
68798,10.4,2026-03-06 11:22:06.092786+00
68799,11.64,2026-03-06 11:23:30.438933+00
68800,11.19,2026-03-06 11:24:07.441788+00
68801,10.83,2026-03-06 11:25:33.597571+00
68802,10.81,2026-03-06 11:26:30.815967+00
68803,11.17,2026-03-06 11:27:14.039195+00
68804,10.65,2026-03-06 11:29:36.621264+00
68805,10.93,2026-03-06 11:30:30.482797+00
68806,10.75,2026-03-06 11:31:23.266418+00
68807,11.42,2026-03-06 11:32:17.409811+00
68808,10.3,2026-03-06 11:33:05.90115+00
68809,12.09,2026-03-06 11:34:15.575312+00
68810,11.17,2026-03-06 11:35:35.67904+00
68811,11.87,2026-03-06 11:36:31.102996+00
68812,11.67,2026-03-06 11:37:07.155269+00
68813,10.49,2026-03-06 11:38:16.024524+00
68814,11.98,2026-03-06 11:39:35.661322+00
68815,11.99,2026-03-06 11:40:24.021473+00
68816,10.83,2026-03-06 11:41:42.060685+00
68817,10.66,2026-03-06 11:42:24.485506+00
68818,10.59,2026-03-06 11:44:30.686707+00
68819,11.93,2026-03-06 11:45:10.893382+00
68820,11.04,2026-03-06 11:46:12.601498+00
68821,10.66,2026-03-06 11:47:16.242937+00
68822,10.65,2026-03-06 11:48:38.426065+00
68823,12.23,2026-03-06 11:49:35.246439+00
68824,10.75,2026-03-06 11:50:40.949508+00
68825,12.34,2026-03-06 11:51:42.771869+00
68826,10.73,2026-03-06 11:52:23.260345+00
68827,12.22,2026-03-06 11:53:35.14251+00
68828,11.94,2026-03-06 11:54:17.610728+00
68829,12.02,2026-03-06 11:55:35.650003+00
68830,12.53,2026-03-06 11:56:24.294974+00
68831,11.79,2026-03-06 11:57:33.434641+00
68832,11.17,2026-03-06 11:59:36.678531+00
68833,12.63,2026-03-06 12:01:33.61226+00
68834,12.64,2026-03-06 12:02:25.908011+00
68835,12.6,2026-03-06 12:03:11.158278+00
68836,11.14,2026-03-06 12:04:03.402533+00
68837,12.52,2026-03-06 12:05:38.847957+00
68838,11.04,2026-03-06 12:06:29.219814+00
68839,11.09,2026-03-06 12:07:16.507727+00
68840,11.76,2026-03-06 12:08:13.949592+00
68841,10.9,2026-03-06 12:09:44.090298+00
68842,11.58,2026-03-06 12:10:38.973194+00
68843,12.01,2026-03-06 12:11:03.349478+00
68844,12.22,2026-03-06 12:12:35.715412+00
68845,11.44,2026-03-06 12:13:41.388637+00
68846,12.07,2026-03-06 12:15:07.618768+00
68847,11.65,2026-03-06 12:16:37.470417+00
68848,12.84,2026-03-06 12:17:29.725753+00
68849,12.12,2026-03-06 12:18:09.875828+00
68850,12.61,2026-03-06 12:19:27.736788+00
68851,11.47,2026-03-06 12:20:33.614572+00
68852,11.24,2026-03-06 12:21:45.095417+00
68853,11.9,2026-03-06 12:22:15.103407+00
68854,12.37,2026-03-06 12:23:01.898749+00
68855,12.74,2026-03-06 12:24:25.76217+00
68856,12.61,2026-03-06 12:25:19.27155+00
68857,12.55,2026-03-06 12:26:49.363985+00
68858,11.13,2026-03-06 12:27:38.515667+00
68859,11.01,2026-03-06 12:29:36.664723+00
68860,11.47,2026-03-06 12:30:21.018058+00
68861,11.9,2026-03-06 12:31:28.642977+00
68862,11.44,2026-03-06 12:32:14.75465+00
68863,11.09,2026-03-06 12:33:12.779644+00
68864,12.18,2026-03-06 12:34:19.406097+00
68865,11.99,2026-03-06 12:35:45.308233+00
68866,11.09,2026-03-06 12:36:32.008828+00
68867,11.42,2026-03-06 12:37:45.305879+00
68868,12.38,2026-03-06 12:38:33.61962+00
68869,12.89,2026-03-06 12:39:03.973142+00
68870,12.77,2026-03-06 12:40:11.339225+00
68871,12.95,2026-03-06 12:41:40.176038+00
68872,12.52,2026-03-06 12:43:01.941182+00
68873,12.96,2026-03-06 12:44:24.685845+00
68874,12.32,2026-03-06 12:45:24.075659+00
68875,11.88,2026-03-06 12:46:36.336119+00
68876,11.72,2026-03-06 12:47:08.932754+00
68877,11.68,2026-03-06 12:48:07.457239+00
68878,11.73,2026-03-06 12:49:14.385969+00
68879,12.92,2026-03-06 12:50:02.9484+00
68880,11.88,2026-03-06 12:51:06.978466+00
68881,12.14,2026-03-06 12:52:39.308791+00
68882,12.22,2026-03-06 12:53:47.573398+00
68883,11.53,2026-03-06 12:54:33.039707+00
68884,13.07,2026-03-06 12:55:08.363619+00
68885,12.04,2026-03-06 12:57:46.399144+00
68886,12.39,2026-03-06 12:58:36.63433+00
68887,12.68,2026-03-06 12:59:11.542425+00
68888,11.39,2026-03-06 13:00:31.066953+00
68889,11.2,2026-03-06 13:01:15.287941+00
68890,12.01,2026-03-06 13:02:42.779871+00
68891,12.53,2026-03-06 13:03:23.459867+00
68892,12.44,2026-03-06 13:04:29.200801+00
68893,12.04,2026-03-06 13:05:14.704229+00
68894,12.07,2026-03-06 13:06:16.198338+00
68895,11.18,2026-03-06 13:07:45.701792+00
68896,12.75,2026-03-06 13:08:00.848982+00
68897,11.93,2026-03-06 13:09:08.041469+00
68898,12.35,2026-03-06 13:11:32.870956+00
68899,11.27,2026-03-06 13:12:40.401877+00
68900,11.53,2026-03-06 13:13:18.529975+00
68901,12.62,2026-03-06 13:14:46.380363+00
68902,12.82,2026-03-06 13:15:46.910323+00
68903,12.07,2026-03-06 13:16:45.560791+00
68904,11.2,2026-03-06 13:17:36.853681+00
68905,12.45,2026-03-06 13:18:20.106308+00
68906,11.53,2026-03-06 13:19:34.931323+00
68907,12.77,2026-03-06 13:20:03.373361+00
68908,12.23,2026-03-06 13:21:09.340515+00
68909,11.85,2026-03-06 13:22:07.544039+00
68910,13.04,2026-03-06 13:23:05.666694+00
68911,12.51,2026-03-06 13:24:44.104516+00
68912,12.47,2026-03-06 13:26:07.047706+00
68913,12.14,2026-03-06 13:27:48.996406+00
68914,11.34,2026-03-06 13:28:30.824782+00
68915,12.63,2026-03-06 13:29:13.26899+00
68916,11.17,2026-03-06 13:30:07.92311+00
68917,11.67,2026-03-06 13:31:33.118297+00
68918,11.37,2026-03-06 13:32:42.000902+00
68919,11.37,2026-03-06 13:33:06.083955+00
68920,11.93,2026-03-06 13:34:42.397484+00
68921,12.22,2026-03-06 13:35:16.137378+00
68922,11.69,2026-03-06 13:36:28.223812+00
68923,11.87,2026-03-06 13:37:25.190035+00
68924,12.21,2026-03-06 13:38:25.116427+00
68925,11.91,2026-03-06 13:40:13.236938+00
68926,11.84,2026-03-06 13:41:31.407067+00
68927,11.13,2026-03-06 13:42:10.329533+00
68928,11.15,2026-03-06 13:43:38.934216+00
68929,12.5,2026-03-06 13:44:17.536592+00
68930,11.6,2026-03-06 13:45:09.194238+00
68931,12.31,2026-03-06 13:46:19.255153+00
68932,11.19,2026-03-06 13:47:43.724794+00
68933,12.23,2026-03-06 13:48:29.250996+00
68934,10.62,2026-03-06 13:49:16.790563+00
68935,11.11,2026-03-06 13:50:31.769362+00
68936,12.31,2026-03-06 13:51:08.418849+00
68937,10.64,2026-03-06 13:52:14.792185+00
68938,10.81,2026-03-06 13:54:39.68828+00
68939,11.62,2026-03-06 13:55:15.653701+00
68940,10.79,2026-03-06 13:56:44.74289+00
68941,10.5,2026-03-06 13:57:40.787976+00
68942,11.11,2026-03-06 13:58:11.587303+00
68943,12.21,2026-03-06 13:59:36.987272+00
68944,11.86,2026-03-06 14:00:44.706019+00
68945,11.26,2026-03-06 14:01:19.470611+00
68946,10.55,2026-03-06 14:02:14.68511+00
68947,10.48,2026-03-06 14:03:43.153878+00
68948,10.42,2026-03-06 14:04:00.1211+00
68949,10.89,2026-03-06 14:05:03.637923+00
68950,11.74,2026-03-06 14:06:41.595629+00
68951,11.19,2026-03-06 14:07:34.449656+00
68952,10.41,2026-03-06 14:08:32.210881+00
68953,11.26,2026-03-06 14:10:28.78216+00
68954,11.93,2026-03-06 14:11:30.432154+00
68955,11.51,2026-03-06 14:12:44.685398+00
68956,11.85,2026-03-06 14:13:09.233367+00
68957,11.75,2026-03-06 14:14:27.503749+00
68958,10.73,2026-03-06 14:15:49.530309+00
68959,11.1,2026-03-06 14:16:05.309774+00
68960,10.81,2026-03-06 14:17:06.508709+00
68961,11.87,2026-03-06 14:18:21.7511+00
68962,11.77,2026-03-06 14:19:40.079952+00
68963,11.82,2026-03-06 14:20:39.134505+00
68964,11.48,2026-03-06 14:21:32.36254+00
68965,10.57,2026-03-06 14:22:29.040724+00
68966,11.48,2026-03-06 14:23:06.596743+00
68967,10.39,2026-03-06 14:25:08.054757+00
68968,10.62,2026-03-06 14:26:48.349083+00
68969,11.48,2026-03-06 14:27:31.167248+00
68970,10.44,2026-03-06 14:28:18.71465+00
68971,11.71,2026-03-06 14:29:48.352971+00
68972,10.07,2026-03-06 14:30:01.641868+00
68973,11.47,2026-03-06 14:31:40.343518+00
68974,10.91,2026-03-06 14:32:03.639119+00
68975,10.83,2026-03-06 14:33:01.264276+00
68976,10.53,2026-03-06 14:34:30.53146+00
68977,10.53,2026-03-06 14:35:19.377362+00
68978,11.57,2026-03-06 14:36:38.98898+00
68979,10.75,2026-03-06 14:37:39.171678+00
68980,11.19,2026-03-06 14:39:46.76891+00
68981,10.63,2026-03-06 14:41:40.907818+00
68982,10.46,2026-03-06 14:42:13.669865+00
68983,10.21,2026-03-06 14:43:19.247996+00
68984,10.6,2026-03-06 14:44:30.732462+00
68985,10.76,2026-03-06 14:45:13.668162+00
68986,11.55,2026-03-06 14:46:14.588558+00
68987,10.37,2026-03-06 14:47:05.218318+00
68988,11.22,2026-03-06 14:48:05.398114+00
68989,11.08,2026-03-06 14:49:38.166413+00
68990,10.61,2026-03-06 14:50:38.93936+00
68991,10.46,2026-03-06 14:51:23.910564+00
68992,10.79,2026-03-06 14:52:08.398241+00
68993,10.85,2026-03-06 14:54:14.672976+00
68994,11.38,2026-03-06 14:55:39.699318+00
68995,10.69,2026-03-06 14:56:48.573705+00
68996,10.56,2026-03-06 14:57:35.811637+00
68997,11.53,2026-03-06 14:58:14.002003+00
68998,10.4,2026-03-06 14:59:14.893367+00
68999,11.37,2026-03-06 15:00:32.644794+00
69000,10.2,2026-03-06 15:01:12.789576+00
69001,10.97,2026-03-06 15:02:18.710699+00
69002,10.8,2026-03-06 15:03:24.082296+00
69003,9.87,2026-03-06 15:04:11.348127+00
69004,10.72,2026-03-06 15:05:45.179137+00
69005,11.18,2026-03-06 15:06:00.274673+00
69006,10.33,2026-03-06 15:07:38.478446+00
69007,10.79,2026-03-06 15:09:20.060006+00
69008,10,2026-03-06 15:10:34.830714+00
69009,9.97,2026-03-06 15:11:47.077363+00
69010,10.21,2026-03-06 15:12:08.844457+00
69011,9.98,2026-03-06 15:13:44.79819+00
69012,11.36,2026-03-06 15:14:20.699201+00
69013,10.32,2026-03-06 15:15:31.12634+00
69014,10.99,2026-03-06 15:16:18.722815+00
69015,10.8,2026-03-06 15:17:40.698104+00
69016,9.74,2026-03-06 15:18:03.201195+00
69017,11.26,2026-03-06 15:19:23.317957+00
69018,10.46,2026-03-06 15:20:16.774035+00
69019,10.72,2026-03-06 15:21:36.4721+00
69020,11.01,2026-03-06 15:23:26.946642+00
69021,9.74,2026-03-06 15:24:25.052388+00
69022,10.51,2026-03-06 15:25:39.278595+00
69023,9.74,2026-03-06 15:26:28.047163+00
69024,10.9,2026-03-06 15:27:27.115142+00
69025,10.48,2026-03-06 15:28:41.301454+00
69026,10.42,2026-03-06 15:29:11.355116+00
69027,10.07,2026-03-06 15:30:13.789488+00
69028,9.59,2026-03-06 15:31:21.110646+00
69029,10.68,2026-03-06 15:32:14.407235+00
69030,10.82,2026-03-06 15:33:32.575192+00
69031,10.88,2026-03-06 15:34:26.18447+00
69032,10.88,2026-03-06 15:35:28.478418+00
69033,10.56,2026-03-06 15:36:20.759218+00
69034,10,2026-03-06 15:38:02.173391+00
69035,10.46,2026-03-06 15:39:12.95372+00
69036,9.98,2026-03-06 15:40:20.290387+00
69037,10.81,2026-03-06 15:41:42.538046+00
69038,10.15,2026-03-06 15:42:15.290877+00
69039,10.07,2026-03-06 15:43:05.278635+00
69040,10.66,2026-03-06 15:44:25.165296+00
69041,9.48,2026-03-06 15:45:23.284639+00
69042,9.02,2026-03-06 15:46:17.114876+00
69043,9.95,2026-03-06 15:47:42.19932+00
69044,9.05,2026-03-06 15:48:38.243619+00
69045,10.07,2026-03-06 15:49:07.358514+00
69046,9.67,2026-03-06 15:51:18.271883+00
69047,9.65,2026-03-06 15:52:14.667223+00
69048,10.38,2026-03-06 15:53:13.618729+00
69049,10.03,2026-03-06 15:54:01.886463+00
69050,10.13,2026-03-06 15:55:40.086612+00
69051,9.09,2026-03-06 15:56:40.967839+00
69052,10.07,2026-03-06 15:57:35.997454+00
69053,10.57,2026-03-06 15:58:41.694295+00
69054,9.01,2026-03-06 15:59:43.704802+00
69055,9.38,2026-03-06 16:00:34.460202+00
69056,9.89,2026-03-06 16:01:34.820037+00
69057,9.82,2026-03-06 16:03:29.394942+00
69058,10.76,2026-03-06 16:04:46.59612+00
69059,9.76,2026-03-06 16:05:38.942507+00
69060,9.4,2026-03-06 16:06:03.007119+00
69061,10.76,2026-03-06 16:07:31.106957+00
69062,9.94,2026-03-06 16:08:48.932826+00
69063,10.72,2026-03-06 16:09:01.45689+00
69064,9.55,2026-03-06 16:10:29.829451+00
69065,9.79,2026-03-06 16:11:18.693891+00
69066,9.96,2026-03-06 16:12:22.778578+00
69067,9.01,2026-03-06 16:13:20.846579+00
69068,10.84,2026-03-06 16:14:22.0682+00
69069,10.48,2026-03-06 16:15:04.016464+00
69070,10.78,2026-03-06 16:16:12.810207+00
69071,10.79,2026-03-06 16:17:46.856509+00
69072,9.43,2026-03-06 16:19:27.560349+00
69073,9.35,2026-03-06 16:21:04.746965+00
69074,10.21,2026-03-06 16:22:35.145398+00
69075,9.55,2026-03-06 16:23:06.507836+00
69076,9.1,2026-03-06 16:24:22.799215+00
69077,9.08,2026-03-06 16:25:16.411224+00
69078,9.15,2026-03-06 16:26:04.604653+00
69079,10.19,2026-03-06 16:27:47.150761+00
69080,9.48,2026-03-06 16:28:34.427127+00
69081,10.41,2026-03-06 16:29:39.905993+00
69082,9.34,2026-03-06 16:30:24.835993+00
69083,9.74,2026-03-06 16:31:26.112131+00
69084,8.9,2026-03-06 16:32:08.658705+00
69085,9.19,2026-03-06 16:33:41.888967+00
69086,9.55,2026-03-06 16:35:21.39972+00
69087,10.48,2026-03-06 16:36:40.312937+00
69088,8.76,2026-03-06 16:37:12.237518+00
69089,10.67,2026-03-06 16:38:08.299196+00
69090,8.94,2026-03-06 16:39:38.490215+00
69091,8.76,2026-03-06 16:40:33.375317+00
69092,10.34,2026-03-06 16:41:13.484569+00
69093,8.75,2026-03-06 16:42:38.744016+00
69094,9.59,2026-03-06 16:43:33.012135+00
69095,9.76,2026-03-06 16:44:05.629716+00
69096,10.56,2026-03-06 16:45:37.579447+00
69097,9.87,2026-03-06 16:46:01.378097+00
69098,10.23,2026-03-06 16:47:02.499073+00
69099,10.26,2026-03-06 16:49:36.523763+00
69100,10.12,2026-03-06 16:50:31.657934+00
69101,9.05,2026-03-06 16:51:24.660486+00
69102,9.53,2026-03-06 16:52:22.31562+00
69103,8.71,2026-03-06 16:53:14.994441+00
69104,8.91,2026-03-06 16:54:24.223124+00
69105,9.41,2026-03-06 16:55:02.482525+00
69106,9.23,2026-03-06 16:56:31.918456+00
69107,10.29,2026-03-06 16:57:34.164769+00
69108,8.67,2026-03-06 16:58:44.236981+00
69109,9.96,2026-03-06 16:59:35.609481+00
69110,8.96,2026-03-06 17:00:33.2046+00
69111,10.11,2026-03-06 17:01:33.530126+00
69112,9.31,2026-03-06 17:03:25.48286+00
69113,9.09,2026-03-06 17:04:23.55019+00
69114,9.97,2026-03-06 17:05:43.823809+00
69115,9.01,2026-03-06 17:06:28.032829+00
69116,9.44,2026-03-06 17:07:45.590573+00
69117,9.81,2026-03-06 17:08:01.308432+00
69118,8.75,2026-03-06 17:09:42.047885+00
69119,9.03,2026-03-06 17:10:47.40951+00
69120,8.81,2026-03-06 17:11:43.342077+00
69121,8.56,2026-03-06 17:12:05.994147+00
69122,8.38,2026-03-06 17:13:33.890007+00
69123,10.07,2026-03-06 17:14:37.405064+00
69124,10.13,2026-03-06 17:15:23.469738+00
69125,10.15,2026-03-06 17:16:06.391442+00
69126,9.13,2026-03-06 17:18:43.600497+00
69127,9.26,2026-03-06 17:19:38.638721+00
69128,8.3,2026-03-06 17:20:33.905261+00
69129,9.65,2026-03-06 17:21:47.684321+00
69130,10.08,2026-03-06 17:22:16.531817+00
69131,8.57,2026-03-06 17:23:34.038792+00
69132,8.3,2026-03-06 17:24:19.59529+00
69133,9.09,2026-03-06 17:25:08.917291+00
69134,8.88,2026-03-06 17:26:05.357477+00
69135,8.4,2026-03-06 17:27:14.876893+00
69136,8.34,2026-03-06 17:28:04.38293+00
69137,8.23,2026-03-06 17:29:22.324709+00
69138,8.74,2026-03-06 17:30:17.006418+00
69139,9.81,2026-03-06 17:31:48.393798+00
69140,9.51,2026-03-06 17:33:48.058802+00
69141,8.36,2026-03-06 17:34:47.150713+00
69142,9.8,2026-03-06 17:35:02.932821+00
69143,9.53,2026-03-06 17:36:48.041469+00
69144,8.72,2026-03-06 17:37:49.747854+00
69145,9.27,2026-03-06 17:38:40.288413+00
69146,8.21,2026-03-06 17:39:33.30754+00
69147,9.48,2026-03-06 17:40:04.340426+00
69148,9.82,2026-03-06 17:41:28.114582+00
69149,8.22,2026-03-06 17:42:21.070546+00
69150,9.78,2026-03-06 17:43:47.345894+00
69151,7.94,2026-03-06 17:44:31.311118+00
69152,9.14,2026-03-06 17:45:17.506052+00
69153,8.94,2026-03-06 17:46:00.494299+00
69154,8.67,2026-03-06 17:48:27.071258+00
69155,8.02,2026-03-06 17:49:40.331577+00
69156,9.4,2026-03-06 17:50:02.902493+00
69157,9.12,2026-03-06 17:51:28.78545+00
69158,9.48,2026-03-06 17:52:21.355006+00
69159,9.4,2026-03-06 17:53:40.919261+00
69160,8.94,2026-03-06 17:54:42.385338+00
69161,8.69,2026-03-06 17:55:01.633371+00
69162,8.04,2026-03-06 17:56:00.635395+00
69163,9.19,2026-03-06 17:57:11.136141+00
69164,7.88,2026-03-06 17:58:10.806138+00
69165,8.86,2026-03-06 17:59:45.839015+00
69166,7.97,2026-03-06 18:00:39.496254+00
69167,8.89,2026-03-06 18:01:42.863078+00
69168,9.16,2026-03-06 18:03:48.560752+00
69169,8.49,2026-03-06 18:04:21.202952+00
69170,9.56,2026-03-06 18:05:14.955214+00
69171,9.09,2026-03-06 18:06:01.999204+00
69172,7.98,2026-03-06 18:07:18.205451+00
69173,9.18,2026-03-06 18:08:26.490773+00
69174,8.5,2026-03-06 18:09:38.64699+00
69175,9.19,2026-03-06 18:10:42.033067+00
69176,8.99,2026-03-06 18:11:04.131002+00
69177,9.37,2026-03-06 18:12:09.08476+00
69178,8.22,2026-03-06 18:13:39.328547+00
69179,8.52,2026-03-06 18:14:09.347713+00
69180,9.38,2026-03-06 18:16:11.16089+00
69181,7.87,2026-03-06 18:17:15.93375+00
69182,9.42,2026-03-06 18:18:29.929282+00
69183,8.97,2026-03-06 18:19:37.909273+00
69184,8.2,2026-03-06 18:20:13.106932+00
69185,8.6,2026-03-06 18:21:30.612902+00
69186,8.9,2026-03-06 18:22:03.262321+00
69187,8.87,2026-03-06 18:23:24.671099+00
69188,9.17,2026-03-06 18:24:48.004718+00
69189,9.43,2026-03-06 18:27:36.969048+00
69190,9.51,2026-03-06 18:28:10.826141+00
69191,7.83,2026-03-06 18:29:30.918121+00
69192,9.1,2026-03-06 18:30:05.697422+00
69193,9.47,2026-03-06 18:31:46.885835+00
69194,9.67,2026-03-06 18:32:15.715631+00
69195,8.92,2026-03-06 18:33:26.453433+00
69196,9.53,2026-03-06 18:34:14.998125+00
69197,8.82,2026-03-06 18:35:16.912908+00
69198,9.24,2026-03-06 18:36:18.312486+00
69199,8.78,2026-03-06 18:37:07.636254+00
69200,9.59,2026-03-06 18:38:24.733511+00
69201,9.19,2026-03-06 18:39:04.51088+00
69202,9.35,2026-03-06 18:40:03.870042+00
69203,9.55,2026-03-06 18:42:47.59815+00
69204,9.61,2026-03-06 18:43:12.464795+00
69205,9.7,2026-03-06 18:44:25.946851+00
69206,9.17,2026-03-06 18:45:44.460787+00
69207,7.8,2026-03-06 18:46:23.944023+00
69208,8.3,2026-03-06 18:47:09.120637+00
69209,8.12,2026-03-06 18:48:29.949781+00
69210,9.49,2026-03-06 18:49:26.98957+00
69211,8.41,2026-03-06 18:50:29.134682+00
69212,9.62,2026-03-06 18:51:33.554527+00
69213,9.56,2026-03-06 18:52:26.007293+00
69214,8.93,2026-03-06 18:53:16.754116+00
69215,8.65,2026-03-06 18:54:39.619562+00
69216,9.08,2026-03-06 18:55:01.686805+00
69217,8.79,2026-03-06 18:57:26.564566+00
69218,9.57,2026-03-06 18:58:26.079643+00
69219,9.18,2026-03-06 18:59:14.031806+00
69220,7.93,2026-03-06 19:00:22.930998+00
69221,8.61,2026-03-06 19:01:48.275164+00
69222,8.75,2026-03-06 19:02:43.33001+00
69223,8.01,2026-03-06 19:03:42.953387+00
69224,9.54,2026-03-06 19:04:18.813537+00
69225,8.59,2026-03-06 19:05:04.472383+00
69226,8.04,2026-03-06 19:06:34.177739+00
69227,9.55,2026-03-06 19:07:41.643032+00
69228,9.34,2026-03-06 19:08:14.778581+00
69229,8.29,2026-03-06 19:09:31.507036+00
69230,8.52,2026-03-06 19:10:43.11434+00
69231,7.86,2026-03-06 19:12:06.392082+00
69232,9.55,2026-03-06 19:13:19.022798+00
69233,8.1,2026-03-06 19:14:28.727082+00
69234,7.96,2026-03-06 19:15:25.133868+00
69235,9.64,2026-03-06 19:16:25.306749+00
69236,9.6,2026-03-06 19:17:08.922482+00
69237,8.35,2026-03-06 19:18:32.314991+00
69238,9.65,2026-03-06 19:19:04.816057+00
69239,8.32,2026-03-06 19:20:23.842866+00
69240,9.5,2026-03-06 19:21:38.000494+00
69241,7.78,2026-03-06 19:22:43.543355+00
69242,7.92,2026-03-06 19:23:18.603651+00
69243,8.6,2026-03-06 19:24:00.762048+00
69244,8.32,2026-03-06 19:25:30.4662+00
69245,8.42,2026-03-06 19:27:16.036867+00
69246,9.59,2026-03-06 19:28:10.573944+00
69247,9.11,2026-03-06 19:29:00.798568+00
69248,7.82,2026-03-06 19:30:24.33341+00
69249,9.54,2026-03-06 19:31:49.459465+00
69250,9.58,2026-03-06 19:32:44.057969+00
69251,9.2,2026-03-06 19:33:24.899999+00
69252,8.58,2026-03-06 19:34:33.082991+00
69253,7.69,2026-03-06 19:35:40.22028+00
69254,7.8,2026-03-06 19:36:19.931341+00
69255,8.77,2026-03-06 19:37:42.133006+00
69256,8.85,2026-03-06 19:38:33.657954+00
69257,7.73,2026-03-06 19:39:34.594721+00
69258,7.93,2026-03-06 19:40:26.578338+00
69259,8.69,2026-03-06 19:42:31.228296+00
69260,8.78,2026-03-06 19:43:10.129003+00
69261,7.73,2026-03-06 19:44:39.588663+00
69262,9.41,2026-03-06 19:45:46.738622+00
69263,9.5,2026-03-06 19:46:08.651081+00
69264,7.62,2026-03-06 19:47:06.794122+00
69265,8.17,2026-03-06 19:48:22.663073+00
69266,9.34,2026-03-06 19:49:09.117331+00
69267,8.7,2026-03-06 19:50:20.003149+00
69268,9.07,2026-03-06 19:51:49.84488+00
69269,9.6,2026-03-06 19:52:25.037404+00
69270,7.78,2026-03-06 19:53:06.300622+00
69271,9.09,2026-03-06 19:54:31.373723+00
69272,7.87,2026-03-06 19:55:04.550409+00
69273,9.48,2026-03-06 19:57:17.520965+00
69274,8.05,2026-03-06 19:58:08.67648+00
69275,9.45,2026-03-06 19:59:16.438094+00
69276,8.43,2026-03-06 20:00:03.289627+00
69277,7.97,2026-03-06 20:01:01.936315+00
69278,8.55,2026-03-06 20:02:16.649588+00
69279,8.88,2026-03-06 20:03:24.494683+00
69280,8.14,2026-03-06 20:04:49.032694+00
69281,9.17,2026-03-06 20:05:01.470331+00
69282,8.01,2026-03-06 20:06:00.487309+00
69283,9.39,2026-03-06 20:07:38.082728+00
69284,8.68,2026-03-06 20:08:30.000546+00
69285,7.91,2026-03-06 20:09:38.867707+00
69286,8.48,2026-03-06 20:10:26.031763+00
69287,8.96,2026-03-06 20:12:01.154368+00
69288,8.82,2026-03-06 20:13:24.915158+00
69289,8.38,2026-03-06 20:14:23.886433+00
69290,7.85,2026-03-06 20:15:33.237411+00
69291,8.19,2026-03-06 20:16:34.269455+00
69292,8.51,2026-03-06 20:17:49.603713+00
69293,8.96,2026-03-06 20:18:37.417216+00
69294,8.88,2026-03-06 20:19:20.767708+00
69295,8.45,2026-03-06 20:20:23.652057+00
69296,8.66,2026-03-06 20:21:40.712282+00
69297,8.7,2026-03-06 20:22:07.277895+00
69298,8.31,2026-03-06 20:23:01.556072+00
69299,8.53,2026-03-06 20:24:07.083003+00
69300,8.84,2026-03-06 20:25:10.021646+00
69301,8.88,2026-03-06 20:27:30.599317+00
69302,8.48,2026-03-06 20:28:06.164967+00
69303,7.83,2026-03-06 20:29:07.587103+00
69304,8.04,2026-03-06 20:30:48.327498+00
69305,7.91,2026-03-06 20:31:14.379962+00
69306,7.33,2026-03-06 20:32:16.841375+00
69307,8.06,2026-03-06 20:33:27.002108+00
69308,7.34,2026-03-06 20:34:03.999908+00
69309,8.12,2026-03-06 20:35:35.949154+00
69310,8.85,2026-03-06 20:36:32.124107+00
69311,8.17,2026-03-06 20:37:04.321799+00
69312,8.78,2026-03-06 20:38:43.339368+00
69313,9.03,2026-03-06 20:39:37.542678+00
69314,8.19,2026-03-06 20:40:04.224855+00
69315,7.56,2026-03-06 20:42:28.952315+00
69316,7.86,2026-03-06 20:43:29.338405+00
69317,8.71,2026-03-06 20:44:46.676773+00
69318,8.77,2026-03-06 20:45:27.511859+00
69319,8.55,2026-03-06 20:46:26.667577+00
69320,9.08,2026-03-06 20:47:22.617128+00
69321,8.21,2026-03-06 20:48:09.831122+00
69322,9.22,2026-03-06 20:49:32.903937+00
69323,8.25,2026-03-06 20:50:36.602123+00
69324,7.87,2026-03-06 20:51:40.242294+00
69325,8.24,2026-03-06 20:52:38.687186+00
69326,9.09,2026-03-06 20:53:41.280296+00
69327,7.52,2026-03-06 20:54:06.722888+00
69328,8.64,2026-03-06 20:55:08.092022+00
69329,9.07,2026-03-06 20:57:13.368771+00
69330,8.81,2026-03-06 20:58:34.190347+00
69331,7.5,2026-03-06 20:59:49.625388+00
69332,8.23,2026-03-06 21:00:26.334264+00
69333,9.16,2026-03-06 21:01:39.360763+00
69334,8.11,2026-03-06 21:02:39.590708+00
69335,8.87,2026-03-06 21:03:44.64507+00
69336,7.33,2026-03-06 21:04:26.522246+00
69337,8.31,2026-03-06 21:05:47.674968+00
69338,7.35,2026-03-06 21:06:46.169569+00
69339,9.26,2026-03-06 21:07:17.39731+00
69340,7.79,2026-03-06 21:08:44.250071+00
69341,7.93,2026-03-06 21:09:21.582743+00
69342,8.09,2026-03-06 21:10:38.402714+00
69343,7.45,2026-03-06 21:11:42.501815+00
69344,8.38,2026-03-06 21:13:06.748983+00
69345,8.45,2026-03-06 21:14:26.127764+00
69346,8.8,2026-03-06 21:15:06.045426+00
69347,7.2,2026-03-06 21:16:43.27419+00
69348,8.73,2026-03-06 21:18:19.032996+00
69349,8.68,2026-03-06 21:19:04.577903+00
69350,8,2026-03-06 21:20:02.39146+00
69351,9,2026-03-06 21:21:47.102338+00
69352,8.66,2026-03-06 21:22:11.566086+00
69353,8.21,2026-03-06 21:24:39.459535+00
69354,7.89,2026-03-06 21:25:16.904628+00
69355,9.1,2026-03-06 21:26:03.681767+00
69356,7.91,2026-03-06 21:27:03.380424+00
69357,8.41,2026-03-06 21:27:46.316508+00
69358,8.39,2026-03-06 21:28:47.466635+00
69359,9.3,2026-03-06 21:29:18.311435+00
69360,8.35,2026-03-06 21:30:24.969707+00
69361,8.96,2026-03-06 21:31:33.54664+00
69362,8.41,2026-03-06 21:32:04.726752+00
69363,8.84,2026-03-06 21:34:42.987622+00
69364,9.28,2026-03-06 21:36:26.584698+00
69365,8.81,2026-03-06 21:37:40.104237+00
69366,8.33,2026-03-06 21:38:43.469902+00
69367,7.72,2026-03-06 21:39:45.288289+00
69368,7.34,2026-03-06 21:40:17.1719+00
69369,8.99,2026-03-06 21:41:29.189003+00
69370,8.18,2026-03-06 21:42:27.045046+00
69371,7.77,2026-03-06 21:43:34.067821+00
69372,8.68,2026-03-06 21:44:27.103435+00
69373,7.81,2026-03-06 21:45:37.775917+00
69374,8.44,2026-03-06 21:47:21.078178+00
69375,9.25,2026-03-06 21:48:22.395975+00
69376,8.88,2026-03-06 21:49:11.473295+00
69377,7.9,2026-03-06 21:50:34.643776+00
69378,7.8,2026-03-06 21:51:05.291198+00
69379,8.86,2026-03-06 21:52:16.970855+00
69380,7.58,2026-03-06 21:53:19.496429+00
69381,9.27,2026-03-06 21:54:22.683044+00
69382,8.38,2026-03-06 21:55:26.756577+00
69383,7.7,2026-03-06 21:56:36.174386+00
69384,8.9,2026-03-06 21:57:38.231891+00
69385,8.45,2026-03-06 21:58:08.960476+00
69386,7.69,2026-03-06 22:01:11.453696+00
69387,9.16,2026-03-06 22:02:12.627464+00
69388,8.12,2026-03-06 22:03:19.139452+00
69389,7.84,2026-03-06 22:04:39.667324+00
69390,9.27,2026-03-06 22:05:44.935803+00
69391,8.7,2026-03-06 22:06:12.262274+00
69392,8.13,2026-03-06 22:07:29.125909+00
69393,7.59,2026-03-06 22:08:21.882355+00
69394,8.61,2026-03-06 22:09:48.137717+00
69395,8.05,2026-03-06 22:10:37.265423+00
69396,9.03,2026-03-06 22:11:00.853542+00
69397,8.57,2026-03-06 22:13:21.024015+00
69398,7.99,2026-03-06 22:14:38.267523+00
69399,7.66,2026-03-06 22:15:34.172151+00
69400,8.4,2026-03-06 22:16:03.157169+00
69401,8.2,2026-03-06 22:17:38.202882+00
69402,7.27,2026-03-06 22:18:30.796783+00
69403,7.31,2026-03-06 22:19:03.134464+00
69404,7.69,2026-03-06 22:20:30.351675+00
69405,8.51,2026-03-06 22:21:31.017647+00
69406,7.29,2026-03-06 22:22:39.158313+00
69407,8.76,2026-03-06 22:23:01.524637+00
69408,7.98,2026-03-06 22:24:11.085084+00
69409,9.2,2026-03-06 22:25:19.290733+00
69410,7.89,2026-03-06 22:26:36.753741+00
69411,9.2,2026-03-06 22:28:20.735589+00
69412,8.11,2026-03-06 22:29:49.675705+00
69413,7.8,2026-03-06 22:30:37.260878+00
69414,8.6,2026-03-06 22:31:32.098328+00
69415,8.86,2026-03-06 22:32:45.291924+00
69416,7.93,2026-03-06 22:33:35.482449+00
69417,8.4,2026-03-06 22:34:14.952472+00
69418,7.36,2026-03-06 22:35:03.177636+00
69419,7.92,2026-03-06 22:36:20.824514+00
69420,8.77,2026-03-06 22:37:27.268711+00
69421,8.43,2026-03-06 22:38:16.492811+00
69422,7.41,2026-03-06 22:39:28.922944+00
69423,7.83,2026-03-06 22:40:07.977371+00
69424,8.97,2026-03-06 22:41:42.263378+00
69425,7.9,2026-03-06 22:43:23.308365+00
69426,8.89,2026-03-06 22:44:01.959766+00
69427,8.93,2026-03-06 22:45:00.232485+00
69428,7.76,2026-03-06 22:46:10.13461+00
69429,7.28,2026-03-06 22:47:43.429063+00
69430,7.29,2026-03-06 22:48:42.19587+00
69431,7.18,2026-03-06 22:49:40.960292+00
69432,8.14,2026-03-06 22:50:05.965047+00
69433,8.77,2026-03-06 22:51:38.104987+00
69434,7.48,2026-03-06 22:52:19.459261+00
69435,7.81,2026-03-06 22:53:08.9986+00
69436,7.39,2026-03-06 22:54:12.111424+00
69437,8.52,2026-03-06 22:55:28.057299+00
69438,7.48,2026-03-06 22:56:32.518393+00
69439,7.77,2026-03-06 22:57:21.460402+00
69440,7.26,2026-03-06 22:59:41.459716+00
69441,8.3,2026-03-06 23:00:45.507839+00
69442,7.34,2026-03-06 23:01:29.053503+00
69443,8.56,2026-03-06 23:02:49.47255+00
69444,7.16,2026-03-06 23:03:14.195318+00
69445,8.67,2026-03-06 23:04:19.992086+00
69446,8.34,2026-03-06 23:05:20.921599+00
69447,7.46,2026-03-06 23:06:02.825267+00
69448,8.16,2026-03-06 23:07:16.948855+00
69449,8.44,2026-03-06 23:08:09.235907+00
69450,8.37,2026-03-06 23:09:27.364928+00
69451,9.04,2026-03-06 23:10:08.441406+00
69452,9.05,2026-03-06 23:11:30.982059+00
69453,7.11,2026-03-06 23:12:02.286855+00
69454,7.37,2026-03-06 23:14:32.657706+00
69455,7.98,2026-03-06 23:15:10.587321+00
69456,8.02,2026-03-06 23:16:07.297971+00
69457,7.42,2026-03-06 23:17:27.481638+00
69458,8.07,2026-03-06 23:18:41.064753+00
69459,7.59,2026-03-06 23:19:37.712159+00
69460,8.32,2026-03-06 23:20:47.039185+00
69461,7.51,2026-03-06 23:21:13.217827+00
69462,8.92,2026-03-06 23:22:08.288963+00
69463,7.16,2026-03-06 23:23:44.713604+00
69464,7.44,2026-03-06 23:24:10.875158+00
69465,7.48,2026-03-06 23:25:20.274961+00
69466,8.53,2026-03-06 23:26:34.582719+00
69467,8.17,2026-03-06 23:27:28.199343+00
69468,8.22,2026-03-06 23:29:35.002884+00
69469,7.67,2026-03-06 23:30:29.915569+00
69470,7.1,2026-03-06 23:31:44.495558+00
69471,7.15,2026-03-06 23:32:12.576193+00
69472,8.3,2026-03-06 23:33:03.449081+00
69473,7.83,2026-03-06 23:34:35.796051+00
69474,7.69,2026-03-06 23:35:15.073861+00
69475,8.1,2026-03-06 23:36:28.042256+00
69476,7.71,2026-03-06 23:37:03.7765+00
69477,7.13,2026-03-06 23:38:31.867323+00
69478,7.46,2026-03-06 23:39:17.602708+00
69479,8.3,2026-03-06 23:40:03.714209+00
69480,7.28,2026-03-06 23:41:18.007333+00
69481,8.07,2026-03-06 23:42:37.996789+00
69482,7.92,2026-03-06 23:44:37.765601+00
69483,8.14,2026-03-06 23:45:41.288889+00
69484,6.92,2026-03-06 23:46:17.980827+00
69485,8.26,2026-03-06 23:47:21.149619+00
69486,7.34,2026-03-06 23:48:38.133852+00
69487,6.9,2026-03-06 23:49:16.559082+00
69488,6.85,2026-03-06 23:50:19.227191+00
69489,7.53,2026-03-06 23:51:18.662496+00
69490,8.24,2026-03-06 23:52:15.402205+00
69491,8.62,2026-03-06 23:53:47.68645+00
69492,7.71,2026-03-06 23:54:46.177239+00
69493,8.72,2026-03-06 23:55:27.678486+00
69494,8.49,2026-03-06 23:56:02.872005+00
69495,6.83,2026-03-06 23:57:41.773126+00
69496,8.71,2026-03-06 23:59:34.299704+00
69497,8.2,2026-03-07 00:00:12.566169+00
69498,8.48,2026-03-07 00:01:45.454688+00
69499,7.27,2026-03-07 00:02:02.195207+00
69500,8.03,2026-03-07 00:03:27.125225+00
69501,8,2026-03-07 00:04:02.359242+00
69502,7.89,2026-03-07 00:05:49.829761+00
69503,6.89,2026-03-07 00:06:32.484092+00
69504,7.12,2026-03-07 00:07:37.602245+00
69505,7.26,2026-03-07 00:08:20.933806+00
69506,7.18,2026-03-07 00:09:29.761946+00
69507,6.97,2026-03-07 00:10:01.263495+00
69508,7.85,2026-03-07 00:11:41.073794+00
69509,7.8,2026-03-07 00:13:00.776263+00
69510,7.92,2026-03-07 00:14:03.148164+00
69511,8.2,2026-03-07 00:15:48.218779+00
69512,6.77,2026-03-07 00:16:05.118283+00
69513,7.38,2026-03-07 00:17:44.971376+00
69514,8.13,2026-03-07 00:18:08.421303+00
69515,6.85,2026-03-07 00:19:21.095874+00
69516,6.91,2026-03-07 00:20:16.884584+00
69517,8.7,2026-03-07 00:21:25.466079+00
69518,7.55,2026-03-07 00:22:16.994728+00
69519,8.58,2026-03-07 00:23:30.022147+00
69520,6.73,2026-03-07 00:24:11.795393+00
69521,8.06,2026-03-07 00:25:03.044689+00
69522,7.37,2026-03-07 00:26:42.595771+00
69523,7.16,2026-03-07 00:28:37.930398+00
69524,8.07,2026-03-07 00:29:32.562441+00
69525,6.92,2026-03-07 00:30:07.124386+00
69526,7.84,2026-03-07 00:31:02.38509+00
69527,7.15,2026-03-07 00:32:37.973167+00
69528,7.43,2026-03-07 00:33:46.185454+00
69529,7.95,2026-03-07 00:34:26.893409+00
69530,6.67,2026-03-07 00:35:32.140845+00
69531,6.79,2026-03-07 00:36:10.692039+00
69532,8.24,2026-03-07 00:37:37.779452+00
69533,7.28,2026-03-07 00:38:14.512781+00
69534,8.57,2026-03-07 00:39:25.222245+00
69535,7.75,2026-03-07 00:40:48.357528+00
69536,6.72,2026-03-07 00:41:32.629143+00
69537,7.7,2026-03-07 00:43:05.959315+00
69538,7.75,2026-03-07 00:44:29.838076+00
69539,6.77,2026-03-07 00:45:38.963475+00
69540,8.33,2026-03-07 00:46:35.392973+00
69541,6.65,2026-03-07 00:47:06.807977+00
69542,7.72,2026-03-07 00:48:15.001913+00
69543,8.08,2026-03-07 00:49:15.955615+00
69544,8.02,2026-03-07 00:50:09.175004+00
69545,8.05,2026-03-07 00:51:44.28319+00
69546,8.43,2026-03-07 00:52:30.116485+00
69547,8.33,2026-03-07 00:53:49.540744+00
69548,7.27,2026-03-07 00:54:44.055025+00
69549,7.46,2026-03-07 00:55:16.459566+00
69550,7.47,2026-03-07 00:56:31.132769+00
69551,8.45,2026-03-07 00:58:24.871378+00
69552,6.93,2026-03-07 00:59:47.080101+00
69553,8.36,2026-03-07 01:00:26.490103+00
69554,8.51,2026-03-07 01:01:18.308895+00
69555,6.75,2026-03-07 01:02:14.23575+00
69556,6.88,2026-03-07 01:03:17.285008+00
69557,7.89,2026-03-07 01:04:16.568265+00
69558,8.53,2026-03-07 01:05:30.269705+00
69559,6.98,2026-03-07 01:06:46.896479+00
69560,7.34,2026-03-07 01:07:36.189579+00
69561,7.07,2026-03-07 01:08:20.574236+00
69562,7.36,2026-03-07 01:09:18.224749+00
69563,7.55,2026-03-07 01:10:15.497702+00
69564,7.95,2026-03-07 01:11:30.249758+00
69565,6.71,2026-03-07 01:13:39.477028+00
69566,8.52,2026-03-07 01:14:48.25563+00
69567,7.04,2026-03-07 01:15:04.90534+00
69568,7.51,2026-03-07 01:16:10.254894+00
69569,8.34,2026-03-07 01:17:34.952539+00
69570,6.58,2026-03-07 01:18:37.7098+00
69571,7.27,2026-03-07 01:19:37.213376+00
69572,7.94,2026-03-07 01:20:15.517668+00
69573,7.02,2026-03-07 01:21:31.672472+00
69574,6.73,2026-03-07 01:22:33.22465+00
69575,7.39,2026-03-07 01:23:48.49452+00
69576,8.09,2026-03-07 01:24:19.047657+00
69577,7.14,2026-03-07 01:25:00.867869+00
69578,6.78,2026-03-07 01:26:19.321333+00
69579,8.48,2026-03-07 01:27:38.747131+00
69580,8.39,2026-03-07 01:29:17.932894+00
69581,6.64,2026-03-07 01:30:36.206421+00
69582,7.67,2026-03-07 01:31:04.515754+00
69583,7.5,2026-03-07 01:32:39.702054+00
69584,7.8,2026-03-07 01:33:21.215589+00
69585,8.14,2026-03-07 01:34:43.185222+00
69586,8.03,2026-03-07 01:35:19.097373+00
69587,6.58,2026-03-07 01:36:08.619627+00
69588,8.19,2026-03-07 01:37:23.588864+00
69589,7.33,2026-03-07 01:38:01.241709+00
69590,7.97,2026-03-07 01:39:09.613388+00
69591,6.83,2026-03-07 01:40:39.861586+00
69592,7.59,2026-03-07 01:41:48.087883+00
69593,7.41,2026-03-07 01:42:00.086397+00
69594,7.59,2026-03-07 01:44:41.774718+00
69595,7.46,2026-03-07 01:45:05.099951+00
69596,7.18,2026-03-07 01:46:41.834488+00
69597,7.61,2026-03-07 01:47:30.750462+00
69598,6.95,2026-03-07 01:48:11.252945+00
69599,6.84,2026-03-07 01:49:31.129837+00
69600,7.84,2026-03-07 01:50:49.136521+00
69601,6.71,2026-03-07 01:51:04.018351+00
69602,8.46,2026-03-07 01:52:32.328602+00
69603,7.57,2026-03-07 01:53:45.94555+00
69604,8.48,2026-03-07 01:54:00.722392+00
69605,7.49,2026-03-07 01:55:26.002938+00
69606,6.61,2026-03-07 01:56:28.771029+00
69607,6.7,2026-03-07 01:57:46.031343+00
69608,8.42,2026-03-07 01:59:33.404855+00
69609,8.15,2026-03-07 02:01:33.131186+00
69610,7.02,2026-03-07 02:02:24.797586+00
69611,7.56,2026-03-07 02:03:45.183046+00
69612,7.11,2026-03-07 02:04:10.92925+00
69613,7.39,2026-03-07 02:05:26.245487+00
69614,7.87,2026-03-07 02:06:48.253791+00
69615,7.96,2026-03-07 02:07:45.442687+00
69616,7.9,2026-03-07 02:08:34.676603+00
69617,8.46,2026-03-07 02:09:06.033384+00
69618,8.03,2026-03-07 02:10:49.01329+00
69619,8.09,2026-03-07 02:11:17.51312+00
69620,8.21,2026-03-07 02:12:45.939033+00
69621,7.39,2026-03-07 02:14:26.566213+00
69622,8.21,2026-03-07 02:15:25.842022+00
69623,6.97,2026-03-07 02:16:10.414444+00
69624,7.55,2026-03-07 02:17:39.220525+00
69625,6.71,2026-03-07 02:18:04.557456+00
69626,7.35,2026-03-07 02:19:21.298311+00
69627,7.07,2026-03-07 02:20:28.958821+00
69628,6.84,2026-03-07 02:21:12.427455+00
69629,8.35,2026-03-07 02:22:14.191047+00
69630,7.14,2026-03-07 02:23:22.845889+00
69631,6.7,2026-03-07 02:24:22.699226+00
69632,6.92,2026-03-07 02:25:36.978527+00
69633,7.35,2026-03-07 02:26:17.549111+00
69634,7.16,2026-03-07 02:27:40.924971+00
69635,8.22,2026-03-07 02:28:24.326434+00
69636,7.09,2026-03-07 02:30:18.627968+00
69637,7.07,2026-03-07 02:31:13.041961+00
69638,6.89,2026-03-07 02:32:35.673509+00
69639,7.66,2026-03-07 02:33:04.953748+00
69640,8.46,2026-03-07 02:34:34.935377+00
69641,7.78,2026-03-07 02:35:03.373612+00
69642,6.58,2026-03-07 02:36:17.473429+00
69643,7.09,2026-03-07 02:37:28.085093+00
69644,8.15,2026-03-07 02:38:29.362374+00
69645,7.62,2026-03-07 02:39:49.386035+00
69646,8.32,2026-03-07 02:40:30.142638+00
69647,6.68,2026-03-07 02:41:08.757776+00
69648,7.17,2026-03-07 02:42:19.929919+00
69649,7.12,2026-03-07 02:43:12.529123+00
69650,8.48,2026-03-07 02:45:38.061564+00
69651,8.15,2026-03-07 02:46:45.004909+00
69652,7.91,2026-03-07 02:47:06.62136+00
69653,7.33,2026-03-07 02:48:46.34629+00
69654,8.04,2026-03-07 02:49:09.336559+00
69655,7.99,2026-03-07 02:50:36.459116+00
69656,8.21,2026-03-07 02:51:28.74487+00
69657,8.29,2026-03-07 02:52:01.720139+00
69658,8.47,2026-03-07 02:53:37.964236+00
69659,6.99,2026-03-07 02:54:20.361274+00
69660,7.44,2026-03-07 02:55:03.329109+00
69661,6.7,2026-03-07 02:56:37.366857+00
69662,7.74,2026-03-07 02:57:26.239434+00
69663,7.49,2026-03-07 02:58:10.459735+00
69664,6.56,2026-03-07 03:01:22.756755+00
69665,7.25,2026-03-07 03:02:24.742305+00
69666,7.03,2026-03-07 03:03:47.413065+00
69667,6.65,2026-03-07 03:04:09.579721+00
69668,8.34,2026-03-07 03:05:05.17658+00
69669,7.11,2026-03-07 03:06:42.298706+00
69670,7.41,2026-03-07 03:07:45.980937+00
69671,6.59,2026-03-07 03:08:12.267005+00
69672,7.32,2026-03-07 03:09:21.980745+00
69673,6.64,2026-03-07 03:10:05.789441+00
69674,6.73,2026-03-07 03:11:16.515689+00
69675,7.14,2026-03-07 03:12:03.76078+00
69676,8.13,2026-03-07 03:13:34.300502+00
69677,8.48,2026-03-07 03:14:18.588985+00
69678,7.96,2026-03-07 03:16:19.469815+00
69679,6.87,2026-03-07 03:17:13.887544+00
69680,7.48,2026-03-07 03:18:08.982759+00
69681,7.04,2026-03-07 03:19:06.961619+00
69682,7.49,2026-03-07 03:20:21.258984+00
69683,7.91,2026-03-07 03:21:46.353354+00
69684,6.71,2026-03-07 03:22:03.994808+00
69685,7.85,2026-03-07 03:23:07.299205+00
69686,7.54,2026-03-07 03:24:38.996453+00
69687,8.08,2026-03-07 03:25:25.613338+00
69688,7.67,2026-03-07 03:26:13.517582+00
69689,6.61,2026-03-07 03:27:22.239975+00
69690,7.6,2026-03-07 03:28:14.770425+00
69691,6.58,2026-03-07 03:29:31.335329+00
69692,7.3,2026-03-07 03:30:19.055754+00
69693,7.15,2026-03-07 03:32:17.59241+00
69694,7.39,2026-03-07 03:33:03.920909+00
69695,8.31,2026-03-07 03:34:09.397711+00
69696,8.22,2026-03-07 03:35:27.333714+00
69697,7,2026-03-07 03:36:47.254051+00
69698,8.04,2026-03-07 03:37:25.205724+00
69699,6.68,2026-03-07 03:38:25.54332+00
69700,8.07,2026-03-07 03:39:31.741603+00
69701,8.22,2026-03-07 03:40:28.089958+00
69702,6.71,2026-03-07 03:41:34.259391+00
69703,6.91,2026-03-07 03:42:37.71266+00
69704,7.68,2026-03-07 03:43:26.357497+00
69705,6.82,2026-03-07 03:44:37.402073+00
69706,7.78,2026-03-07 03:45:42.437505+00
69707,8.15,2026-03-07 03:47:04.539529+00
69708,7.28,2026-03-07 03:48:27.443342+00
69709,8.36,2026-03-07 03:49:14.923327+00
69710,6.95,2026-03-07 03:50:35.519086+00
69711,7.5,2026-03-07 03:51:39.526404+00
69712,8.33,2026-03-07 03:52:12.811948+00
69713,7.75,2026-03-07 03:53:13.652934+00
69714,6.96,2026-03-07 03:54:46.20306+00
69715,7.62,2026-03-07 03:55:02.095607+00
69716,8.22,2026-03-07 03:56:38.744471+00
69717,7.09,2026-03-07 03:57:09.224721+00
69718,6.41,2026-03-07 03:58:49.794131+00
69719,7.16,2026-03-07 03:59:06.156524+00
69720,6.56,2026-03-07 04:00:18.322045+00
69721,7.62,2026-03-07 04:01:03.600328+00
69722,7.4,2026-03-07 04:03:11.895218+00
69723,6.8,2026-03-07 04:04:02.369848+00
69724,6.41,2026-03-07 04:05:19.785485+00
69725,8.13,2026-03-07 04:06:14.830324+00
69726,7.81,2026-03-07 04:07:02.459858+00
69727,7.4,2026-03-07 04:08:22.068426+00
69728,7.38,2026-03-07 04:09:30.063123+00
69729,8.13,2026-03-07 04:10:39.697085+00
69730,7.44,2026-03-07 04:11:49.08569+00
69731,8.24,2026-03-07 04:12:14.756836+00
69732,6.81,2026-03-07 04:13:35.283499+00
69733,7.06,2026-03-07 04:14:36.600183+00
69734,7.39,2026-03-07 04:15:14.0128+00
69735,8.15,2026-03-07 04:16:48.925718+00
69736,6.48,2026-03-07 04:18:34.058088+00
69737,6.65,2026-03-07 04:19:15.77536+00
69738,7.92,2026-03-07 04:20:35.909399+00
69739,7.77,2026-03-07 04:21:30.409978+00
69740,7.81,2026-03-07 04:22:06.65126+00
69741,8.17,2026-03-07 04:23:15.003695+00
69742,6.41,2026-03-07 04:24:00.487557+00
69743,7.81,2026-03-07 04:25:38.557157+00
69744,7.31,2026-03-07 04:26:48.494085+00
69745,6.68,2026-03-07 04:27:00.732162+00
69746,8.05,2026-03-07 04:28:23.309295+00
69747,6.41,2026-03-07 04:29:05.520613+00
69748,7.52,2026-03-07 04:30:38.638044+00
69749,8.16,2026-03-07 04:31:40.588936+00
69750,6.62,2026-03-07 04:33:49.143493+00
69751,6.52,2026-03-07 04:34:15.434438+00
69752,7.4,2026-03-07 04:35:12.49516+00
69753,6.55,2026-03-07 04:36:41.818003+00
69754,6.42,2026-03-07 04:37:04.789426+00
69755,8.16,2026-03-07 04:38:23.22005+00
69756,7.77,2026-03-07 04:39:07.244104+00
69757,8.29,2026-03-07 04:40:04.975572+00
69758,8.35,2026-03-07 04:41:05.703989+00
69759,6.92,2026-03-07 04:42:48.167258+00
69760,7,2026-03-07 04:43:32.986299+00
69761,6.63,2026-03-07 04:44:28.51526+00
69762,8.2,2026-03-07 04:45:19.158543+00
69763,7.83,2026-03-07 04:46:40.368465+00
69764,7.58,2026-03-07 04:48:37.907672+00
69765,6.52,2026-03-07 04:49:41.66851+00
69766,8.4,2026-03-07 04:50:16.813385+00
69767,7.95,2026-03-07 04:51:01.400671+00
69768,8.33,2026-03-07 04:52:48.016506+00
69769,7.88,2026-03-07 04:53:20.585349+00
69770,7.77,2026-03-07 04:54:18.03732+00
69771,7.82,2026-03-07 04:55:48.192592+00
69772,8.3,2026-03-07 04:56:04.478272+00
69773,8.11,2026-03-07 04:57:42.150245+00
69774,6.95,2026-03-07 04:58:24.313886+00
69775,8.28,2026-03-07 04:59:42.540987+00
69776,6.65,2026-03-07 05:00:39.126133+00
69777,7.58,2026-03-07 05:01:41.422561+00
69778,7.36,2026-03-07 05:03:21.403698+00
69779,7.82,2026-03-07 05:04:47.085929+00
69780,8.32,2026-03-07 05:05:08.985522+00
69781,8.3,2026-03-07 05:06:49.764691+00
69782,6.67,2026-03-07 05:07:40.927277+00
69783,6.95,2026-03-07 05:08:46.30796+00
69784,6.76,2026-03-07 05:09:41.584216+00
69785,7.22,2026-03-07 05:10:21.613806+00
69786,7.13,2026-03-07 05:11:13.671629+00
69787,7.9,2026-03-07 05:12:10.682814+00
69788,7.15,2026-03-07 05:13:14.697106+00
69789,7.4,2026-03-07 05:14:14.839479+00
69790,7.87,2026-03-07 05:15:04.956401+00
69791,6.47,2026-03-07 05:16:10.072659+00
69792,6.48,2026-03-07 05:17:15.177854+00
69793,6.67,2026-03-07 05:19:14.326922+00
69794,6.95,2026-03-07 05:20:10.154787+00
69795,8.11,2026-03-07 05:21:29.708312+00
69796,7.39,2026-03-07 05:22:40.809895+00
69797,8.24,2026-03-07 05:23:26.956008+00
69798,8.2,2026-03-07 05:24:36.96467+00
69799,6.44,2026-03-07 05:25:09.731061+00
69800,8.31,2026-03-07 05:26:38.740699+00
69801,6.9,2026-03-07 05:27:02.875454+00
69802,8.32,2026-03-07 05:28:00.681534+00
69803,8.36,2026-03-07 05:29:03.065152+00
69804,8.24,2026-03-07 05:30:43.083248+00
69805,7.45,2026-03-07 05:31:38.997506+00
69806,6.86,2026-03-07 05:32:36.291001+00
69807,7.34,2026-03-07 05:34:01.288614+00
69808,7.76,2026-03-07 05:35:28.944552+00
69809,7.54,2026-03-07 05:37:17.113536+00
69810,7.45,2026-03-07 05:38:31.134962+00
69811,8.13,2026-03-07 05:39:06.024891+00
69812,6.57,2026-03-07 05:40:41.575109+00
69813,8.13,2026-03-07 05:41:48.547144+00
69814,7.97,2026-03-07 05:42:19.05669+00
69815,6.64,2026-03-07 05:43:38.748662+00
69816,7.39,2026-03-07 05:44:38.281727+00
69817,6.96,2026-03-07 05:46:34.337229+00
69818,7.7,2026-03-07 05:47:27.053755+00
69819,6.85,2026-03-07 05:48:29.592924+00
69820,8.24,2026-03-07 05:49:31.300336+00
69821,7.24,2026-03-07 05:50:35.715549+00
69822,6.74,2026-03-07 05:51:12.246813+00
69823,7.59,2026-03-07 05:52:17.794037+00
69824,6.86,2026-03-07 05:53:46.327041+00
69825,7.91,2026-03-07 05:54:47.530406+00
69826,8.3,2026-03-07 05:55:45.246941+00
69827,7.71,2026-03-07 05:56:09.97544+00
69828,8.29,2026-03-07 05:57:08.981804+00
69829,7.73,2026-03-07 05:58:09.324468+00
69830,7.02,2026-03-07 05:59:22.066985+00
69831,7.25,2026-03-07 06:00:03.710587+00
69832,7.8,2026-03-07 06:02:01.558601+00
69833,7.04,2026-03-07 06:03:40.075672+00
69834,7.79,2026-03-07 06:04:36.753954+00
69835,7.18,2026-03-07 06:05:47.992767+00
69836,6.8,2026-03-07 06:06:05.735399+00
69837,6.41,2026-03-07 06:07:13.018634+00
69838,7.9,2026-03-07 06:08:35.310675+00
69839,7.13,2026-03-07 06:09:22.786093+00
69840,7.87,2026-03-07 06:10:38.138883+00
69841,6.42,2026-03-07 06:11:43.499921+00
69842,6.49,2026-03-07 06:12:12.376512+00
69843,7.11,2026-03-07 06:13:37.490866+00
69844,7.17,2026-03-07 06:14:17.612867+00
69845,7.86,2026-03-07 06:15:14.636743+00
69846,7.7,2026-03-07 06:17:04.178875+00
69847,7.04,2026-03-07 06:18:34.719738+00
69848,7.68,2026-03-07 06:19:14.401837+00
69849,8.07,2026-03-07 06:20:32.503571+00
69850,7.65,2026-03-07 06:21:32.184915+00
69851,7.47,2026-03-07 06:22:22.458454+00
69852,6.47,2026-03-07 06:23:18.472546+00
69853,7.92,2026-03-07 06:24:17.593053+00
69854,7.29,2026-03-07 06:25:41.873032+00
69855,7.22,2026-03-07 06:26:36.744625+00
69856,7.18,2026-03-07 06:27:29.408961+00
69857,6.73,2026-03-07 06:28:27.824571+00
69858,7.32,2026-03-07 06:29:42.266381+00
69859,6.67,2026-03-07 06:31:12.710403+00
69860,7.28,2026-03-07 06:32:07.653427+00
69861,7.97,2026-03-07 06:33:38.676629+00
69862,6.88,2026-03-07 06:34:18.42639+00
69863,6.43,2026-03-07 06:35:20.870385+00
69864,8.29,2026-03-07 06:36:20.894764+00
69865,7.85,2026-03-07 06:37:08.454599+00
69866,7.92,2026-03-07 06:38:29.060027+00
69867,6.74,2026-03-07 06:39:40.130431+00
69868,7.3,2026-03-07 06:40:12.303839+00
69869,7.23,2026-03-07 06:41:38.830731+00
69870,7.84,2026-03-07 06:42:09.66372+00
69871,6.66,2026-03-07 06:43:23.493984+00
69872,7.92,2026-03-07 06:44:41.868439+00
69873,7.14,2026-03-07 06:45:19.705512+00
69874,6.86,2026-03-07 06:47:31.354327+00
69875,6.47,2026-03-07 06:48:40.103947+00
69876,7.09,2026-03-07 06:49:10.534792+00
69877,6.42,2026-03-07 06:50:38.263696+00
69878,6.7,2026-03-07 06:51:30.107417+00
69879,6.76,2026-03-07 06:52:48.436567+00
69880,7.38,2026-03-07 06:53:16.447743+00
69881,7.41,2026-03-07 06:54:42.376281+00
69882,7.27,2026-03-07 06:55:18.89933+00
69883,7.8,2026-03-07 06:56:16.857274+00
69884,7.22,2026-03-07 06:57:37.880689+00
69885,6.32,2026-03-07 06:58:31.126137+00
69886,6.77,2026-03-07 06:59:16.668098+00
69887,7,2026-03-07 07:00:36.842386+00
69888,6.46,2026-03-07 07:01:04.194981+00
69889,6.62,2026-03-07 07:03:29.134494+00
69890,7.9,2026-03-07 07:04:01.985224+00
69891,7.16,2026-03-07 07:05:40.571017+00
69892,6.52,2026-03-07 07:06:18.500422+00
69893,7.74,2026-03-07 07:07:22.150704+00
69894,7.74,2026-03-07 07:08:11.941363+00
69895,7.18,2026-03-07 07:09:15.051007+00
69896,7.96,2026-03-07 07:10:13.811228+00
69897,7.73,2026-03-07 07:11:37.650122+00
69898,8.05,2026-03-07 07:12:32.207724+00
69899,7.59,2026-03-07 07:13:46.53163+00
69900,7,2026-03-07 07:14:00.342285+00
69901,7.39,2026-03-07 07:15:14.632723+00
69902,6.49,2026-03-07 07:17:41.681414+00
69903,6.51,2026-03-07 07:18:09.655346+00
69904,7.02,2026-03-07 07:19:01.21378+00
69905,6.62,2026-03-07 07:20:17.539748+00
69906,8.09,2026-03-07 07:21:15.010875+00
69907,7.76,2026-03-07 07:22:40.610329+00
69908,7.15,2026-03-07 07:23:42.13701+00
69909,7.95,2026-03-07 07:24:46.876665+00
69910,6.54,2026-03-07 07:25:34.355828+00
69911,6.62,2026-03-07 07:26:36.692165+00
69912,6.36,2026-03-07 07:27:16.038403+00
69913,7.66,2026-03-07 07:28:30.239107+00
69914,7.19,2026-03-07 07:29:33.543438+00
69915,6.52,2026-03-07 07:30:01.397561+00
69916,7.56,2026-03-07 07:32:19.264804+00
69917,6.39,2026-03-07 07:33:07.72039+00
69918,8.3,2026-03-07 07:34:20.526957+00
69919,6.81,2026-03-07 07:35:27.155309+00
69920,7.2,2026-03-07 07:36:14.959877+00
69921,7.31,2026-03-07 07:37:39.229313+00
69922,7.75,2026-03-07 07:38:11.469136+00
69923,6.77,2026-03-07 07:39:21.338838+00
69924,7.83,2026-03-07 07:40:01.188931+00
69925,8.15,2026-03-07 07:41:46.443773+00
69926,8.27,2026-03-07 07:42:07.53396+00
69927,7.4,2026-03-07 07:43:33.011646+00
69928,6.39,2026-03-07 07:44:27.455389+00
69929,6.3,2026-03-07 07:45:18.204341+00
69930,6.77,2026-03-07 07:47:38.213369+00
69931,7.25,2026-03-07 07:48:02.305746+00
69932,8.21,2026-03-07 07:50:27.553441+00
69933,6.53,2026-03-07 07:51:33.835689+00
69934,8.09,2026-03-07 07:52:31.323733+00
69935,6.98,2026-03-07 07:53:05.019396+00
69936,6.43,2026-03-07 07:54:15.544957+00
69937,7.23,2026-03-07 07:55:49.930443+00
69938,7.91,2026-03-07 07:56:13.101224+00
69939,6.82,2026-03-07 07:58:17.174811+00
69940,7.78,2026-03-07 07:59:16.676892+00
69941,8.15,2026-03-07 08:01:31.043597+00
69942,7.5,2026-03-07 08:02:41.519777+00
69943,7.17,2026-03-07 08:03:18.166582+00
69944,7.35,2026-03-07 08:04:23.875534+00
69945,7.39,2026-03-07 08:05:18.390506+00
69946,8,2026-03-07 08:06:40.584407+00
69947,7.01,2026-03-07 08:07:23.154797+00
69948,7.33,2026-03-07 08:08:47.329926+00
69949,7.3,2026-03-07 08:09:06.275505+00
69950,7.43,2026-03-07 08:10:17.434598+00
69951,7.89,2026-03-07 08:11:41.374283+00
69952,6.85,2026-03-07 08:12:46.505772+00
69953,6.92,2026-03-07 08:13:13.612606+00
69954,8.07,2026-03-07 08:15:26.54465+00
69955,7.96,2026-03-07 08:16:17.957414+00
69956,6.86,2026-03-07 08:17:41.444774+00
69957,7.67,2026-03-07 08:18:26.209747+00
69958,6.93,2026-03-07 08:19:24.40478+00
69959,7.35,2026-03-07 08:20:02.939261+00
69960,7.33,2026-03-07 08:21:45.467419+00
69961,6.49,2026-03-07 08:22:30.893362+00
69962,7.84,2026-03-07 08:23:23.400642+00
69963,8,2026-03-07 08:24:44.56655+00
69964,8.21,2026-03-07 08:25:39.653281+00
69965,6.66,2026-03-07 08:26:26.416263+00
69966,6.64,2026-03-07 08:27:42.266309+00
69967,7.57,2026-03-07 08:28:29.045298+00
69968,7.2,2026-03-07 08:30:35.546626+00
69969,7.89,2026-03-07 08:31:08.982826+00
69970,8.18,2026-03-07 08:32:18.834936+00
69971,7.46,2026-03-07 08:33:12.007582+00
69972,6.9,2026-03-07 08:34:08.103458+00
69973,7.59,2026-03-07 08:35:39.879674+00
69974,7.31,2026-03-07 08:36:05.258754+00
69975,7.15,2026-03-07 08:37:34.60342+00
69976,7.46,2026-03-07 08:38:01.774144+00
69977,7.08,2026-03-07 08:39:32.460876+00
69978,7.95,2026-03-07 08:40:30.865568+00
69979,8.02,2026-03-07 08:41:39.222054+00
69980,7.06,2026-03-07 08:42:06.795456+00
69981,7.9,2026-03-07 08:44:15.515784+00
69982,7.45,2026-03-07 08:45:08.350758+00
69983,6.56,2026-03-07 08:46:08.023775+00
69984,7.21,2026-03-07 08:47:29.720405+00
69985,7.53,2026-03-07 08:48:01.100403+00
69986,8.12,2026-03-07 08:49:14.975603+00
69987,7.28,2026-03-07 08:50:05.901388+00
69988,7.14,2026-03-07 08:51:32.509492+00
69989,8.24,2026-03-07 08:52:49.080403+00
69990,8.14,2026-03-07 08:53:06.087038+00
69991,8.49,2026-03-07 08:54:15.470401+00
69992,6.79,2026-03-07 08:55:48.84069+00
69993,7.03,2026-03-07 08:56:13.021773+00
69994,7.31,2026-03-07 08:57:45.55229+00
69995,6.96,2026-03-07 08:59:33.044585+00
69996,7.52,2026-03-07 09:01:48.966947+00
69997,8.4,2026-03-07 09:02:05.252018+00
69998,8.26,2026-03-07 09:03:44.794256+00
69999,7.16,2026-03-07 09:04:20.55431+00
70000,6.76,2026-03-07 09:05:04.367103+00
70001,8.57,2026-03-07 09:06:23.986229+00
70002,7.41,2026-03-07 09:07:04.253166+00
70003,8.43,2026-03-07 09:08:42.427169+00
70004,7.55,2026-03-07 09:09:47.261191+00
70005,7.85,2026-03-07 09:10:08.739245+00
70006,8.59,2026-03-07 09:11:03.13593+00
70007,6.85,2026-03-07 09:12:16.237267+00
70008,7.12,2026-03-07 09:14:13.257017+00
70009,8.7,2026-03-07 09:15:33.695553+00
70010,7.08,2026-03-07 09:16:14.305293+00
70011,6.9,2026-03-07 09:17:22.756249+00
70012,7.36,2026-03-07 09:18:38.970226+00
70013,8.27,2026-03-07 09:19:48.126815+00
70014,8.03,2026-03-07 09:20:01.524214+00
70015,7.27,2026-03-07 09:21:18.14761+00
70016,8.58,2026-03-07 09:22:25.835976+00
70017,7.8,2026-03-07 09:23:45.128436+00
70018,8.34,2026-03-07 09:24:17.523815+00
70019,7.26,2026-03-07 09:25:36.98043+00
70020,7.42,2026-03-07 09:26:01.187955+00
70021,7.38,2026-03-07 09:27:26.086693+00
70022,7.74,2026-03-07 09:30:05.75524+00
70023,8.56,2026-03-07 09:31:35.726911+00
70024,7.63,2026-03-07 09:32:13.558077+00
70025,7.65,2026-03-07 09:33:04.513253+00
70026,8.89,2026-03-07 09:34:06.229869+00
70027,7.18,2026-03-07 09:35:28.790818+00
70028,7.38,2026-03-07 09:36:04.10311+00
70029,7.06,2026-03-07 09:37:48.335888+00
70030,7.61,2026-03-07 09:38:30.933424+00
70031,7.54,2026-03-07 09:40:39.38975+00
70032,8.29,2026-03-07 09:41:27.326168+00
70033,8.27,2026-03-07 09:42:23.992842+00
70034,7.9,2026-03-07 09:43:18.718131+00
70035,7.08,2026-03-07 09:44:13.274742+00
70036,8.93,2026-03-07 09:45:11.338277+00
70037,8.86,2026-03-07 09:46:49.873333+00
70038,7.01,2026-03-07 09:47:24.362349+00
70039,8.14,2026-03-07 09:48:11.327567+00
70040,7.08,2026-03-07 09:49:25.856161+00
70041,7.65,2026-03-07 09:50:25.331214+00
70042,8.76,2026-03-07 09:51:47.435608+00
70043,7.28,2026-03-07 09:52:03.599907+00
70044,8,2026-03-07 09:54:25.438591+00
70045,8.36,2026-03-07 09:55:44.527754+00
70046,8.63,2026-03-07 09:56:35.111068+00
70047,8.41,2026-03-07 09:57:48.228767+00
70048,8.19,2026-03-07 09:58:28.826575+00
70049,8.33,2026-03-07 09:59:17.39041+00
70050,8.72,2026-03-07 10:00:27.51028+00
70051,7.34,2026-03-07 10:01:08.022774+00
70052,8.93,2026-03-07 10:02:31.055178+00
70053,7.42,2026-03-07 10:03:28.321985+00
70054,7.17,2026-03-07 10:04:23.104397+00
70055,8.88,2026-03-07 10:05:21.811553+00
70056,8.57,2026-03-07 10:06:26.036323+00
70057,8.95,2026-03-07 10:07:42.333246+00
70058,8.05,2026-03-07 10:09:33.397697+00
70059,7.81,2026-03-07 10:10:11.316781+00
70060,7.48,2026-03-07 10:11:10.481123+00
70061,7.83,2026-03-07 10:12:28.525567+00
70062,7.32,2026-03-07 10:13:41.074554+00
70063,8.68,2026-03-07 10:14:09.366246+00
70064,7.61,2026-03-07 10:15:03.076723+00
70065,7.98,2026-03-07 10:16:21.773648+00
70066,7.8,2026-03-07 10:17:30.677092+00
70067,8.09,2026-03-07 10:18:07.330548+00
70068,8.33,2026-03-07 10:19:31.535145+00
70069,8.74,2026-03-07 10:20:22.417465+00
70070,8.44,2026-03-07 10:21:32.771937+00
70071,7.65,2026-03-07 10:22:24.796349+00
70072,9.12,2026-03-07 10:24:25.759917+00
70073,7.81,2026-03-07 10:25:42.567788+00
70074,8.22,2026-03-07 10:26:18.031867+00
70075,7.3,2026-03-07 10:27:27.029094+00
70076,9.16,2026-03-07 10:28:00.409033+00
70077,7.21,2026-03-07 10:29:13.373488+00
70078,9.25,2026-03-07 10:30:33.242347+00
70079,7.65,2026-03-07 10:31:36.47222+00
70080,8.3,2026-03-07 10:32:44.562054+00
70081,8.7,2026-03-07 10:33:40.02419+00
70082,8.46,2026-03-07 10:34:26.080363+00
70083,8.58,2026-03-07 10:35:16.780753+00
70084,9.09,2026-03-07 10:36:29.149902+00
70085,8.44,2026-03-07 10:37:14.526436+00
70086,8.63,2026-03-07 10:39:17.296349+00
70087,9.2,2026-03-07 10:40:33.968657+00
70088,7.89,2026-03-07 10:41:13.007388+00
70089,7.64,2026-03-07 10:42:47.205041+00
70090,8.43,2026-03-07 10:43:05.079105+00
70091,9.06,2026-03-07 10:44:38.142307+00
70092,8.09,2026-03-07 10:45:40.662479+00
70093,8.26,2026-03-07 10:46:08.113539+00
70094,7.54,2026-03-07 10:47:37.976834+00
70095,8.12,2026-03-07 10:48:22.684972+00
70096,9.22,2026-03-07 10:49:36.529607+00
70097,7.79,2026-03-07 10:50:26.2392+00
70098,8.51,2026-03-07 10:51:21.680731+00
70099,8.34,2026-03-07 10:52:25.043542+00
70100,8.72,2026-03-07 10:54:32.952704+00
70101,7.88,2026-03-07 10:55:25.600737+00
70102,8.12,2026-03-07 10:56:37.265565+00
70103,8.38,2026-03-07 10:57:24.636119+00
70104,8.39,2026-03-07 10:58:03.44246+00
70105,8.83,2026-03-07 10:59:09.592035+00
70106,9.16,2026-03-07 11:00:41.696577+00
70107,8.69,2026-03-07 11:01:48.312438+00
70108,8.19,2026-03-07 11:02:04.849471+00
70109,8.2,2026-03-07 11:03:33.423922+00
70110,8.08,2026-03-07 11:04:25.601003+00
70111,9.22,2026-03-07 11:05:24.228525+00
70112,8.33,2026-03-07 11:06:36.654068+00
70113,9.07,2026-03-07 11:08:40.327862+00
70114,8.9,2026-03-07 11:09:00.168706+00
70115,9,2026-03-07 11:10:45.142387+00
70116,8.93,2026-03-07 11:11:19.8958+00
70117,7.63,2026-03-07 11:12:10.860871+00
70118,9.02,2026-03-07 11:13:17.838391+00
70119,8.73,2026-03-07 11:14:18.658149+00
70120,8.62,2026-03-07 11:15:25.324238+00
70121,8.61,2026-03-07 11:16:27.121202+00
70122,7.92,2026-03-07 11:17:41.832359+00
70123,9.29,2026-03-07 11:18:16.242694+00
70124,8.55,2026-03-07 11:19:29.258493+00
70125,8.03,2026-03-07 11:20:46.336557+00
70126,8.77,2026-03-07 11:21:41.972976+00
70127,9.53,2026-03-07 11:23:31.463424+00
70128,8.03,2026-03-07 11:24:01.137346+00
70129,9.26,2026-03-07 11:25:21.858365+00
70130,8.19,2026-03-07 11:26:07.069+00
70131,9.41,2026-03-07 11:27:20.8014+00
70132,8.34,2026-03-07 11:28:00.040169+00
70133,9.25,2026-03-07 11:29:37.05465+00
70134,7.82,2026-03-07 11:30:31.803831+00
70135,9.65,2026-03-07 11:31:14.087371+00
70136,8.55,2026-03-07 11:32:29.321647+00
70137,9.33,2026-03-07 11:33:38.480796+00
70138,7.77,2026-03-07 11:34:15.261913+00
70139,8.58,2026-03-07 11:35:16.511524+00
70140,7.91,2026-03-07 11:36:38.384844+00
70141,9.53,2026-03-07 11:38:05.592672+00
70142,9.4,2026-03-07 11:39:17.953375+00
70143,8.88,2026-03-07 11:40:19.697365+00
70144,8.36,2026-03-07 11:41:32.91362+00
70145,8.32,2026-03-07 11:42:19.675804+00
70146,8.51,2026-03-07 11:43:01.791814+00
70147,8.99,2026-03-07 11:44:13.964567+00
70148,8.31,2026-03-07 11:45:01.388434+00
70149,9.46,2026-03-07 11:46:20.548038+00
70150,9.89,2026-03-07 11:47:05.48799+00
70151,8.48,2026-03-07 11:48:07.583476+00
70152,8.27,2026-03-07 11:49:00.199627+00
70153,9.03,2026-03-07 11:50:17.061926+00
70154,8.87,2026-03-07 11:51:28.787465+00
70155,8.81,2026-03-07 11:52:41.304568+00
70156,8.65,2026-03-07 11:54:38.59355+00
70157,9.53,2026-03-07 11:55:22.4977+00
70158,8.23,2026-03-07 11:56:11.721868+00
70159,9.35,2026-03-07 11:57:49.879334+00
70160,8.62,2026-03-07 11:58:49.967152+00
70161,8.96,2026-03-07 11:59:49.724231+00
70162,9.13,2026-03-07 12:00:29.380087+00
70163,9.42,2026-03-07 12:01:38.111999+00
70164,8.98,2026-03-07 12:02:45.044524+00
70165,8.33,2026-03-07 12:03:43.63472+00
70166,9.3,2026-03-07 12:04:49.823222+00
70167,8.18,2026-03-07 12:06:19.880972+00
70168,9.06,2026-03-07 12:07:08.261814+00
70169,9.67,2026-03-07 12:08:10.485311+00
70170,9.65,2026-03-07 12:09:17.838175+00
70171,8.18,2026-03-07 12:10:34.423898+00
70172,9.03,2026-03-07 12:11:27.02255+00
70173,8.35,2026-03-07 12:12:06.682154+00
70174,9.74,2026-03-07 12:13:33.635962+00
70175,8.19,2026-03-07 12:14:29.383961+00
70176,10.03,2026-03-07 12:15:46.514091+00
70177,9.14,2026-03-07 12:16:25.761002+00
70178,8.43,2026-03-07 12:17:43.241416+00
70179,10.02,2026-03-07 12:18:43.724168+00
70180,9.4,2026-03-07 12:20:47.444195+00
70181,8.67,2026-03-07 12:21:44.99444+00
70182,9.64,2026-03-07 12:22:41.70173+00
70183,8.5,2026-03-07 12:24:31.179611+00
70184,9.21,2026-03-07 12:25:41.618809+00
70185,9.81,2026-03-07 12:26:10.457208+00
70186,8.89,2026-03-07 12:27:02.24095+00
70187,8.82,2026-03-07 12:28:07.988269+00
70188,9.7,2026-03-07 12:29:29.14628+00
70189,9.04,2026-03-07 12:31:11.171534+00
70190,9.78,2026-03-07 12:32:04.562618+00
70191,9.24,2026-03-07 12:33:23.409272+00
70192,9.92,2026-03-07 12:34:16.904943+00
70193,9.15,2026-03-07 12:35:21.417819+00
70194,10.27,2026-03-07 12:36:06.77557+00
70195,8.46,2026-03-07 12:37:48.995579+00
70196,8.52,2026-03-07 12:38:39.384719+00
70197,8.53,2026-03-07 12:39:36.81018+00
70198,8.73,2026-03-07 12:40:49.994041+00
70199,8.49,2026-03-07 12:41:37.803824+00
70200,8.57,2026-03-07 12:42:24.261218+00
70201,9,2026-03-07 12:43:04.725914+00
70202,8.45,2026-03-07 12:44:05.314035+00
70203,8.72,2026-03-07 12:46:35.543184+00
70204,9.98,2026-03-07 12:47:12.871241+00
70205,9.73,2026-03-07 12:48:25.881479+00
70206,9.07,2026-03-07 12:49:20.409942+00
70207,9.07,2026-03-07 12:50:02.867804+00
70208,9.15,2026-03-07 12:51:45.992874+00
70209,9.04,2026-03-07 12:52:07.935187+00
70210,9.42,2026-03-07 12:53:06.247537+00
70211,10.24,2026-03-07 12:54:42.172466+00
70212,10.24,2026-03-07 12:55:12.333395+00
70213,9.07,2026-03-07 12:56:04.935214+00
70214,9.46,2026-03-07 12:57:43.611122+00
70215,9.27,2026-03-07 12:58:06.508584+00
70216,9.76,2026-03-07 13:00:43.302715+00
70217,8.66,2026-03-07 13:01:09.272349+00
70218,9.21,2026-03-07 13:02:49.332407+00
70219,10.49,2026-03-07 13:03:46.844418+00
70220,8.65,2026-03-07 13:04:49.845649+00
70221,9.71,2026-03-07 13:05:28.231844+00
70222,8.84,2026-03-07 13:06:39.131965+00
70223,9.24,2026-03-07 13:07:42.559261+00
70224,9.18,2026-03-07 13:08:11.08388+00
70225,10.21,2026-03-07 13:09:47.320269+00
70226,10.17,2026-03-07 13:10:02.705486+00
70227,10.24,2026-03-07 13:11:39.411037+00
70228,9.03,2026-03-07 13:13:41.933944+00
70229,9.98,2026-03-07 13:14:40.838555+00
70230,10.33,2026-03-07 13:15:07.374559+00
70231,9.97,2026-03-07 13:16:30.511985+00
70232,10.26,2026-03-07 13:17:12.102932+00
70233,10.37,2026-03-07 13:18:06.38379+00
70234,9.22,2026-03-07 13:19:10.689169+00
70235,10.58,2026-03-07 13:20:33.417898+00
70236,9.74,2026-03-07 13:21:04.425721+00
70237,8.77,2026-03-07 13:22:43.670465+00
70238,10.45,2026-03-07 13:23:08.388545+00
70239,9.01,2026-03-07 13:24:01.905723+00
70240,9.62,2026-03-07 13:25:32.792227+00
70241,9.45,2026-03-07 13:27:03.084773+00
70242,9.54,2026-03-07 13:28:10.310385+00
70243,9.36,2026-03-07 13:29:15.136995+00
70244,10.1,2026-03-07 13:30:01.745116+00
70245,9.16,2026-03-07 13:31:13.067387+00
70246,10.69,2026-03-07 13:32:10.940166+00
70247,10.75,2026-03-07 13:33:39.026246+00
70248,10.59,2026-03-07 13:34:22.26668+00
70249,8.92,2026-03-07 13:35:37.232223+00
70250,10.76,2026-03-07 13:36:38.689097+00
70251,9.46,2026-03-07 13:37:08.802758+00
70252,10.36,2026-03-07 13:38:12.682665+00
70253,10.28,2026-03-07 13:40:07.05525+00
70254,9.86,2026-03-07 13:41:42.346844+00
70255,10.01,2026-03-07 13:42:07.260282+00
70256,10.61,2026-03-07 13:43:44.141599+00
70257,9.47,2026-03-07 13:44:26.843234+00
70258,10.56,2026-03-07 13:46:05.204158+00
70259,9.97,2026-03-07 13:47:29.631089+00
70260,10.12,2026-03-07 13:48:32.204808+00
70261,10.28,2026-03-07 13:49:38.572723+00
70262,9.54,2026-03-07 13:51:24.470447+00
70263,9.55,2026-03-07 13:52:32.507018+00
70264,10.16,2026-03-07 13:53:30.169402+00
70265,9.33,2026-03-07 13:54:04.949084+00
70266,10.32,2026-03-07 13:55:30.695991+00
70267,9.63,2026-03-07 13:56:30.599985+00
70268,9.34,2026-03-07 13:57:32.597152+00
70269,10.28,2026-03-07 13:58:17.16665+00
70270,9.36,2026-03-07 13:59:13.010036+00
70271,10.58,2026-03-07 14:00:44.179251+00
70272,9.96,2026-03-07 14:01:10.340692+00
70273,9.09,2026-03-07 14:02:03.999822+00
70274,9.66,2026-03-07 14:03:43.101449+00
70275,9.5,2026-03-07 14:04:37.975939+00
70276,8.84,2026-03-07 14:06:32.334632+00
70277,10.01,2026-03-07 14:07:47.462734+00
70278,10.38,2026-03-07 14:08:37.56183+00
70279,9.29,2026-03-07 14:09:44.963467+00
70280,8.88,2026-03-07 14:10:33.083914+00
70281,10.7,2026-03-07 14:11:30.055798+00
70282,9.88,2026-03-07 14:12:14.986996+00
70283,10.31,2026-03-07 14:13:46.682261+00
70284,10.48,2026-03-07 14:14:37.069394+00
70285,10.8,2026-03-07 14:15:09.546259+00
70286,10.34,2026-03-07 14:16:07.152491+00
70287,10.3,2026-03-07 14:17:26.091068+00
70288,10.6,2026-03-07 14:18:26.68286+00
70289,9.17,2026-03-07 14:19:02.333185+00
70290,9.13,2026-03-07 14:21:18.125871+00
70291,8.96,2026-03-07 14:22:26.761045+00
70292,10.61,2026-03-07 14:23:44.405127+00
70293,10.22,2026-03-07 14:24:32.272188+00
70294,8.93,2026-03-07 14:25:14.55078+00
70295,10.19,2026-03-07 14:26:01.096332+00
70296,9.43,2026-03-07 14:27:45.460004+00
70297,10.74,2026-03-07 14:28:42.761688+00
70298,10.12,2026-03-07 14:29:11.457284+00
70299,10.76,2026-03-07 14:30:33.733955+00
70300,10.77,2026-03-07 14:31:48.970379+00
70301,9.15,2026-03-07 14:32:39.733858+00
70302,9.29,2026-03-07 14:33:35.72881+00
70303,9.53,2026-03-07 14:34:17.823665+00
70304,9.54,2026-03-07 14:36:14.055514+00
70305,8.94,2026-03-07 14:37:43.607221+00
70306,9.64,2026-03-07 14:38:08.168267+00
70307,10.74,2026-03-07 14:39:28.197798+00
70308,10.47,2026-03-07 14:40:10.901625+00
70309,9.82,2026-03-07 14:41:36.355441+00
70310,10.02,2026-03-07 14:42:35.436328+00
70311,10.79,2026-03-07 14:43:28.13573+00
70312,9.44,2026-03-07 14:44:07.210884+00
70313,9.99,2026-03-07 14:45:31.236206+00
70314,10.11,2026-03-07 14:46:46.855773+00
70315,10.11,2026-03-07 14:47:11.830599+00
70316,9.61,2026-03-07 14:48:25.191825+00
70317,10.03,2026-03-07 14:49:05.70579+00
70318,9.19,2026-03-07 14:51:21.213829+00
70319,10.24,2026-03-07 14:52:36.966507+00
70320,10.11,2026-03-07 14:53:49.048823+00
70321,10.05,2026-03-07 14:54:11.447272+00
70322,9.83,2026-03-07 14:55:46.790921+00
70323,9.48,2026-03-07 14:56:33.401477+00
70324,9.18,2026-03-07 14:57:19.030582+00
70325,10.85,2026-03-07 14:58:40.1696+00
70326,9.28,2026-03-07 14:59:09.913791+00
70327,9.7,2026-03-07 15:00:23.278414+00
70328,10.62,2026-03-07 15:01:49.040194+00
70329,9.71,2026-03-07 15:02:11.225063+00
70330,9.43,2026-03-07 15:03:28.366553+00
70331,9.8,2026-03-07 15:04:11.669357+00
70332,10.1,2026-03-07 15:06:45.624321+00
70333,9.5,2026-03-07 15:07:29.285684+00
70334,10.43,2026-03-07 15:08:32.963832+00
70335,10.53,2026-03-07 15:09:16.786694+00
70336,10.38,2026-03-07 15:10:46.36372+00
70337,10.5,2026-03-07 15:11:35.406249+00
70338,10.32,2026-03-07 15:12:38.922108+00
70339,10.24,2026-03-07 15:13:19.218842+00
70340,10.73,2026-03-07 15:14:43.353118+00
70341,10.59,2026-03-07 15:15:31.770265+00
70342,10.01,2026-03-07 15:16:43.612559+00
70343,9.67,2026-03-07 15:17:07.571265+00
70344,10.42,2026-03-07 15:18:17.102095+00
70345,10.85,2026-03-07 15:20:42.239194+00
70346,10.12,2026-03-07 15:21:32.57154+00
70347,9.19,2026-03-07 15:22:14.389474+00
70348,10.06,2026-03-07 15:23:22.674437+00
70349,9.8,2026-03-07 15:24:16.69192+00
70350,9.86,2026-03-07 15:25:41.761318+00
70351,9.62,2026-03-07 15:26:27.928208+00
70352,10.74,2026-03-07 15:27:32.422368+00
70353,10.26,2026-03-07 15:28:38.010734+00
70354,10.16,2026-03-07 15:29:29.341226+00
70355,9.01,2026-03-07 15:30:18.905359+00
70356,9.89,2026-03-07 15:31:01.631851+00
70357,10.23,2026-03-07 15:32:21.601803+00
70358,10.7,2026-03-07 15:33:16.723258+00
70359,9.83,2026-03-07 15:35:26.653259+00
70360,10.32,2026-03-07 15:36:47.968201+00
70361,10.58,2026-03-07 15:37:30.849535+00
70362,9.2,2026-03-07 15:38:07.460576+00
70363,9.8,2026-03-07 15:39:35.379281+00
70364,9.84,2026-03-07 15:40:39.819796+00
70365,10.73,2026-03-07 15:41:03.065442+00
70366,9.48,2026-03-07 15:42:23.806123+00
70367,9.64,2026-03-07 15:43:49.423324+00
70368,10.24,2026-03-07 15:44:37.538064+00
70369,10.34,2026-03-07 15:45:40.864554+00
70370,9.68,2026-03-07 15:46:22.220292+00
70371,10.07,2026-03-07 15:47:35.469792+00
70372,10.91,2026-03-07 15:49:33.934017+00
70373,9.48,2026-03-07 15:50:27.635026+00
70374,10.21,2026-03-07 15:51:16.084095+00
70375,9.96,2026-03-07 15:52:25.496534+00
70376,9.92,2026-03-07 15:53:13.476024+00
70377,10.71,2026-03-07 15:54:32.266006+00
70378,10.12,2026-03-07 15:55:05.644706+00
70379,10.43,2026-03-07 15:56:00.231504+00
70380,9.44,2026-03-07 15:57:39.267201+00
70381,9.91,2026-03-07 15:58:22.490616+00
70382,9.27,2026-03-07 15:59:46.341865+00
70383,10.59,2026-03-07 16:00:25.321071+00
70384,10.01,2026-03-07 16:01:44.817774+00
70385,10.59,2026-03-07 16:03:14.240493+00
70386,10.68,2026-03-07 16:04:21.462264+00
70387,10.56,2026-03-07 16:05:24.062072+00
70388,10.66,2026-03-07 16:06:31.920554+00
70389,10.39,2026-03-07 16:07:17.088311+00
70390,9.76,2026-03-07 16:08:03.941066+00
70391,10.11,2026-03-07 16:09:14.872939+00
70392,10.96,2026-03-07 16:10:48.381212+00
70393,9.59,2026-03-07 16:11:11.981123+00
70394,10.37,2026-03-07 16:12:22.037778+00
70395,10.56,2026-03-07 16:13:04.270859+00
70396,9.81,2026-03-07 16:14:17.470747+00
70397,8.99,2026-03-07 16:15:49.848156+00
70398,9.9,2026-03-07 16:16:02.600549+00
70399,9.17,2026-03-07 16:17:33.077642+00
70400,10.36,2026-03-07 16:19:10.188213+00
70401,9.12,2026-03-07 16:21:15.156603+00
70402,10.38,2026-03-07 16:22:35.139087+00
70403,10.61,2026-03-07 16:23:22.361447+00
70404,9.5,2026-03-07 16:24:39.243221+00
70405,10.32,2026-03-07 16:25:28.267741+00
70406,8.98,2026-03-07 16:26:18.453547+00
70407,9.83,2026-03-07 16:27:37.613279+00
70408,9.02,2026-03-07 16:28:42.193964+00
70409,10.79,2026-03-07 16:29:28.465486+00
70410,10,2026-03-07 16:30:02.719295+00
70411,8.91,2026-03-07 16:31:45.782754+00
70412,10.85,2026-03-07 16:33:27.74593+00
70413,10.71,2026-03-07 16:34:15.174569+00
70414,9.28,2026-03-07 16:35:43.454289+00
70415,9.4,2026-03-07 16:36:07.730956+00
70416,10.29,2026-03-07 16:37:01.367651+00
70417,8.92,2026-03-07 16:38:49.762868+00
70418,9.79,2026-03-07 16:39:32.889811+00
70419,9.85,2026-03-07 16:40:00.48283+00
70420,9.57,2026-03-07 16:41:10.239702+00
70421,9.03,2026-03-07 16:42:08.884121+00
70422,9.53,2026-03-07 16:43:34.810213+00
70423,10.18,2026-03-07 16:44:13.216367+00
70424,10.35,2026-03-07 16:45:20.652435+00
70425,8.7,2026-03-07 16:46:32.869136+00
70426,9.38,2026-03-07 16:48:34.205385+00
70427,10.54,2026-03-07 16:49:39.824751+00
70428,9.58,2026-03-07 16:50:42.097484+00
70429,8.65,2026-03-07 16:51:38.83485+00
70430,10.26,2026-03-07 16:52:14.014268+00
70431,10.07,2026-03-07 16:53:31.446983+00
70432,9.88,2026-03-07 16:54:34.68332+00
70433,10.33,2026-03-07 16:55:33.842808+00
70434,8.66,2026-03-07 16:56:25.55217+00
70435,8.9,2026-03-07 16:57:17.774827+00
70436,9.96,2026-03-07 16:58:46.88281+00
70437,8.92,2026-03-07 16:59:28.928622+00
70438,8.76,2026-03-07 17:00:45.607521+00
70439,9.24,2026-03-07 17:01:21.734745+00
70440,8.75,2026-03-07 17:03:43.523395+00
70441,9.92,2026-03-07 17:04:05.591965+00
70442,9.3,2026-03-07 17:05:05.1424+00
70443,10.47,2026-03-07 17:06:19.276451+00
70444,9.75,2026-03-07 17:07:23.070281+00
70445,9.46,2026-03-07 17:08:30.974107+00
70446,9.03,2026-03-07 17:09:03.89052+00
70447,9.04,2026-03-07 17:10:13.675667+00
70448,9.44,2026-03-07 17:11:14.058219+00
70449,10.13,2026-03-07 17:12:31.211547+00
70450,9.08,2026-03-07 17:13:28.032199+00
70451,10.04,2026-03-07 17:14:37.795036+00
70452,9.79,2026-03-07 17:15:31.723062+00
70453,9,2026-03-07 17:16:16.554293+00
70454,9.41,2026-03-07 17:18:13.060875+00
70455,10.37,2026-03-07 17:19:44.737965+00
70456,8.81,2026-03-07 17:20:37.466908+00
70457,10.46,2026-03-07 17:21:42.826774+00
70458,10.39,2026-03-07 17:22:29.306963+00
70459,8.76,2026-03-07 17:23:18.588773+00
70460,8.8,2026-03-07 17:24:17.080424+00
70461,8.48,2026-03-07 17:25:30.174376+00
70462,10.37,2026-03-07 17:26:05.325287+00
70463,9.92,2026-03-07 17:27:42.14963+00
70464,8.91,2026-03-07 17:28:31.925237+00
70465,9.04,2026-03-07 17:29:06.142627+00
70466,9.74,2026-03-07 17:30:23.099909+00
70467,9.81,2026-03-07 17:31:06.836901+00
70468,8.92,2026-03-07 17:33:35.486806+00
70469,9.67,2026-03-07 17:34:44.614664+00
70470,8.78,2026-03-07 17:35:03.300211+00
70471,9.05,2026-03-07 17:36:08.696167+00
70472,8.54,2026-03-07 17:37:37.803004+00
70473,9.92,2026-03-07 17:38:14.861354+00
70474,8.48,2026-03-07 17:39:31.548223+00
70475,9.91,2026-03-07 17:40:16.142747+00
70476,9.63,2026-03-07 17:41:32.157251+00
70477,9.7,2026-03-07 17:42:43.40242+00
70478,10.01,2026-03-07 17:43:21.769503+00
70479,10.09,2026-03-07 17:44:35.303782+00
70480,9.73,2026-03-07 17:45:26.433+00
70481,9.2,2026-03-07 17:46:38.93497+00
70482,8.58,2026-03-07 17:47:42.44964+00
70483,9.36,2026-03-07 17:49:06.862646+00
70484,9.95,2026-03-07 17:50:36.533163+00
70485,9,2026-03-07 17:51:05.636977+00
70486,8.88,2026-03-07 17:52:34.671173+00
70487,9.78,2026-03-07 17:53:49.376848+00
70488,8.88,2026-03-07 17:54:48.960602+00
70489,8.8,2026-03-07 17:55:09.920796+00
70490,10.13,2026-03-07 17:56:30.975353+00
70491,9.49,2026-03-07 17:57:13.387021+00
70492,9.4,2026-03-07 17:58:48.644299+00
70493,9.63,2026-03-07 17:59:10.837824+00
70494,10.09,2026-03-07 18:00:00.264327+00
70495,10.01,2026-03-07 18:02:27.90133+00
70496,8.45,2026-03-07 18:03:45.003597+00
70497,8.25,2026-03-07 18:04:30.393917+00
70498,8.34,2026-03-07 18:05:26.706784+00
70499,9.38,2026-03-07 18:06:38.820999+00
70500,9.85,2026-03-07 18:07:02.486669+00
70501,8.73,2026-03-07 18:08:01.859118+00
70502,8.66,2026-03-07 18:09:38.201936+00
70503,8.66,2026-03-07 18:10:32.499538+00
70504,9.17,2026-03-07 18:11:41.03153+00
70505,8.88,2026-03-07 18:12:46.858573+00
70506,9.74,2026-03-07 18:13:01.394582+00
70507,10.01,2026-03-07 18:14:23.724823+00
70508,9.21,2026-03-07 18:15:24.363735+00
70509,9.3,2026-03-07 18:17:37.644115+00
70510,8.89,2026-03-07 18:18:36.847617+00
70511,8.28,2026-03-07 18:19:34.650621+00
70512,8.63,2026-03-07 18:20:46.333333+00
70513,8.43,2026-03-07 18:21:22.285655+00
70514,8.4,2026-03-07 18:22:21.277617+00
70515,9.85,2026-03-07 18:23:48.199873+00
70516,9.35,2026-03-07 18:24:13.543208+00
70517,9.7,2026-03-07 18:25:35.901277+00
70518,9.76,2026-03-07 18:26:15.625206+00
70519,9.58,2026-03-07 18:27:21.742917+00
70520,9.46,2026-03-07 18:28:19.504917+00
70521,8.26,2026-03-07 18:29:36.539344+00
70522,9.29,2026-03-07 18:30:40.8946+00
70523,8.69,2026-03-07 18:32:09.027919+00
70524,9.6,2026-03-07 18:33:19.138902+00
70525,9.43,2026-03-07 18:34:24.370601+00
70526,9.09,2026-03-07 18:35:30.959883+00
70527,7.94,2026-03-07 18:36:49.475123+00
70528,8.9,2026-03-07 18:37:38.870283+00
70529,8.65,2026-03-07 18:38:39.535338+00
70530,9.12,2026-03-07 18:39:45.118781+00
70531,7.87,2026-03-07 18:40:37.154215+00
70532,8.56,2026-03-07 18:41:39.913765+00
70533,8.92,2026-03-07 18:42:44.565619+00
70534,7.88,2026-03-07 18:43:39.448339+00
70535,7.78,2026-03-07 18:44:46.14272+00
70536,9.39,2026-03-07 18:46:33.179335+00
70537,8.41,2026-03-07 18:47:25.875372+00
70538,8.2,2026-03-07 18:48:20.859321+00
70539,9.18,2026-03-07 18:49:15.855615+00
70540,7.99,2026-03-07 18:50:02.830581+00
70541,9.39,2026-03-07 18:51:43.383048+00
70542,9.19,2026-03-07 18:52:41.217355+00
70543,9.53,2026-03-07 18:53:03.323156+00
70544,9.35,2026-03-07 18:54:08.844368+00
70545,9.61,2026-03-07 18:55:11.403223+00
70546,8.99,2026-03-07 18:56:42.374845+00
70547,8.79,2026-03-07 18:57:07.021809+00
70548,8.89,2026-03-07 18:58:19.394048+00
70549,9.51,2026-03-07 19:01:46.362657+00
70550,8.14,2026-03-07 19:02:37.63995+00
70551,7.7,2026-03-07 19:03:10.112369+00
70552,9.59,2026-03-07 19:04:28.461843+00
70553,9.33,2026-03-07 19:05:39.858249+00
70554,9.07,2026-03-07 19:06:01.731232+00
70555,7.78,2026-03-07 19:07:39.831447+00
70556,9.43,2026-03-07 19:08:41.947783+00
70557,9.06,2026-03-07 19:09:48.491635+00
70558,8.87,2026-03-07 19:10:12.320584+00
70559,9.26,2026-03-07 19:11:30.731753+00
70560,9.53,2026-03-07 19:12:43.131758+00
70561,8.11,2026-03-07 19:14:31.296907+00
70562,8.07,2026-03-07 19:15:15.769486+00
70563,7.8,2026-03-07 19:16:49.747281+00
70564,9.24,2026-03-07 19:17:45.139141+00
70565,7.77,2026-03-07 19:18:19.001788+00
70566,8.08,2026-03-07 19:19:32.521981+00
70567,8.26,2026-03-07 19:20:39.094768+00
70568,7.95,2026-03-07 19:21:10.401098+00
70569,9.54,2026-03-07 19:22:32.403366+00
70570,8.72,2026-03-07 19:23:41.181563+00
70571,9.03,2026-03-07 19:24:38.43708+00
70572,8.95,2026-03-07 19:25:00.682603+00
70573,8.87,2026-03-07 19:26:18.533171+00
70574,8.3,2026-03-07 19:27:43.440099+00
70575,8.8,2026-03-07 19:28:36.708418+00
70576,9.11,2026-03-07 19:31:48.621405+00
70577,8.49,2026-03-07 19:32:00.049241+00
70578,8.21,2026-03-07 19:33:22.821302+00
70579,8.7,2026-03-07 19:34:46.162079+00
70580,7.53,2026-03-07 19:35:41.055265+00
70581,8.11,2026-03-07 19:36:03.240986+00
70582,8.76,2026-03-07 19:37:38.761661+00
70583,8.37,2026-03-07 19:38:10.107445+00
70584,8.09,2026-03-07 19:39:27.694946+00
70585,7.99,2026-03-07 19:40:36.436084+00
70586,9.06,2026-03-07 19:41:02.54523+00
70587,9.3,2026-03-07 19:42:23.717365+00
70588,8.39,2026-03-07 19:43:32.235457+00
70589,7.98,2026-03-07 19:45:09.663064+00
70590,8.93,2026-03-07 19:46:03.354819+00
70591,8.78,2026-03-07 19:47:03.075952+00
70592,9.25,2026-03-07 19:48:18.808478+00
70593,8.97,2026-03-07 19:49:00.634733+00
70594,8.45,2026-03-07 19:50:17.493605+00
70595,7.68,2026-03-07 19:51:40.956408+00
70596,7.8,2026-03-07 19:52:10.397537+00
70597,7.81,2026-03-07 19:53:36.881676+00
70598,8.31,2026-03-07 19:54:09.158684+00
70599,8.54,2026-03-07 19:55:18.159472+00
70600,7.68,2026-03-07 19:56:14.171685+00
70601,8.82,2026-03-07 19:57:15.9735+00
70602,8.64,2026-03-07 19:58:12.67079+00
70603,8.38,2026-03-07 20:00:29.555792+00
70604,8.08,2026-03-07 20:01:27.708684+00
70605,8.38,2026-03-07 20:02:27.872492+00
70606,7.43,2026-03-07 20:03:12.615862+00
70607,8.8,2026-03-07 20:04:48.59385+00
70608,9.18,2026-03-07 20:05:04.397432+00
70609,8.01,2026-03-07 20:06:15.038103+00
70610,9.19,2026-03-07 20:07:04.818861+00
70611,9.13,2026-03-07 20:08:31.329406+00
70612,7.97,2026-03-07 20:09:08.721224+00
70613,8.06,2026-03-07 20:10:37.209584+00
70614,7.85,2026-03-07 20:11:39.677906+00
70615,9.22,2026-03-07 20:12:18.365326+00
70616,8.17,2026-03-07 20:14:22.425745+00
70617,7.79,2026-03-07 20:15:05.679221+00
70618,7.76,2026-03-07 20:16:20.553547+00
70619,9.23,2026-03-07 20:17:33.384142+00
70620,8.44,2026-03-07 20:18:36.868833+00
70621,8.82,2026-03-07 20:19:04.164869+00
70622,9.15,2026-03-07 20:20:24.931144+00
70623,8.95,2026-03-07 20:21:29.712651+00
70624,8.9,2026-03-07 20:22:31.852404+00
70625,7.69,2026-03-07 20:23:34.418687+00
70626,7.95,2026-03-07 20:24:04.116839+00
70627,8.61,2026-03-07 20:25:43.554379+00
70628,9.02,2026-03-07 20:26:28.094546+00
70629,7.8,2026-03-07 20:28:19.931525+00
70630,9.32,2026-03-07 20:29:38.068019+00
70631,9.31,2026-03-07 20:30:03.893235+00
70632,9.38,2026-03-07 20:31:07.477128+00
70633,9.14,2026-03-07 20:33:39.956691+00
70634,8.37,2026-03-07 20:34:00.330894+00
70635,8.59,2026-03-07 20:35:02.554723+00
70636,8.53,2026-03-07 20:36:05.058874+00
70637,8.05,2026-03-07 20:37:30.480311+00
70638,9.41,2026-03-07 20:38:14.254488+00
70639,8.38,2026-03-07 20:39:39.574841+00
70640,7.86,2026-03-07 20:40:48.173755+00
70641,9.33,2026-03-07 20:41:29.015429+00
70642,7.97,2026-03-07 20:42:38.386691+00
70643,7.64,2026-03-07 20:43:33.910094+00
70644,8.02,2026-03-07 20:45:16.012462+00
70645,8.57,2026-03-07 20:46:40.841125+00
70646,8.06,2026-03-07 20:47:09.438704+00
70647,7.71,2026-03-07 20:48:36.622258+00
70648,9.46,2026-03-07 20:49:38.445803+00
70649,9.03,2026-03-07 20:50:19.416977+00
70650,7.79,2026-03-07 20:51:22.273697+00
70651,9.24,2026-03-07 20:52:41.236812+00
70652,7.86,2026-03-07 20:53:36.842387+00
70653,8.21,2026-03-07 20:54:24.270293+00
70654,9.24,2026-03-07 20:55:26.345027+00
70655,8.14,2026-03-07 20:56:31.16324+00
70656,8.83,2026-03-07 20:57:44.42285+00
70657,8.75,2026-03-07 20:58:48.529474+00
70658,8.67,2026-03-07 21:01:46.047053+00
70659,7.75,2026-03-07 21:02:40.297728+00
70660,7.79,2026-03-07 21:03:30.207823+00
70661,8.02,2026-03-07 21:04:23.004263+00
70662,7.74,2026-03-07 21:05:17.907761+00
70663,9.06,2026-03-07 21:06:47.50224+00
70664,9,2026-03-07 21:07:06.062836+00
70665,7.62,2026-03-07 21:08:18.978424+00
70666,8.21,2026-03-07 21:09:31.489425+00
70667,8.71,2026-03-07 21:10:13.421896+00
70668,9.4,2026-03-07 21:12:24.289951+00
70669,9.52,2026-03-07 21:13:04.356218+00
70670,7.81,2026-03-07 21:14:39.664771+00
70671,8.92,2026-03-07 21:15:05.503226+00
70672,8.41,2026-03-07 21:16:33.225803+00
70673,9.12,2026-03-07 21:17:19.273377+00
70674,8.73,2026-03-07 21:18:10.39674+00
70675,9.12,2026-03-07 21:19:45.837439+00
70676,8.7,2026-03-07 21:20:23.523814+00
70677,8.4,2026-03-07 21:21:10.470727+00
70678,8.19,2026-03-07 21:22:04.640813+00
70679,8.27,2026-03-07 21:23:25.155529+00
70680,7.51,2026-03-07 21:24:13.336568+00
70681,8.77,2026-03-07 21:25:20.498223+00
70682,8.72,2026-03-07 21:27:23.466926+00
70683,8.54,2026-03-07 21:28:31.315904+00
70684,7.79,2026-03-07 21:29:04.225346+00
70685,8.95,2026-03-07 21:31:12.733529+00
70686,8.85,2026-03-07 21:32:49.645244+00
70687,9.17,2026-03-07 21:33:24.791321+00
70688,8,2026-03-07 21:34:01.569962+00
70689,8.74,2026-03-07 21:35:24.048811+00
70690,8.41,2026-03-07 21:36:00.418919+00
70691,8.07,2026-03-07 21:37:49.087906+00
70692,7.59,2026-03-07 21:39:32.171837+00
70693,8.68,2026-03-07 21:40:15.645061+00
70694,8.97,2026-03-07 21:41:18.134303+00
70695,7.95,2026-03-07 21:42:15.750327+00
70696,8.81,2026-03-07 21:43:34.086641+00
70697,7.43,2026-03-07 21:44:28.16342+00
70698,7.53,2026-03-07 21:45:07.298518+00
70699,8.67,2026-03-07 21:46:39.567343+00
70700,8.27,2026-03-07 21:47:10.61709+00
70701,8.11,2026-03-07 21:48:37.992614+00
70702,9.11,2026-03-07 21:49:27.62339+00
70703,8.86,2026-03-07 21:50:05.878433+00
70704,9,2026-03-07 21:51:43.295842+00
70705,8.09,2026-03-07 21:53:44.164601+00
70706,8.08,2026-03-07 21:54:05.726405+00
70707,8.84,2026-03-07 21:55:37.879914+00
70708,7.94,2026-03-07 21:56:02.773978+00
70709,7.69,2026-03-07 21:56:08.160516+00
70710,9.29,2026-03-07 21:58:24.571014+00
70711,8.45,2026-03-07 21:59:22.055779+00
70712,8.5,2026-03-07 22:00:44.85797+00
70713,9.33,2026-03-07 22:01:05.60882+00
70714,7.51,2026-03-07 22:02:36.414339+00
70715,9.14,2026-03-07 22:03:30.210115+00
70716,7.89,2026-03-07 22:04:10.958857+00
70717,8.46,2026-03-07 22:05:12.781432+00
70718,7.47,2026-03-07 22:06:16.782618+00
70719,7.85,2026-03-07 22:07:26.103445+00
70720,7.72,2026-03-07 22:08:35.209153+00
70721,9.17,2026-03-07 22:09:38.065158+00
70722,8.2,2026-03-07 22:10:47.25613+00
70723,7.61,2026-03-07 22:11:28.748028+00
70724,7.51,2026-03-07 22:13:47.355471+00
70725,8.43,2026-03-07 22:14:32.485622+00
70726,8.29,2026-03-07 22:15:33.187143+00
70727,7.53,2026-03-07 22:16:42.469973+00
70728,9.19,2026-03-07 22:17:33.446195+00
70729,8.79,2026-03-07 22:18:47.374743+00
70730,8.39,2026-03-07 22:19:35.59123+00
70731,7.58,2026-03-07 22:20:45.779263+00
70732,7.74,2026-03-07 22:21:01.569212+00
70733,7.9,2026-03-07 22:22:17.933717+00
70734,7.86,2026-03-07 22:23:19.003631+00
70735,7.93,2026-03-07 22:24:03.051478+00
70736,8.77,2026-03-07 22:25:14.064963+00
70737,8.53,2026-03-07 22:27:47.801405+00
70738,7.54,2026-03-07 22:28:21.889413+00
70739,9.25,2026-03-07 22:29:37.843325+00
70740,7.67,2026-03-07 22:30:45.573078+00
70741,8.59,2026-03-07 22:31:33.568686+00
70742,8.84,2026-03-07 22:32:22.931027+00
70743,9.15,2026-03-07 22:33:45.796976+00
70744,8.45,2026-03-07 22:34:09.03614+00
70745,8.01,2026-03-07 22:35:14.799796+00
70746,7.98,2026-03-07 22:36:49.583836+00
70747,8.38,2026-03-07 22:37:46.967407+00
70748,9.43,2026-03-07 22:38:23.11757+00
70749,8.6,2026-03-07 22:39:00.100649+00
70750,9.13,2026-03-07 22:40:17.934911+00
70751,8.5,2026-03-07 22:41:03.99647+00
70752,8.53,2026-03-07 22:43:16.094271+00
70753,8.22,2026-03-07 22:44:22.538735+00
70754,7.84,2026-03-07 22:45:07.39134+00
70755,8.8,2026-03-07 22:46:04.619529+00
70756,9.02,2026-03-07 22:47:01.278+00
70757,7.8,2026-03-07 22:48:13.080333+00
70758,8.52,2026-03-07 22:49:40.084295+00
70759,9.42,2026-03-07 22:50:43.998108+00
70760,8.69,2026-03-07 22:51:03.988227+00
70761,7.96,2026-03-07 22:52:13.469829+00
70762,8.32,2026-03-07 22:53:41.549629+00
70763,9.24,2026-03-07 22:54:37.91389+00
70764,8.12,2026-03-07 22:55:22.889571+00
70765,8.18,2026-03-07 22:56:37.80101+00
70766,7.7,2026-03-07 22:57:22.891546+00
70767,8.39,2026-03-07 22:59:09.425884+00
70768,8.99,2026-03-07 23:01:19.832836+00
70769,9.04,2026-03-07 23:02:29.639985+00
70770,9.18,2026-03-07 23:03:30.495352+00
70771,8.68,2026-03-07 23:04:26.837501+00
70772,7.7,2026-03-07 23:05:49.337691+00
70773,8.01,2026-03-07 23:06:02.470059+00
70774,8.89,2026-03-07 23:07:00.965888+00
70775,9.07,2026-03-07 23:08:29.641601+00
70776,8.23,2026-03-07 23:09:28.192418+00
70777,7.91,2026-03-07 23:10:14.729661+00
70778,8.04,2026-03-07 23:11:49.759049+00
70779,8.44,2026-03-07 23:12:13.575562+00
70780,7.8,2026-03-07 23:14:10.570215+00
70781,7.63,2026-03-07 23:15:23.154427+00
70782,8.42,2026-03-07 23:16:48.300412+00
70783,9.37,2026-03-07 23:17:20.735769+00
70784,7.53,2026-03-07 23:18:12.386529+00
70785,8.5,2026-03-07 23:19:15.479933+00
70786,7.93,2026-03-07 23:20:11.773067+00
70787,7.53,2026-03-07 23:21:26.178384+00
70788,8.29,2026-03-07 23:22:07.495437+00
70789,8.82,2026-03-07 23:23:33.974069+00
70790,9.21,2026-03-07 23:24:25.807342+00
70791,7.85,2026-03-07 23:25:19.330632+00
70792,8.12,2026-03-07 23:26:19.523343+00
70793,7.58,2026-03-07 23:27:23.504339+00
70794,8.66,2026-03-07 23:29:09.198297+00
70795,8.58,2026-03-07 23:30:40.120153+00
70796,8.44,2026-03-07 23:31:46.138471+00
70797,8.03,2026-03-07 23:32:28.865305+00
70798,8.57,2026-03-07 23:33:25.678871+00
70799,7.85,2026-03-07 23:34:01.410686+00
70800,7.59,2026-03-07 23:35:36.201243+00
70801,8.14,2026-03-07 23:36:16.872886+00
70802,8.44,2026-03-07 23:37:47.723975+00
70803,8.1,2026-03-07 23:38:45.99006+00
70804,9.32,2026-03-07 23:39:34.448942+00
70805,9.02,2026-03-07 23:40:04.934325+00
70806,8.82,2026-03-07 23:43:47.437022+00
70807,9.38,2026-03-07 23:44:01.34349+00
70808,8.96,2026-03-07 23:45:32.206492+00
70809,8.05,2026-03-07 23:46:23.174858+00
70810,8.94,2026-03-07 23:47:48.459053+00
70811,8.95,2026-03-07 23:48:39.023617+00
70812,8.52,2026-03-07 23:49:24.994706+00
70813,9.37,2026-03-07 23:50:45.346751+00
70814,9.04,2026-03-07 23:51:04.378151+00
70815,8.49,2026-03-07 23:52:17.811869+00
70816,9.21,2026-03-07 23:53:42.148913+00
70817,8.04,2026-03-07 23:54:42.64767+00
70818,9.06,2026-03-07 23:56:11.985245+00
70819,8.62,2026-03-07 23:57:18.782986+00
70820,9.13,2026-03-07 23:58:03.008437+00
70821,7.85,2026-03-07 23:59:08.014264+00
70822,9.11,2026-03-08 00:00:48.188804+00
70823,8.02,2026-03-08 00:01:46.213653+00
70824,8.71,2026-03-08 00:02:12.801752+00
70825,8.92,2026-03-08 00:03:35.878526+00
70826,8.08,2026-03-08 00:04:32.990934+00
70827,7.82,2026-03-08 00:05:48.027886+00
70828,8.02,2026-03-08 00:06:43.384569+00
70829,8.24,2026-03-08 00:07:18.391054+00
70830,9.03,2026-03-08 00:08:18.096+00
70831,8.88,2026-03-08 00:09:08.965406+00
70832,8.22,2026-03-08 00:11:03.728335+00
70833,9.46,2026-03-08 00:12:45.71814+00
70834,9.08,2026-03-08 00:13:49.480323+00
70835,9.11,2026-03-08 00:14:46.085778+00
70836,9.11,2026-03-08 00:15:12.383327+00
70837,7.67,2026-03-08 00:16:32.987661+00
70838,7.88,2026-03-08 00:17:30.372258+00
70839,7.76,2026-03-08 00:18:21.418524+00
70840,8.72,2026-03-08 00:19:31.71192+00
70841,7.99,2026-03-08 00:20:23.062538+00
70842,7.64,2026-03-08 00:21:46.06372+00
70843,8.03,2026-03-08 00:22:06.909146+00
70844,7.86,2026-03-08 00:23:49.055526+00
70845,8.15,2026-03-08 00:24:45.471614+00
70846,9.4,2026-03-08 00:25:21.927719+00
70847,7.76,2026-03-08 00:27:18.563066+00
70848,9.33,2026-03-08 00:28:07.225687+00
70849,7.74,2026-03-08 00:29:34.58631+00
70850,9.36,2026-03-08 00:30:13.969547+00
70851,8.61,2026-03-08 00:31:40.179091+00
70852,8.44,2026-03-08 00:32:12.180273+00
70853,8.52,2026-03-08 00:33:24.508758+00
70854,7.86,2026-03-08 00:34:49.730055+00
70855,7.52,2026-03-08 00:35:21.993461+00
70856,7.88,2026-03-08 00:36:40.414684+00
70857,9.04,2026-03-08 00:37:37.121685+00
70858,7.72,2026-03-08 00:40:12.876072+00
70859,8.81,2026-03-08 00:41:06.476009+00
70860,9.36,2026-03-08 00:42:04.141449+00
70861,8.73,2026-03-08 00:43:22.542331+00
70862,8.62,2026-03-08 00:44:39.176732+00
70863,9.05,2026-03-08 00:45:45.875461+00
70864,9.12,2026-03-08 00:46:42.693144+00
70865,8.84,2026-03-08 00:47:06.606817+00
70866,9.1,2026-03-08 00:48:21.803693+00
70867,7.99,2026-03-08 00:49:30.439404+00
70868,8.31,2026-03-08 00:50:46.742313+00
70869,8.33,2026-03-08 00:51:48.445513+00
70870,7.85,2026-03-08 00:52:46.953556+00
70871,9.44,2026-03-08 00:54:27.759048+00
70872,9.37,2026-03-08 00:55:01.687239+00
70873,7.75,2026-03-08 00:56:08.711472+00
70874,9.06,2026-03-08 00:57:32.600759+00
70875,9.23,2026-03-08 00:58:18.076728+00
70876,8.19,2026-03-08 00:59:41.703834+00
70877,8.22,2026-03-08 01:00:26.875898+00
70878,7.5,2026-03-08 01:01:36.744177+00
70879,9.02,2026-03-08 01:02:06.278295+00
70880,8.29,2026-03-08 01:03:24.918161+00
70881,9.24,2026-03-08 01:04:36.308781+00
70882,8.99,2026-03-08 01:05:09.281856+00
70883,7.72,2026-03-08 01:06:42.652586+00
70884,8.39,2026-03-08 01:07:42.934561+00
70885,8.22,2026-03-08 01:09:18.795399+00
70886,9.22,2026-03-08 01:10:46.224851+00
70887,8.21,2026-03-08 01:11:15.222238+00
70888,7.87,2026-03-08 01:12:43.81018+00
70889,8.29,2026-03-08 01:13:14.886049+00
70890,7.72,2026-03-08 01:14:34.581516+00
70891,9.05,2026-03-08 01:15:41.594203+00
70892,8.44,2026-03-08 01:16:26.253866+00
70893,9.03,2026-03-08 01:17:31.769043+00
70894,7.54,2026-03-08 01:18:32.239387+00
70895,7.48,2026-03-08 01:19:37.067123+00
70896,7.61,2026-03-08 01:20:36.157056+00
70897,7.71,2026-03-08 01:21:22.799042+00
70898,8.93,2026-03-08 01:22:45.962684+00
70899,7.64,2026-03-08 01:24:49.705035+00
70900,8.02,2026-03-08 01:25:19.043529+00
70901,8.93,2026-03-08 01:26:09.286938+00
70902,8.85,2026-03-08 01:27:06.501718+00
70903,7.5,2026-03-08 01:28:46.160961+00
70904,8.53,2026-03-08 01:29:01.713524+00
70905,8.83,2026-03-08 01:30:31.216775+00
70906,9.3,2026-03-08 01:31:08.308789+00
70907,7.53,2026-03-08 01:32:44.294528+00
70908,8.9,2026-03-08 01:33:29.069943+00
70909,7.5,2026-03-08 01:34:21.253499+00
70910,8.62,2026-03-08 01:35:15.217192+00
70911,7.75,2026-03-08 01:36:28.888018+00
70912,9.09,2026-03-08 01:37:11.781173+00
70913,9.03,2026-03-08 01:39:20.95755+00
70914,7.3,2026-03-08 01:40:05.62897+00
70915,8.18,2026-03-08 01:41:06.780916+00
70916,7.48,2026-03-08 01:42:34.341868+00
70917,9.15,2026-03-08 01:43:45.95404+00
70918,9.05,2026-03-08 01:44:17.874975+00
70919,9.15,2026-03-08 01:45:07.706451+00
70920,8.55,2026-03-08 01:46:09.936662+00
70921,8.98,2026-03-08 01:47:38.176256+00
70922,7.39,2026-03-08 01:48:21.816737+00
70923,8.12,2026-03-08 01:49:06.735205+00
70924,8.28,2026-03-08 01:50:43.379494+00
70925,8.28,2026-03-08 01:51:35.452783+00
70926,8.7,2026-03-08 01:52:43.630384+00
70927,8.91,2026-03-08 01:54:05.298582+00
70928,8.52,2026-03-08 01:55:38.138891+00
70929,7.93,2026-03-08 01:56:06.259655+00
70930,9.13,2026-03-08 01:57:19.990282+00
70931,9.12,2026-03-08 01:58:09.919877+00
70932,8.9,2026-03-08 01:59:22.490203+00
70933,8.2,2026-03-08 02:00:19.558168+00
70934,8.98,2026-03-08 02:01:49.79555+00
70935,7.57,2026-03-08 02:02:30.566195+00
70936,7.47,2026-03-08 02:03:39.887888+00
70937,8.39,2026-03-08 02:04:36.791508+00
70938,8.54,2026-03-08 02:05:12.109051+00
70939,7.46,2026-03-08 02:06:29.096578+00
70940,7.38,2026-03-08 02:07:29.687508+00
70941,9.17,2026-03-08 02:09:01.611005+00
70942,7.21,2026-03-08 02:10:03.055719+00
70943,7.36,2026-03-08 02:11:38.742589+00
70944,8.54,2026-03-08 02:12:40.513499+00
70945,9.04,2026-03-08 02:13:37.758416+00
70946,7.94,2026-03-08 02:14:34.095324+00
70947,8.54,2026-03-08 02:15:41.233666+00
70948,7.21,2026-03-08 02:16:45.621836+00
70949,7.3,2026-03-08 02:17:10.942012+00
70950,8.55,2026-03-08 02:18:42.882034+00
70951,7.67,2026-03-08 02:19:49.313244+00
70952,7.98,2026-03-08 02:20:44.644002+00
70953,9.08,2026-03-08 02:21:49.951558+00
70954,8.5,2026-03-08 02:22:02.026026+00
70955,8.08,2026-03-08 02:24:15.457948+00
70956,7.48,2026-03-08 02:25:14.164655+00
70957,8.13,2026-03-08 02:26:27.206926+00
70958,8.8,2026-03-08 02:27:31.972755+00
70959,8.16,2026-03-08 02:28:21.594881+00
70960,8.73,2026-03-08 02:29:49.802633+00
70961,7.43,2026-03-08 02:30:06.111216+00
70962,7.63,2026-03-08 02:31:47.146299+00
70963,7.27,2026-03-08 02:32:20.27142+00
70964,7.48,2026-03-08 02:33:34.547637+00
70965,7.84,2026-03-08 02:34:42.457504+00
70966,7.69,2026-03-08 02:35:29.602373+00
70967,8.3,2026-03-08 02:36:14.989075+00
70968,8.3,2026-03-08 02:37:11.675886+00
70969,7.27,2026-03-08 02:39:19.471923+00
70970,8.78,2026-03-08 02:40:09.612627+00
70971,8.18,2026-03-08 02:41:21.401688+00
70972,7.69,2026-03-08 02:42:49.354039+00
70973,7.97,2026-03-08 02:43:22.484153+00
70974,7.42,2026-03-08 02:44:19.205187+00
70975,7.5,2026-03-08 02:45:14.442743+00
70976,8.93,2026-03-08 02:46:14.478581+00
70977,8.97,2026-03-08 02:47:25.409651+00
70978,7.84,2026-03-08 02:48:16.269822+00
70979,8.27,2026-03-08 02:49:49.825632+00
70980,7.28,2026-03-08 02:50:30.846526+00
70981,8.96,2026-03-08 02:51:36.114089+00
70982,8.56,2026-03-08 02:52:05.303797+00
70983,9.01,2026-03-08 02:54:07.964942+00
70984,8.06,2026-03-08 02:55:30.319976+00
70985,7.85,2026-03-08 02:56:47.721838+00
70986,8.17,2026-03-08 02:57:19.470802+00
70987,7.18,2026-03-08 02:58:25.127356+00
70988,8.3,2026-03-08 02:59:25.712108+00
70989,7.38,2026-03-08 03:00:12.756839+00
70990,7.99,2026-03-08 03:01:21.258016+00
70991,8.4,2026-03-08 03:02:41.002393+00
70992,7.49,2026-03-08 03:03:21.715683+00
70993,8.26,2026-03-08 03:04:06.778112+00
70994,7.46,2026-03-08 03:05:49.401252+00
70995,8.19,2026-03-08 03:06:46.37375+00
70996,8.73,2026-03-08 03:07:07.356722+00
70997,7.65,2026-03-08 03:09:20.062835+00
70998,8.65,2026-03-08 03:10:05.977883+00
70999,8.83,2026-03-08 03:11:43.012036+00
71000,8.55,2026-03-08 03:12:27.555767+00
71001,8.22,2026-03-08 03:13:32.080938+00
71002,9.07,2026-03-08 03:14:21.538572+00
71003,8.55,2026-03-08 03:15:38.893829+00
71004,7.4,2026-03-08 03:16:11.90871+00
71005,8.56,2026-03-08 03:17:46.003874+00
71006,8.96,2026-03-08 03:18:31.2471+00
71007,7.21,2026-03-08 03:19:30.189781+00
71008,8.67,2026-03-08 03:20:05.221727+00
71009,8.31,2026-03-08 03:21:39.18457+00
71010,7.57,2026-03-08 03:22:01.087705+00
71011,7.01,2026-03-08 03:24:41.903735+00
71012,8.02,2026-03-08 03:25:43.736903+00
71013,8.47,2026-03-08 03:26:47.348507+00
71014,8.16,2026-03-08 03:27:35.54382+00
71015,7.73,2026-03-08 03:28:34.641695+00
71016,8.68,2026-03-08 03:29:47.604521+00
71017,7.99,2026-03-08 03:30:04.913009+00
71018,8.79,2026-03-08 03:31:31.257312+00
71019,8.09,2026-03-08 03:32:24.065+00
71020,8.97,2026-03-08 03:33:28.563982+00
71021,8.75,2026-03-08 03:34:17.469148+00
71022,7.22,2026-03-08 03:35:06.668384+00
71023,8.34,2026-03-08 03:36:38.403368+00
71024,7.23,2026-03-08 03:37:12.349043+00
71025,7.95,2026-03-08 03:39:40.151785+00
71026,7.11,2026-03-08 03:40:45.017053+00
71027,7.3,2026-03-08 03:41:20.807234+00
71028,7.34,2026-03-08 03:42:28.802789+00
71029,7.92,2026-03-08 03:43:11.692474+00
71030,8.5,2026-03-08 03:44:08.371945+00
71031,8.92,2026-03-08 03:45:18.463765+00
71032,8.24,2026-03-08 03:46:14.426131+00
71033,7.15,2026-03-08 03:47:13.296585+00
71034,8.46,2026-03-08 03:48:23.227709+00
71035,7.21,2026-03-08 03:49:34.621333+00
71036,7.71,2026-03-08 03:50:31.457177+00
71037,7.91,2026-03-08 03:51:08.86644+00
71038,7.24,2026-03-08 03:52:49.964127+00
71039,7.63,2026-03-08 03:54:32.365828+00
71040,8.49,2026-03-08 03:55:10.258994+00
71041,7.81,2026-03-08 03:56:36.828168+00
71042,7.39,2026-03-08 03:57:29.646694+00
71043,8.38,2026-03-08 03:58:41.423971+00
71044,8.62,2026-03-08 03:59:24.012816+00
71045,8.11,2026-03-08 04:00:20.452333+00
71046,8.04,2026-03-08 04:01:29.731318+00
71047,8.37,2026-03-08 04:02:23.289411+00
71048,7.78,2026-03-08 04:03:20.127151+00
71049,7.14,2026-03-08 04:04:12.67426+00
71050,8.7,2026-03-08 04:05:29.141035+00
71051,7.65,2026-03-08 04:06:26.11517+00
71052,7.15,2026-03-08 04:07:36.538271+00
71053,8.96,2026-03-08 04:09:03.648721+00
71054,8.27,2026-03-08 04:10:18.197692+00
71055,7.99,2026-03-08 04:11:45.631452+00
71056,7.19,2026-03-08 04:12:33.581909+00
71057,8.71,2026-03-08 04:13:07.574504+00
71058,8.2,2026-03-08 04:14:05.669959+00
71059,7.45,2026-03-08 04:15:23.419262+00
71060,7.43,2026-03-08 04:16:23.271806+00
71061,7.12,2026-03-08 04:17:10.716226+00
71062,7.43,2026-03-08 04:18:25.668423+00
71063,7.38,2026-03-08 04:19:20.123113+00
71064,7.32,2026-03-08 04:20:22.709131+00
71065,7.5,2026-03-08 04:21:17.697923+00
71066,7.41,2026-03-08 04:22:20.293434+00
71067,7.45,2026-03-08 04:24:47.674455+00
71068,8.48,2026-03-08 04:25:49.223758+00
71069,8.79,2026-03-08 04:26:30.137554+00
71070,8.56,2026-03-08 04:27:39.929101+00
71071,8.74,2026-03-08 04:28:19.398459+00
71072,7.72,2026-03-08 04:29:33.792329+00
71073,8.45,2026-03-08 04:30:21.517858+00
71074,7.46,2026-03-08 04:31:38.447772+00
71075,8.47,2026-03-08 04:32:25.826022+00
71076,8.35,2026-03-08 04:33:23.970424+00
71077,7.59,2026-03-08 04:34:23.440597+00
71078,7.12,2026-03-08 04:35:38.345925+00
71079,8.94,2026-03-08 04:36:46.85963+00
71080,8.68,2026-03-08 04:37:46.57483+00
71081,7.76,2026-03-08 04:39:01.316689+00
71082,7.24,2026-03-08 04:40:08.640997+00
71083,8.4,2026-03-08 04:41:47.559717+00
71084,8.77,2026-03-08 04:42:12.421875+00
71085,7.73,2026-03-08 04:43:06.520839+00
71086,7.32,2026-03-08 04:44:31.404152+00
71087,7.88,2026-03-08 04:45:49.983947+00
71088,7.34,2026-03-08 04:46:27.489195+00
71089,8.66,2026-03-08 04:47:30.406224+00
71090,7.33,2026-03-08 04:48:46.661117+00
71091,8.34,2026-03-08 04:49:12.147342+00
71092,8.47,2026-03-08 04:50:04.012496+00
71093,8.87,2026-03-08 04:51:29.003709+00
71094,8.86,2026-03-08 04:53:20.197639+00
71095,7.14,2026-03-08 04:54:31.042853+00
71096,7.93,2026-03-08 04:55:03.363353+00
71097,8.08,2026-03-08 04:56:05.21511+00
71098,7.74,2026-03-08 04:57:44.002077+00
71099,7.38,2026-03-08 04:58:08.972043+00
71100,7.51,2026-03-08 04:59:45.737748+00
71101,7.39,2026-03-08 05:00:46.875397+00
71102,8.86,2026-03-08 05:01:01.108586+00
71103,7.69,2026-03-08 05:02:41.346766+00
71104,8.08,2026-03-08 05:03:40.570224+00
71105,7.09,2026-03-08 05:04:15.853222+00
71106,8.76,2026-03-08 05:05:33.747477+00
71107,8.34,2026-03-08 05:06:35.311599+00
71108,7.28,2026-03-08 05:07:20.536724+00
71109,7.94,2026-03-08 05:09:40.693884+00
71110,8.17,2026-03-08 05:10:45.824738+00
71111,7.05,2026-03-08 05:11:26.174773+00
71112,8.23,2026-03-08 05:12:13.036457+00
71113,6.96,2026-03-08 05:13:14.350139+00
71114,7.74,2026-03-08 05:14:20.603997+00
71115,8.33,2026-03-08 05:15:33.064772+00
71116,7.11,2026-03-08 05:16:39.75273+00
71117,8.24,2026-03-08 05:17:37.1041+00
71118,7.65,2026-03-08 05:18:44.939971+00
71119,7.51,2026-03-08 05:19:48.118573+00
71120,7.71,2026-03-08 05:20:40.605605+00
71121,7.67,2026-03-08 05:21:23.666137+00
71122,8.49,2026-03-08 05:22:27.00183+00
71123,8.6,2026-03-08 05:24:30.481438+00
71124,7.66,2026-03-08 05:25:49.248085+00
71125,7.19,2026-03-08 05:26:25.43397+00
71126,7.59,2026-03-08 05:27:00.877362+00
71127,7.27,2026-03-08 05:28:28.037717+00
71128,7.44,2026-03-08 05:29:42.502239+00
71129,7,2026-03-08 05:30:17.617673+00
71130,8.15,2026-03-08 05:31:06.034805+00
71131,8.5,2026-03-08 05:32:13.175341+00
71132,7.15,2026-03-08 05:33:42.625432+00
71133,8.6,2026-03-08 05:34:26.194459+00
71134,7.27,2026-03-08 05:35:07.32245+00
71135,8.03,2026-03-08 05:36:31.35912+00
71136,8.79,2026-03-08 05:38:48.474191+00
71137,8.37,2026-03-08 05:39:45.059753+00
71138,7.8,2026-03-08 05:40:34.883875+00
71139,6.97,2026-03-08 05:41:15.20399+00
71140,8.54,2026-03-08 05:42:02.102727+00
71141,8.43,2026-03-08 05:43:10.233574+00
71142,8.21,2026-03-08 05:44:14.183139+00
71143,7.94,2026-03-08 05:45:22.426995+00
71144,7.34,2026-03-08 05:46:42.784242+00
71145,8.64,2026-03-08 05:47:03.413383+00
71146,8.65,2026-03-08 05:48:30.947689+00
71147,7.54,2026-03-08 05:49:20.661926+00
71148,8.03,2026-03-08 05:50:28.995621+00
71149,6.93,2026-03-08 05:51:18.317847+00
71150,8.38,2026-03-08 05:52:20.307867+00
71151,7.96,2026-03-08 05:54:43.182279+00
71152,8.35,2026-03-08 05:55:44.014131+00
71153,7.95,2026-03-08 05:56:16.218252+00
71154,8.65,2026-03-08 05:57:11.657357+00
71155,7.02,2026-03-08 05:58:02.753026+00
71156,8.04,2026-03-08 05:59:03.873854+00
71157,8.54,2026-03-08 06:00:28.720879+00
71158,7.6,2026-03-08 06:01:13.07157+00
71159,8.3,2026-03-08 06:02:26.075675+00
71160,7.71,2026-03-08 06:03:09.757062+00
71161,7.86,2026-03-08 06:04:16.919645+00
71162,7.92,2026-03-08 06:05:17.661298+00
71163,7.2,2026-03-08 06:06:19.862422+00
71164,7.22,2026-03-08 06:07:48.731452+00
71165,7.06,2026-03-08 06:08:00.554542+00
71166,6.71,2026-03-08 06:10:02.320418+00
71167,6.82,2026-03-08 06:11:49.862964+00
71168,6.9,2026-03-08 06:12:49.884984+00
71169,8.42,2026-03-08 06:13:37.730891+00
71170,8.62,2026-03-08 06:14:23.337381+00
71171,8.53,2026-03-08 06:15:25.257407+00
71172,7.77,2026-03-08 06:16:28.058361+00
71173,7.89,2026-03-08 06:17:27.277422+00
71174,7.97,2026-03-08 06:18:28.927578+00
71175,6.98,2026-03-08 06:19:19.386734+00
71176,7.98,2026-03-08 06:20:06.318758+00
71177,8.03,2026-03-08 06:21:45.086035+00
71178,8.07,2026-03-08 06:22:03.102227+00
71179,7.86,2026-03-08 06:23:33.833754+00
71180,7.54,2026-03-08 06:25:35.740132+00
71181,7.12,2026-03-08 06:26:28.536543+00
71182,8.38,2026-03-08 06:27:12.195455+00
71183,7.35,2026-03-08 06:28:42.45787+00
71184,7.4,2026-03-08 06:29:47.442854+00
71185,7.91,2026-03-08 06:30:25.29453+00
71186,7.9,2026-03-08 06:31:33.90327+00
71187,7.91,2026-03-08 06:32:39.028459+00
71188,7.33,2026-03-08 06:33:40.301104+00
71189,8.3,2026-03-08 06:34:28.384445+00
71190,6.91,2026-03-08 06:35:12.113339+00
71191,7.9,2026-03-08 06:36:17.165046+00
71192,8.69,2026-03-08 06:37:01.468955+00
71193,7.38,2026-03-08 06:38:06.009576+00
71194,7.21,2026-03-08 06:40:33.522814+00
71195,7.97,2026-03-08 06:41:17.953647+00
71196,7.75,2026-03-08 06:42:23.8503+00
71197,8.7,2026-03-08 06:43:23.460028+00
71198,8.25,2026-03-08 06:44:25.330101+00
71199,6.89,2026-03-08 06:45:28.175114+00
71200,7.49,2026-03-08 06:46:49.029215+00
71201,7.09,2026-03-08 06:47:12.609047+00
71202,7.75,2026-03-08 06:48:46.907841+00
71203,6.95,2026-03-08 06:49:46.982884+00
71204,8.58,2026-03-08 06:50:25.445163+00
71205,7.99,2026-03-08 06:51:25.980707+00
71206,7.07,2026-03-08 06:52:11.484884+00
71207,7.07,2026-03-08 06:53:46.279264+00
71208,8.37,2026-03-08 06:55:05.539341+00
71209,7.12,2026-03-08 06:56:21.384608+00
71210,7.61,2026-03-08 06:57:47.85889+00
71211,7.38,2026-03-08 06:58:28.728761+00
71212,6.74,2026-03-08 06:59:06.150915+00
71213,7.88,2026-03-08 07:00:45.856543+00
71214,7.32,2026-03-08 07:01:14.13441+00
71215,8.3,2026-03-08 07:02:28.198904+00
71216,7.44,2026-03-08 07:03:01.844283+00
71217,7.21,2026-03-08 07:04:02.83319+00
71218,8.32,2026-03-08 07:05:35.301298+00
71219,6.71,2026-03-08 07:06:06.093442+00
71220,6.65,2026-03-08 07:07:42.191378+00
71221,6.96,2026-03-08 07:08:26.482812+00
71222,6.62,2026-03-08 07:09:30.262333+00
71223,7.88,2026-03-08 07:11:31.524034+00
71224,8.19,2026-03-08 07:12:35.278932+00
71225,8.16,2026-03-08 07:13:48.12552+00
71226,6.9,2026-03-08 07:14:06.26046+00
71227,7.48,2026-03-08 07:15:14.414471+00
71228,6.62,2026-03-08 07:16:29.81744+00
71229,8.41,2026-03-08 07:17:39.916119+00
71230,7.64,2026-03-08 07:18:40.013098+00
71231,8.55,2026-03-08 07:19:16.283815+00
71232,8.31,2026-03-08 07:20:01.421956+00
71233,6.98,2026-03-08 07:21:29.261804+00
71234,6.81,2026-03-08 07:22:17.657748+00
71235,7.27,2026-03-08 07:23:11.108403+00
71236,6.78,2026-03-08 07:24:28.855187+00
71237,8.06,2026-03-08 07:26:01.374374+00
71238,7.32,2026-03-08 07:27:38.446262+00
71239,7.34,2026-03-08 07:28:40.073917+00
71240,7.52,2026-03-08 07:29:17.325476+00
71241,8.01,2026-03-08 07:30:15.149287+00
71242,7.33,2026-03-08 07:31:49.945985+00
71243,7.64,2026-03-08 07:32:12.116586+00
71244,7.6,2026-03-08 07:33:31.616599+00
71245,8.39,2026-03-08 07:34:47.820053+00
71246,6.93,2026-03-08 07:35:29.345938+00
71247,7.41,2026-03-08 07:36:01.756001+00
71248,8.04,2026-03-08 07:37:29.633918+00
71249,8.25,2026-03-08 07:38:01.57214+00
71250,7.77,2026-03-08 07:39:25.441214+00
71251,7.03,2026-03-08 07:41:21.436582+00
71252,7.43,2026-03-08 07:42:32.83829+00
71253,6.87,2026-03-08 07:43:26.94385+00
71254,7.77,2026-03-08 07:44:07.196081+00
71255,7.36,2026-03-08 07:45:46.74206+00
71256,7.68,2026-03-08 07:46:10.111575+00
71257,7.55,2026-03-08 07:47:32.933783+00
71258,8.11,2026-03-08 07:48:42.396163+00
71259,7.58,2026-03-08 07:49:05.187071+00
71260,8.08,2026-03-08 07:50:30.907533+00
71261,8.25,2026-03-08 07:51:28.55443+00
71262,7.76,2026-03-08 07:52:01.563636+00
71263,7.15,2026-03-08 07:53:33.157411+00
71264,7.24,2026-03-08 07:54:18.167871+00
71265,8.24,2026-03-08 07:56:41.101529+00
71266,7.37,2026-03-08 07:57:15.99451+00
71267,7.72,2026-03-08 07:58:35.075785+00
71268,7.3,2026-03-08 07:59:47.661251+00
71269,6.76,2026-03-08 08:00:14.079236+00
71270,8.1,2026-03-08 08:01:34.417773+00
71271,8.23,2026-03-08 08:02:37.477455+00
71272,7.9,2026-03-08 08:03:31.998799+00
71273,6.67,2026-03-08 08:04:10.120855+00
71274,7.85,2026-03-08 08:05:29.488979+00
71275,6.94,2026-03-08 08:06:49.127619+00
71276,6.75,2026-03-08 08:07:11.816849+00
71277,7.01,2026-03-08 08:08:40.212807+00
71278,8.25,2026-03-08 08:09:33.319182+00
71279,8.47,2026-03-08 08:10:37.434932+00
71280,8.33,2026-03-08 08:12:49.084636+00
71281,6.59,2026-03-08 08:13:03.603001+00
71282,7.13,2026-03-08 08:14:29.603286+00
71283,8.34,2026-03-08 08:15:30.043186+00
71284,7.47,2026-03-08 08:16:18.426617+00
71285,8.05,2026-03-08 08:17:23.481174+00
71286,7.51,2026-03-08 08:18:40.604894+00
71287,6.81,2026-03-08 08:19:02.718392+00
71288,7.64,2026-03-08 08:20:32.998608+00
71289,8.28,2026-03-08 08:21:41.270855+00
71290,7.47,2026-03-08 08:22:10.012233+00
71291,6.9,2026-03-08 08:23:34.599866+00
71292,6.7,2026-03-08 08:24:14.015535+00
71293,7.31,2026-03-08 08:25:27.055593+00
71294,8.31,2026-03-08 08:26:07.135932+00
71295,7.32,2026-03-08 08:28:37.688684+00
71296,6.93,2026-03-08 08:29:19.718468+00
71297,6.83,2026-03-08 08:30:09.472812+00
71298,6.92,2026-03-08 08:31:34.894727+00
71299,7.83,2026-03-08 08:32:30.672258+00
71300,7,2026-03-08 08:33:31.707968+00
71301,6.68,2026-03-08 08:34:41.48031+00
71302,7.37,2026-03-08 08:35:36.335054+00
71303,8.25,2026-03-08 08:36:23.736204+00
71304,8.39,2026-03-08 08:37:44.282442+00
71305,7.57,2026-03-08 08:38:22.061824+00
71306,8.37,2026-03-08 08:39:35.498163+00
71307,7.8,2026-03-08 08:40:01.063029+00
71308,8.42,2026-03-08 08:41:05.413814+00
71309,8.36,2026-03-08 08:43:10.583521+00
71310,8.3,2026-03-08 08:44:23.237428+00
71311,8.24,2026-03-08 08:45:41.907267+00
71312,7.27,2026-03-08 08:46:00.003617+00
71313,7.99,2026-03-08 08:47:30.148319+00
71314,7.79,2026-03-08 08:48:49.843919+00
71315,8.04,2026-03-08 08:49:23.639857+00
71316,7.66,2026-03-08 08:50:33.734427+00
71317,8.45,2026-03-08 08:51:40.003814+00
71318,8.04,2026-03-08 08:52:48.486614+00
71319,7.53,2026-03-08 08:53:35.932768+00
71320,8.35,2026-03-08 08:54:00.286744+00
71321,8.42,2026-03-08 08:55:28.626877+00
71322,7.06,2026-03-08 08:56:26.490863+00
71323,8.49,2026-03-08 08:57:12.65349+00
71324,7.46,2026-03-08 08:59:38.495146+00
71325,7.27,2026-03-08 09:03:30.689046+00
71326,7.68,2026-03-08 09:04:05.972796+00
71327,8.25,2026-03-08 09:05:17.817391+00
71328,7.15,2026-03-08 09:07:36.503244+00
71329,7.51,2026-03-08 09:08:12.088363+00
71330,7.52,2026-03-08 09:09:33.896132+00
71331,7.92,2026-03-08 09:10:11.438765+00
71332,8.24,2026-03-08 09:11:21.609708+00
71333,7.9,2026-03-08 09:12:38.857285+00
71334,8.06,2026-03-08 09:13:32.162865+00
71335,8.43,2026-03-08 09:14:16.79682+00
71336,7.31,2026-03-08 09:15:36.287144+00
71337,8.21,2026-03-08 09:16:45.845711+00
71338,8.31,2026-03-08 09:17:04.254949+00
71339,7.75,2026-03-08 09:18:08.736896+00
71340,6.97,2026-03-08 09:19:20.944604+00
71341,7.68,2026-03-08 09:20:31.925321+00
71342,6.81,2026-03-08 09:21:45.957723+00
71343,8.05,2026-03-08 09:23:08.92569+00
71344,8.11,2026-03-08 09:24:29.066163+00
71345,8.66,2026-03-08 09:25:39.208384+00
71346,8.39,2026-03-08 09:26:10.428589+00
71347,8.65,2026-03-08 09:27:28.962193+00
71348,8.01,2026-03-08 09:28:10.251341+00
71349,7.39,2026-03-08 09:29:29.524868+00
71350,7.06,2026-03-08 09:30:15.187951+00
71351,7.12,2026-03-08 09:31:49.346605+00
71352,8.85,2026-03-08 09:32:01.174402+00
71353,7.29,2026-03-08 09:33:12.143745+00
71354,8.7,2026-03-08 09:34:06.078003+00
71355,7.99,2026-03-08 09:35:47.365293+00
71356,8.36,2026-03-08 09:36:24.33031+00
71357,8.45,2026-03-08 09:38:28.543809+00
71358,7.85,2026-03-08 09:39:49.710698+00
71359,7.48,2026-03-08 09:40:28.323261+00
71360,8.28,2026-03-08 09:41:30.333361+00
71361,8.91,2026-03-08 09:42:39.962785+00
71362,7.63,2026-03-08 09:43:44.781813+00
71363,7.81,2026-03-08 09:44:38.592655+00
71364,9.11,2026-03-08 09:45:01.175158+00
71365,8.95,2026-03-08 09:46:02.240721+00
71366,8.24,2026-03-08 09:47:15.975821+00
71367,7.82,2026-03-08 09:48:46.880054+00
71368,7.31,2026-03-08 09:49:10.242174+00
71369,8.33,2026-03-08 09:50:38.675207+00
71370,9.07,2026-03-08 09:51:25.36496+00
71371,7.96,2026-03-08 09:52:44.273004+00
71372,8.34,2026-03-08 09:54:39.87827+00
71373,7.48,2026-03-08 09:55:11.672403+00
71374,8.11,2026-03-08 09:56:07.143455+00
71375,7.45,2026-03-08 09:57:05.02591+00
71376,7.83,2026-03-08 09:58:46.86586+00
71377,9.05,2026-03-08 09:59:12.18188+00
71378,9.03,2026-03-08 10:00:41.161071+00
71379,8.41,2026-03-08 10:01:35.195917+00
71380,7.39,2026-03-08 10:02:42.099724+00
71381,8.02,2026-03-08 10:05:43.224657+00
71382,8.44,2026-03-08 10:06:08.835291+00
71383,8.26,2026-03-08 10:07:29.120038+00
71384,8.85,2026-03-08 10:08:45.259993+00
71385,8.04,2026-03-08 10:09:47.722893+00
71386,8.79,2026-03-08 10:10:15.221341+00
71387,9.19,2026-03-08 10:11:39.58671+00
71388,8.3,2026-03-08 10:12:25.078843+00
71389,7.39,2026-03-08 10:13:22.149192+00
71390,9.26,2026-03-08 10:14:24.213824+00
71391,7.65,2026-03-08 10:15:25.046093+00
71392,8.47,2026-03-08 10:16:00.858878+00
71393,9.25,2026-03-08 10:17:33.136785+00
71394,9.43,2026-03-08 10:19:19.567704+00
71395,9.2,2026-03-08 10:20:45.446101+00
71396,8.08,2026-03-08 10:21:42.216786+00
71397,8.27,2026-03-08 10:22:09.416898+00
71398,9.01,2026-03-08 10:23:31.153392+00
71399,8.04,2026-03-08 10:24:48.57337+00
71400,8.3,2026-03-08 10:25:47.447296+00
71401,7.99,2026-03-08 10:26:16.616665+00
71402,8.37,2026-03-08 10:27:26.197383+00
71403,7.99,2026-03-08 10:28:31.527128+00
71404,8.94,2026-03-08 10:29:18.314242+00
71405,8.45,2026-03-08 10:30:39.868704+00
71406,8.52,2026-03-08 10:31:44.645985+00
71407,9.07,2026-03-08 10:32:02.856255+00
71408,9.15,2026-03-08 10:34:00.119635+00
71409,9.36,2026-03-08 10:35:39.59013+00
71410,9.7,2026-03-08 10:36:21.953812+00
71411,7.9,2026-03-08 10:37:18.510049+00
71412,9.28,2026-03-08 10:38:41.358691+00
71413,8.76,2026-03-08 10:39:35.809602+00
71414,8.97,2026-03-08 10:40:02.838496+00
71415,9.47,2026-03-08 10:41:18.265199+00
71416,8.86,2026-03-08 10:42:45.161811+00
71417,8.5,2026-03-08 10:43:08.102419+00
71418,9.51,2026-03-08 10:44:07.555904+00
71419,9,2026-03-08 10:45:15.147601+00
71420,9.16,2026-03-08 10:46:26.260347+00
71421,9.04,2026-03-08 10:48:10.401044+00
71422,8.55,2026-03-08 10:49:40.200573+00
71423,9.3,2026-03-08 10:50:28.163002+00
71424,8.86,2026-03-08 10:51:49.118286+00
71425,8.19,2026-03-08 10:52:38.616017+00
71426,8.32,2026-03-08 10:53:38.429194+00
71427,8.2,2026-03-08 10:54:45.610137+00
71428,9.37,2026-03-08 10:55:43.827179+00
71429,9.27,2026-03-08 10:56:23.493435+00
71430,9,2026-03-08 10:57:25.774914+00
71431,8.98,2026-03-08 10:58:34.030689+00
71432,8.12,2026-03-08 10:59:32.355265+00
71433,7.91,2026-03-08 11:00:20.458219+00
71434,7.82,2026-03-08 11:01:13.2017+00
71435,8.58,2026-03-08 11:03:29.64498+00
71436,9.78,2026-03-08 11:04:39.285497+00
71437,9.65,2026-03-08 11:05:04.364784+00
71438,8.4,2026-03-08 11:06:44.100988+00
71439,8.12,2026-03-08 11:07:29.113703+00
71440,9.18,2026-03-08 11:08:23.478015+00
71441,9.71,2026-03-08 11:09:24.931328+00
71442,9.77,2026-03-08 11:10:02.478351+00
71443,8.92,2026-03-08 11:11:01.238978+00
71444,9.57,2026-03-08 11:12:34.102511+00
71445,9.24,2026-03-08 11:13:36.793204+00
71446,7.85,2026-03-08 11:14:29.882935+00
71447,8.83,2026-03-08 11:15:27.389742+00
71448,9.98,2026-03-08 11:16:18.42484+00
71449,9.63,2026-03-08 11:18:19.301357+00
71450,9.33,2026-03-08 11:19:22.796637+00
71451,9.43,2026-03-08 11:20:23.158047+00
71452,9.13,2026-03-08 11:21:48.617248+00
71453,9.34,2026-03-08 11:22:29.896594+00
71454,8.33,2026-03-08 11:23:26.771582+00
71455,8.7,2026-03-08 11:24:00.117282+00
71456,9.46,2026-03-08 11:25:25.653096+00
71457,8.83,2026-03-08 11:26:39.775505+00
71458,9.21,2026-03-08 11:27:30.98422+00
71459,9.65,2026-03-08 11:28:00.711849+00
71460,9.38,2026-03-08 11:29:37.417677+00
71461,9.75,2026-03-08 11:30:24.72298+00
71462,10.57,2026-03-08 11:31:15.713383+00
71463,10.68,2026-03-08 11:33:18.328443+00
71464,10.19,2026-03-08 11:34:02.214818+00
71465,9.43,2026-03-08 11:35:15.256978+00
71466,10.05,2026-03-08 11:36:44.240243+00
71467,9.06,2026-03-08 11:37:35.846078+00
71468,10.67,2026-03-08 11:38:39.200536+00
71469,10.39,2026-03-08 11:39:20.607214+00
71470,9.35,2026-03-08 11:40:35.511468+00
71471,10.25,2026-03-08 11:41:44.390131+00
71472,9.88,2026-03-08 11:42:08.514194+00
71473,9.93,2026-03-08 11:43:28.582103+00
71474,10.21,2026-03-08 11:44:26.926276+00
71475,9.76,2026-03-08 11:45:15.852656+00
71476,10.76,2026-03-08 11:46:20.907769+00
71477,9.82,2026-03-08 11:47:38.293421+00
71478,10.97,2026-03-08 11:49:10.92535+00
71479,9.45,2026-03-08 11:50:01.395929+00
71480,10.73,2026-03-08 11:51:02.05282+00
71481,10.6,2026-03-08 11:52:31.141971+00
71482,10.62,2026-03-08 11:53:02.270183+00
71483,10.04,2026-03-08 11:54:05.02278+00
71484,9.71,2026-03-08 11:55:07.551761+00
71485,9.96,2026-03-08 11:56:09.786974+00
71486,9.23,2026-03-08 11:58:06.568542+00
71487,9.99,2026-03-08 12:00:48.162727+00
71488,9.82,2026-03-08 12:01:24.655183+00
71489,11.06,2026-03-08 12:02:01.727373+00
71490,9.9,2026-03-08 12:03:18.23942+00
71491,10.64,2026-03-08 12:04:20.926111+00
71492,10.8,2026-03-08 12:06:04.968626+00
71493,10.22,2026-03-08 12:07:15.931399+00
71494,10.95,2026-03-08 12:08:46.225369+00
71495,10.23,2026-03-08 12:09:15.552704+00
71496,10.68,2026-03-08 12:11:21.465155+00
71497,10.21,2026-03-08 12:12:23.902557+00
71498,9.67,2026-03-08 12:13:20.97592+00
71499,10.91,2026-03-08 12:14:00.835332+00
71500,10.08,2026-03-08 12:15:01.476189+00
71501,10.14,2026-03-08 12:16:06.68118+00
71502,10.75,2026-03-08 12:17:42.588937+00
71503,10.64,2026-03-08 12:18:10.171427+00
71504,9.94,2026-03-08 12:19:32.940661+00
71505,10.81,2026-03-08 12:20:43.483604+00
71506,10.36,2026-03-08 12:21:19.967139+00
71507,10.96,2026-03-08 12:22:43.967372+00
71508,10.54,2026-03-08 12:23:49.796864+00
71509,10.01,2026-03-08 12:25:27.851753+00
71510,9.96,2026-03-08 12:26:06.629287+00
71511,9.74,2026-03-08 12:27:14.787957+00
71512,9.39,2026-03-08 12:28:25.560484+00
71513,10.63,2026-03-08 12:29:21.936029+00
71514,10.63,2026-03-08 12:30:46.45154+00
71515,10.39,2026-03-08 12:31:44.101749+00
71516,10,2026-03-08 12:32:40.444464+00
71517,11.13,2026-03-08 12:33:42.739026+00
71518,11.28,2026-03-08 12:34:10.302231+00
71519,10.7,2026-03-08 12:35:42.732759+00
71520,10.46,2026-03-08 12:36:38.708199+00
71521,11.01,2026-03-08 12:37:38.264332+00
71522,9.71,2026-03-08 12:38:26.873637+00
71523,9.44,2026-03-08 12:39:07.617876+00
71524,10.85,2026-03-08 12:41:09.088308+00
71525,11.03,2026-03-08 12:42:39.975855+00
71526,10.86,2026-03-08 12:43:31.702516+00
71527,11.33,2026-03-08 12:44:17.289513+00
71528,9.83,2026-03-08 12:45:16.575248+00
71529,10.97,2026-03-08 12:46:44.697375+00
71530,11.1,2026-03-08 12:47:05.822855+00
71531,9.91,2026-03-08 12:48:40.384614+00
71532,10.04,2026-03-08 12:49:47.679916+00
71533,11.38,2026-03-08 12:50:20.243576+00
71534,9.86,2026-03-08 12:51:41.988158+00
71535,10.37,2026-03-08 12:52:09.54543+00
71536,11.46,2026-03-08 12:53:25.350621+00
71537,10.1,2026-03-08 12:55:33.292588+00
71538,9.95,2026-03-08 12:56:34.310572+00
71539,9.64,2026-03-08 12:57:21.897124+00
71540,10.62,2026-03-08 12:58:11.908873+00
71541,10.7,2026-03-08 12:59:46.289188+00
71542,9.82,2026-03-08 13:00:37.131588+00
71543,11.06,2026-03-08 13:01:13.711785+00
71544,10.67,2026-03-08 13:02:01.798876+00
71545,10.69,2026-03-08 13:03:04.598828+00
71546,10.24,2026-03-08 13:04:32.726805+00
71547,9.71,2026-03-08 13:05:20.901483+00
71548,11.03,2026-03-08 13:06:09.428702+00
71549,10.5,2026-03-08 13:07:35.789277+00
71550,11.46,2026-03-08 13:08:43.518259+00
71551,11.44,2026-03-08 13:10:02.733554+00
71552,11.15,2026-03-08 13:11:00.558102+00
71553,10.21,2026-03-08 13:12:17.245831+00
71554,11.33,2026-03-08 13:13:44.194486+00
71555,10.88,2026-03-08 13:14:39.979898+00
71556,9.62,2026-03-08 13:15:47.785032+00
71557,10.28,2026-03-08 13:16:10.231707+00
71558,9.97,2026-03-08 13:17:18.778082+00
71559,9.64,2026-03-08 13:18:33.138571+00
71560,10.11,2026-03-08 13:19:36.384147+00
71561,10.32,2026-03-08 13:20:41.111758+00
71562,10.09,2026-03-08 13:21:34.740421+00
71563,10.22,2026-03-08 13:22:25.144886+00
71564,10.89,2026-03-08 13:23:49.061812+00
71565,10.05,2026-03-08 13:25:32.185818+00
71566,11.58,2026-03-08 13:26:44.101102+00
71567,11.26,2026-03-08 13:27:04.029356+00
71568,11.04,2026-03-08 13:28:31.472456+00
71569,9.82,2026-03-08 13:29:04.805144+00
71570,10,2026-03-08 13:30:27.265814+00
71571,11.71,2026-03-08 13:31:38.028931+00
71572,10.67,2026-03-08 13:32:42.130228+00
71573,10.32,2026-03-08 13:33:35.802447+00
71574,11.14,2026-03-08 13:34:12.309762+00
71575,11.11,2026-03-08 13:35:32.117273+00
71576,11.37,2026-03-08 13:36:05.561489+00
71577,10.42,2026-03-08 13:38:16.72192+00
71578,10.82,2026-03-08 13:39:46.581004+00
71579,11.29,2026-03-08 13:40:38.783607+00
71580,11.26,2026-03-08 13:41:24.437171+00
71581,10.89,2026-03-08 13:42:44.576045+00
71582,10.04,2026-03-08 13:43:17.737133+00
71583,10.08,2026-03-08 13:44:31.747835+00
71584,11.75,2026-03-08 13:45:07.029201+00
71585,11.65,2026-03-08 13:46:24.663098+00
71586,10.67,2026-03-08 13:47:48.038391+00
71587,10.51,2026-03-08 13:48:23.586195+00
71588,10.09,2026-03-08 13:49:44.291164+00
71589,11.3,2026-03-08 13:50:39.947108+00
71590,11.18,2026-03-08 13:51:41.197964+00
71591,10.56,2026-03-08 13:53:34.872335+00
71592,11.13,2026-03-08 13:54:10.817309+00
71593,10.19,2026-03-08 13:55:10.843143+00
71594,11.06,2026-03-08 13:56:28.044164+00
71595,10.18,2026-03-08 13:57:06.10734+00
71596,11.36,2026-03-08 13:58:07.658846+00
71597,11.34,2026-03-08 13:59:16.291848+00
71598,10.26,2026-03-08 14:00:33.206295+00
71599,10.32,2026-03-08 14:01:46.69179+00
71600,10.94,2026-03-08 14:02:11.184801+00
71601,10.19,2026-03-08 14:03:32.855811+00
71602,11.79,2026-03-08 14:04:28.537123+00
71603,11.32,2026-03-08 14:05:37.809339+00
71604,10.01,2026-03-08 14:06:43.886827+00
71605,10.56,2026-03-08 14:07:25.561557+00
71606,10.59,2026-03-08 14:09:14.791237+00
71607,11.24,2026-03-08 14:10:43.896107+00
71608,11.21,2026-03-08 14:11:00.724396+00
71609,10.39,2026-03-08 14:12:35.369382+00
71610,11.89,2026-03-08 14:13:20.78197+00
71611,11.59,2026-03-08 14:14:12.739714+00
71612,11.33,2026-03-08 14:15:30.274357+00
71613,10.34,2026-03-08 14:16:21.705498+00
71614,11.05,2026-03-08 14:17:11.547203+00
71615,10.18,2026-03-08 14:18:14.208271+00
71616,11.61,2026-03-08 14:19:05.203782+00
71617,11.96,2026-03-08 14:20:06.124399+00
71618,11.99,2026-03-08 14:21:18.825551+00
71619,10.44,2026-03-08 14:22:37.522544+00
71620,10.21,2026-03-08 14:24:05.123988+00
71621,11.46,2026-03-08 14:25:04.346372+00
71622,10.37,2026-03-08 14:26:18.180099+00
71623,11.4,2026-03-08 14:27:24.275666+00
71624,10.44,2026-03-08 14:28:34.620922+00
71625,11.65,2026-03-08 14:29:30.190774+00
71626,11.48,2026-03-08 14:30:47.381204+00
71627,10.05,2026-03-08 14:31:21.93675+00
71628,11.97,2026-03-08 14:32:29.336829+00
71629,10.65,2026-03-08 14:33:03.0943+00
71630,10.36,2026-03-08 14:34:12.026809+00
71631,11.12,2026-03-08 14:35:42.034561+00
71632,11.46,2026-03-08 14:36:19.121655+00
71633,10.77,2026-03-08 14:38:19.591993+00
71634,11.13,2026-03-08 14:39:06.931324+00
71635,11.89,2026-03-08 14:40:37.704032+00
71636,10.03,2026-03-08 14:41:45.841277+00
71637,11.45,2026-03-08 14:42:43.017496+00
71638,10.63,2026-03-08 14:43:15.064782+00
71639,10.76,2026-03-08 14:44:30.190982+00
71640,10.57,2026-03-08 14:45:29.273569+00
71641,11.95,2026-03-08 14:46:25.480455+00
71642,10.59,2026-03-08 14:47:07.579064+00
71643,11.48,2026-03-08 14:48:14.039324+00
71644,11.94,2026-03-08 14:49:49.667583+00
71645,12.07,2026-03-08 14:50:14.400402+00
71646,10.8,2026-03-08 14:51:40.19043+00
71647,11.51,2026-03-08 14:53:35.356364+00
71648,11.39,2026-03-08 14:54:47.361986+00
71649,12.18,2026-03-08 14:55:38.6579+00
71650,11.2,2026-03-08 14:56:04.584919+00
71651,10.45,2026-03-08 14:57:47.049832+00
71652,11.31,2026-03-08 14:58:14.886202+00
71653,10.26,2026-03-08 14:59:34.568623+00
71654,11.69,2026-03-08 15:00:46.768463+00
71655,10.45,2026-03-08 15:01:08.285729+00
71656,10.61,2026-03-08 15:02:13.306491+00
71657,12.05,2026-03-08 15:03:16.863027+00
71658,11.17,2026-03-08 15:04:28.502295+00
71659,10.52,2026-03-08 15:05:32.850379+00
71660,11.36,2026-03-08 15:06:33.579213+00
71661,11.06,2026-03-08 15:08:10.267264+00
71662,12.05,2026-03-08 15:09:30.156402+00
71663,11.52,2026-03-08 15:10:37.170202+00
71664,12.26,2026-03-08 15:11:43.523265+00
71665,11.77,2026-03-08 15:12:38.909158+00
71666,10.47,2026-03-08 15:13:14.331423+00
71667,10.87,2026-03-08 15:14:17.836385+00
71668,11.61,2026-03-08 15:15:11.140567+00
71669,11.46,2026-03-08 15:16:35.479154+00
71670,12.29,2026-03-08 15:17:14.897448+00
71671,10.64,2026-03-08 15:18:46.40259+00
71672,12.09,2026-03-08 15:19:36.181345+00
71673,10.57,2026-03-08 15:20:20.551775+00
71674,12.31,2026-03-08 15:22:05.665733+00
71675,11.32,2026-03-08 15:23:44.699858+00
71676,11.78,2026-03-08 15:24:25.979887+00
71677,11.01,2026-03-08 15:25:33.421883+00
71678,11.54,2026-03-08 15:26:14.171759+00
71679,10.79,2026-03-08 15:27:46.955455+00
71680,10.47,2026-03-08 15:28:15.051826+00
71681,11.1,2026-03-08 15:29:43.374156+00
71682,11.34,2026-03-08 15:30:29.766812+00
71683,10.56,2026-03-08 15:31:17.458501+00
71684,12.1,2026-03-08 15:32:02.478786+00
71685,12.1,2026-03-08 15:34:33.700781+00
71686,11.08,2026-03-08 15:35:28.09626+00
71687,11.43,2026-03-08 15:36:39.291494+00
71688,10.43,2026-03-08 15:37:16.750232+00
71689,11.94,2026-03-08 15:38:17.912426+00
71690,11.91,2026-03-08 15:39:14.148505+00
71691,10.84,2026-03-08 15:40:22.839548+00
71692,10.64,2026-03-08 15:41:41.186556+00
71693,11.61,2026-03-08 15:42:26.187329+00
71694,12.05,2026-03-08 15:43:28.951611+00
71695,10.73,2026-03-08 15:44:20.767781+00
71696,10.69,2026-03-08 15:45:32.687417+00
71697,11.09,2026-03-08 15:46:27.540557+00
71698,12.01,2026-03-08 15:47:18.793631+00
71699,11.36,2026-03-08 15:49:12.836918+00
71700,12.17,2026-03-08 15:50:06.006232+00
71701,11.61,2026-03-08 15:51:20.307927+00
71702,12.21,2026-03-08 15:52:36.338991+00
71703,10.78,2026-03-08 15:53:37.804399+00
71704,12.2,2026-03-08 15:54:38.562856+00
71705,11.03,2026-03-08 15:55:16.076594+00
71706,10.77,2026-03-08 15:56:33.97618+00
71707,11.26,2026-03-08 15:57:04.985478+00
71708,11.37,2026-03-08 15:58:40.448733+00
71709,11.73,2026-03-08 15:59:00.018991+00
71710,11.59,2026-03-08 16:00:25.960048+00
71711,11.72,2026-03-08 16:01:45.636971+00
71712,11.08,2026-03-08 16:02:35.981838+00
71713,11.23,2026-03-08 16:04:30.352642+00
71714,11.08,2026-03-08 16:05:09.487508+00
71715,12.54,2026-03-08 16:06:00.499507+00
71716,10.83,2026-03-08 16:07:40.726567+00
71717,12.28,2026-03-08 16:08:04.54025+00
71718,12.05,2026-03-08 16:09:13.984884+00
71719,12.16,2026-03-08 16:10:39.733386+00
71720,11.37,2026-03-08 16:11:15.582318+00
71721,11.69,2026-03-08 16:12:16.128164+00
71722,10.77,2026-03-08 16:13:36.359998+00
71723,12.56,2026-03-08 16:14:32.136355+00
71724,10.89,2026-03-08 16:15:43.664371+00
71725,12.17,2026-03-08 16:16:44.584337+00
71726,11.52,2026-03-08 16:18:10.408063+00
71727,12.18,2026-03-08 16:19:38.378465+00
71728,10.88,2026-03-08 16:20:19.884857+00
71729,12.35,2026-03-08 16:21:45.363245+00
71730,12.54,2026-03-08 16:22:31.744326+00
71731,11.33,2026-03-08 16:23:06.423555+00
71732,11.45,2026-03-08 16:24:24.984414+00
71733,11.56,2026-03-08 16:25:22.633158+00
71734,10.95,2026-03-08 16:26:27.718819+00
71735,12.43,2026-03-08 16:27:26.540963+00
71736,10.94,2026-03-08 16:28:14.030581+00
71737,12.29,2026-03-08 16:29:12.087347+00
71738,11.75,2026-03-08 16:30:07.387023+00
71739,11.48,2026-03-08 16:32:17.707324+00
71740,11.52,2026-03-08 16:33:45.380093+00
71741,10.78,2026-03-08 16:34:42.965872+00
71742,10.8,2026-03-08 16:35:28.500988+00
71743,12.41,2026-03-08 16:36:20.823335+00
71744,12.18,2026-03-08 16:37:12.985169+00
71745,12.28,2026-03-08 16:38:05.349862+00
71746,12.05,2026-03-08 16:39:47.188976+00
71747,12.11,2026-03-08 16:40:28.79588+00
71748,11.05,2026-03-08 16:41:13.717267+00
71749,11.55,2026-03-08 16:42:45.093281+00
71750,11.86,2026-03-08 16:43:39.042309+00
71751,11.54,2026-03-08 16:44:17.765859+00
71752,10.61,2026-03-08 16:46:07.568887+00
71753,10.36,2026-03-08 16:47:34.956023+00
71754,10.79,2026-03-08 16:48:42.921024+00
71755,11.66,2026-03-08 16:49:43.294168+00
71756,11.3,2026-03-08 16:50:36.890298+00
71757,11.18,2026-03-08 16:51:38.836616+00
71758,10.82,2026-03-08 16:52:11.817022+00
71759,10.98,2026-03-08 16:53:43.2995+00
71760,11.87,2026-03-08 16:54:21.743838+00
71761,10.64,2026-03-08 16:55:28.284976+00
71762,10.73,2026-03-08 16:56:27.788835+00
71763,11.99,2026-03-08 16:57:28.770181+00
71764,11.27,2026-03-08 16:58:26.420981+00
71765,11.44,2026-03-08 16:59:48.367433+00
71766,11.26,2026-03-08 17:00:33.73337+00
71767,11.71,2026-03-08 17:02:28.065059+00
71768,11.54,2026-03-08 17:03:49.738945+00
71769,10.47,2026-03-08 17:04:42.144897+00
71770,11.65,2026-03-08 17:05:30.549447+00
71771,11.37,2026-03-08 17:06:44.638471+00
71772,11.91,2026-03-08 17:07:29.038663+00
71773,10.44,2026-03-08 17:08:47.701632+00
71774,10.91,2026-03-08 17:09:26.654695+00
71775,10.79,2026-03-08 17:10:32.132234+00
71776,12.02,2026-03-08 17:11:39.101194+00
71777,10.68,2026-03-08 17:12:16.671884+00
71778,11.89,2026-03-08 17:13:09.849196+00
71779,11.92,2026-03-08 17:14:47.924691+00
71780,10.72,2026-03-08 17:16:48.917986+00
71781,12.09,2026-03-08 17:17:01.420496+00
71782,10.99,2026-03-08 17:18:40.263176+00
71783,12.02,2026-03-08 17:19:48.781233+00
71784,12.18,2026-03-08 17:20:20.415188+00
71785,11.16,2026-03-08 17:21:24.798813+00
71786,11.98,2026-03-08 17:22:11.440091+00
71787,10.4,2026-03-08 17:23:01.931893+00
71788,11.67,2026-03-08 17:24:07.101945+00
71789,10.53,2026-03-08 17:25:49.93171+00
71790,11.1,2026-03-08 17:26:45.06528+00
71791,11.22,2026-03-08 17:27:27.677583+00
71792,11.41,2026-03-08 17:28:17.029642+00
71793,11.8,2026-03-08 17:29:07.165077+00
71794,12.01,2026-03-08 17:31:47.551665+00
71795,11.9,2026-03-08 17:32:09.338863+00
71796,11.79,2026-03-08 17:33:26.796682+00
71797,10.59,2026-03-08 17:34:20.728936+00
71798,10.41,2026-03-08 17:35:30.406485+00
71799,10.25,2026-03-08 17:36:31.357987+00
71800,11.45,2026-03-08 17:37:31.07599+00
71801,11.94,2026-03-08 17:38:31.095609+00
71802,11.92,2026-03-08 17:39:02.242799+00
71803,10.51,2026-03-08 17:40:12.236903+00
71804,10.47,2026-03-08 17:41:43.26125+00
71805,10.39,2026-03-08 17:42:40.400167+00
71806,10.15,2026-03-08 17:43:31.811261+00
71807,10.79,2026-03-08 17:45:45.002652+00
71808,11.58,2026-03-08 17:46:11.766599+00
71809,10.51,2026-03-08 17:47:28.698942+00
71810,11.27,2026-03-08 17:48:28.869843+00
71811,11.98,2026-03-08 17:49:33.027964+00
71812,10.47,2026-03-08 17:50:03.791754+00
71813,10.17,2026-03-08 17:51:37.330689+00
71814,11.47,2026-03-08 17:52:31.772796+00
71815,10.27,2026-03-08 17:53:11.175232+00
71816,10.72,2026-03-08 17:54:34.852274+00
71817,10.78,2026-03-08 17:55:21.228686+00
71818,11.5,2026-03-08 17:56:24.866816+00
71819,10.42,2026-03-08 17:57:33.96019+00
71820,11.35,2026-03-08 17:59:12.386643+00
71821,10.6,2026-03-08 18:00:41.179736+00
71822,11.08,2026-03-08 18:01:37.657456+00
71823,10.4,2026-03-08 18:02:32.896262+00
71824,11.93,2026-03-08 18:03:22.840327+00
71825,11.24,2026-03-08 18:04:09.64078+00
71826,10.68,2026-03-08 18:05:10.395067+00
71827,10.33,2026-03-08 18:06:42.785252+00
71828,11.96,2026-03-08 18:07:18.305943+00
71829,11.98,2026-03-08 18:08:09.896892+00
71830,10.5,2026-03-08 18:09:41.366506+00
71831,10.7,2026-03-08 18:10:06.029584+00
71832,11.36,2026-03-08 18:11:14.940381+00
71833,10.73,2026-03-08 18:13:34.328359+00
71834,11.88,2026-03-08 18:14:11.180719+00
71835,11.03,2026-03-08 18:16:36.978295+00
71836,10.88,2026-03-08 18:17:10.305157+00
71837,10.04,2026-03-08 18:18:42.812339+00
71838,10.61,2026-03-08 18:19:42.898441+00
71839,11.92,2026-03-08 18:20:39.084563+00
71840,10.73,2026-03-08 18:21:25.43272+00
71841,11.85,2026-03-08 18:22:16.497657+00
71842,11.88,2026-03-08 18:23:06.645217+00
71843,12,2026-03-08 18:25:06.349088+00
71844,10.23,2026-03-08 18:26:20.439779+00
71845,10,2026-03-08 18:27:33.856318+00
71846,10.29,2026-03-08 18:28:49.28039+00
71847,10.19,2026-03-08 18:29:17.366329+00
71848,9.84,2026-03-08 18:30:43.32115+00
71849,11.19,2026-03-08 18:31:30.977292+00
71850,10.53,2026-03-08 18:32:46.334692+00
71851,9.94,2026-03-08 18:33:32.1374+00
71852,11.41,2026-03-08 18:34:44.162897+00
71853,9.96,2026-03-08 18:35:13.332038+00
71854,10.75,2026-03-08 18:36:31.691105+00
71855,9.7,2026-03-08 18:37:16.674666+00
71856,11.42,2026-03-08 18:39:25.704666+00
71857,10.7,2026-03-08 18:40:02.232229+00
71858,10.96,2026-03-08 18:41:03.260827+00
71859,10.17,2026-03-08 18:42:00.536236+00
71860,10.02,2026-03-08 18:43:43.517983+00
71861,10.06,2026-03-08 18:44:07.485455+00
71862,10.26,2026-03-08 18:45:33.31644+00
71863,9.62,2026-03-08 18:46:32.002283+00
71864,10.88,2026-03-08 18:47:26.999852+00
71865,10.35,2026-03-08 18:48:42.027046+00
71866,10.34,2026-03-08 18:49:24.139996+00
71867,10.99,2026-03-08 18:50:32.557128+00
71868,10.76,2026-03-08 18:51:18.015193+00
71869,10.03,2026-03-08 18:52:17.206371+00
71870,10.42,2026-03-08 18:53:41.524618+00
71871,9.99,2026-03-08 18:55:32.258509+00
71872,11.32,2026-03-08 18:56:13.443544+00
71873,11.08,2026-03-08 18:57:05.66818+00
71874,9.69,2026-03-08 18:58:37.302426+00
71875,10.69,2026-03-08 18:59:41.466995+00
71876,11.07,2026-03-08 19:00:30.49993+00
71877,10.07,2026-03-08 19:01:19.759701+00
71878,10.94,2026-03-08 19:02:13.342716+00
71879,9.61,2026-03-08 19:03:01.778603+00
71880,9.4,2026-03-08 19:04:20.921303+00
71881,10.58,2026-03-08 19:05:37.346282+00
71882,9.33,2026-03-08 19:06:30.813056+00
71883,10.85,2026-03-08 19:07:24.466506+00
71884,9.42,2026-03-08 19:08:49.170438+00
71885,9.27,2026-03-08 19:10:29.128933+00
71886,10.9,2026-03-08 19:11:49.33251+00
71887,10.13,2026-03-08 19:12:18.307033+00
71888,10.71,2026-03-08 19:13:38.810497+00
71889,10.53,2026-03-08 19:14:06.944666+00
71890,10.3,2026-03-08 19:15:12.322237+00
71891,10.62,2026-03-08 19:16:21.34752+00
71892,10.13,2026-03-08 19:17:02.19506+00
71893,10.4,2026-03-08 19:18:35.734105+00
71894,9.66,2026-03-08 19:19:24.851981+00
71895,11.02,2026-03-08 19:20:21.025298+00
71896,9.39,2026-03-08 19:21:12.932767+00
71897,10.97,2026-03-08 19:22:30.218738+00
71898,9.4,2026-03-08 19:23:27.298284+00
71899,10.55,2026-03-08 19:25:19.064526+00
71900,9.85,2026-03-08 19:26:37.807225+00
71901,9.43,2026-03-08 19:27:35.667667+00
71902,9.34,2026-03-08 19:28:42.416936+00
71903,9.13,2026-03-08 19:29:23.740171+00
71904,10.64,2026-03-08 19:30:08.978287+00
71905,9.83,2026-03-08 19:31:24.797344+00
71906,9.59,2026-03-08 19:32:40.981632+00
71907,10.14,2026-03-08 19:33:05.474543+00
71908,10.28,2026-03-08 19:34:40.529514+00
71909,10.38,2026-03-08 19:35:43.307492+00
71910,10.6,2026-03-08 19:36:32.905276+00
71911,9.44,2026-03-08 19:37:38.87436+00
71912,9.66,2026-03-08 19:39:13.553238+00
71913,10.57,2026-03-08 19:40:34.277685+00
71914,9.12,2026-03-08 19:41:33.561525+00
71915,10.73,2026-03-08 19:42:43.490387+00
71916,10.41,2026-03-08 19:43:47.680779+00
71917,9.34,2026-03-08 19:44:47.904281+00
71918,10.68,2026-03-08 19:45:31.472752+00
71919,10.84,2026-03-08 19:46:03.552611+00
71920,10.64,2026-03-08 19:47:47.724485+00
71921,9.6,2026-03-08 19:48:25.284144+00
71922,9.01,2026-03-08 19:49:13.316799+00
71923,8.96,2026-03-08 19:50:34.498463+00
71924,8.83,2026-03-08 19:51:20.868908+00
71925,9.57,2026-03-08 19:52:07.220528+00
71926,9.03,2026-03-08 19:54:30.879488+00
71927,9.42,2026-03-08 19:55:32.090628+00
71928,10.54,2026-03-08 19:56:30.065064+00
71929,10.61,2026-03-08 19:57:14.897734+00
71930,8.8,2026-03-08 19:58:07.754182+00
71931,9.64,2026-03-08 19:59:35.492027+00
71932,9.27,2026-03-08 20:00:00.248971+00
71933,9.1,2026-03-08 20:01:36.405963+00
71934,9.43,2026-03-08 20:02:09.335887+00
71935,10.57,2026-03-08 20:03:22.800803+00
71936,10.51,2026-03-08 20:04:44.132893+00
71937,10.34,2026-03-08 20:05:29.588815+00
71938,9.5,2026-03-08 20:06:13.66954+00
71939,8.77,2026-03-08 20:07:10.795201+00
71940,8.71,2026-03-08 20:09:35.923981+00
71941,9.49,2026-03-08 20:10:16.436246+00
71942,10.66,2026-03-08 20:11:41.266197+00
71943,8.92,2026-03-08 20:12:13.131457+00
71944,10.51,2026-03-08 20:13:48.715765+00
71945,8.84,2026-03-08 20:14:15.68092+00
71946,8.93,2026-03-08 20:15:14.425141+00
71947,9.18,2026-03-08 20:16:37.291567+00
71948,9.26,2026-03-08 20:17:34.329828+00
71949,10.57,2026-03-08 20:18:28.6266+00
71950,9.61,2026-03-08 20:19:31.932762+00
71951,9.7,2026-03-08 20:20:39.24857+00
71952,9.81,2026-03-08 20:21:34.172418+00
71953,9.22,2026-03-08 20:22:44.846212+00
71954,8.84,2026-03-08 20:24:27.410313+00
71955,8.72,2026-03-08 20:25:14.856141+00
71956,10.3,2026-03-08 20:26:23.854639+00
71957,10.37,2026-03-08 20:27:41.036032+00
71958,10.64,2026-03-08 20:28:38.550694+00
71959,10.52,2026-03-08 20:29:49.593971+00
71960,10.55,2026-03-08 20:30:23.912846+00
71961,8.78,2026-03-08 20:31:40.770966+00
71962,10.11,2026-03-08 20:32:21.454273+00
71963,8.98,2026-03-08 20:33:47.902059+00
71964,10.38,2026-03-08 20:34:49.162096+00
71965,9.41,2026-03-08 20:35:03.780283+00
71966,10.2,2026-03-08 20:36:32.468835+00
71967,9.56,2026-03-08 20:37:23.372781+00
71968,9.26,2026-03-08 20:39:10.403317+00
71969,10.28,2026-03-08 20:40:11.436683+00
71970,9.11,2026-03-08 20:41:34.323145+00
71971,8.63,2026-03-08 20:42:15.733626+00
71972,9.47,2026-03-08 20:43:11.038331+00
71973,9.89,2026-03-08 20:44:37.449093+00
71974,9.88,2026-03-08 20:45:15.478895+00
71975,8.77,2026-03-08 20:46:05.816844+00
71976,8.65,2026-03-08 20:47:32.290093+00
71977,10.13,2026-03-08 20:48:02.32758+00
71978,9.32,2026-03-08 20:49:10.915532+00
71979,9.92,2026-03-08 20:50:06.508242+00
71980,9.64,2026-03-08 20:51:39.811541+00
71981,10.04,2026-03-08 20:53:38.130271+00
71982,10.06,2026-03-08 20:54:17.798325+00
71983,10.07,2026-03-08 20:55:03.057257+00
71984,8.55,2026-03-08 20:56:27.793957+00
71985,9.14,2026-03-08 20:57:23.802439+00
71986,8.45,2026-03-08 20:58:19.422673+00
71987,9.15,2026-03-08 20:59:31.590152+00
71988,9.8,2026-03-08 21:00:37.887359+00
71989,8.85,2026-03-08 21:01:37.346548+00
71990,9.91,2026-03-08 21:02:30.645807+00
71991,9.02,2026-03-08 21:03:10.411862+00
71992,9.3,2026-03-08 21:04:12.164661+00
71993,9.51,2026-03-08 21:05:31.848119+00
71994,10.36,2026-03-08 21:06:25.67927+00
71995,8.46,2026-03-08 21:08:19.893029+00
71996,10.28,2026-03-08 21:09:10.3981+00
71997,8.64,2026-03-08 21:10:23.171393+00
71998,9.78,2026-03-08 21:11:13.827795+00
71999,9.86,2026-03-08 21:12:23.682894+00
72000,9.03,2026-03-08 21:13:13.264079+00
72001,9.1,2026-03-08 21:14:40.630436+00
72002,9.27,2026-03-08 21:15:14.10793+00
72003,9.37,2026-03-08 21:16:46.410947+00
72004,10,2026-03-08 21:17:18.345339+00
72005,9.48,2026-03-08 21:18:49.4317+00
72006,10.3,2026-03-08 21:19:22.946822+00
72007,9.56,2026-03-08 21:20:07.92311+00
72008,9.57,2026-03-08 21:22:44.024986+00
72009,9.91,2026-03-08 21:23:04.497719+00
72010,9.99,2026-03-08 21:24:25.517261+00
72011,10.29,2026-03-08 21:25:30.324159+00
72012,8.92,2026-03-08 21:26:45.531759+00
72013,9.38,2026-03-08 21:27:37.889654+00
72014,9.35,2026-03-08 21:28:25.654644+00
72015,8.75,2026-03-08 21:29:02.067139+00
72016,9.45,2026-03-08 21:30:33.038477+00
72017,9.63,2026-03-08 21:31:31.028117+00
72018,10.07,2026-03-08 21:32:48.409652+00
72019,8.71,2026-03-08 21:33:39.483768+00
72020,9.12,2026-03-08 21:34:10.971448+00
72021,9.4,2026-03-08 21:36:17.124623+00
72022,9.98,2026-03-08 21:37:23.467145+00
72023,8.98,2026-03-08 21:38:46.467694+00
72024,9.63,2026-03-08 21:39:47.22402+00
72025,8.87,2026-03-08 21:40:47.885858+00
72026,9.83,2026-03-08 21:41:33.061449+00
72027,8.5,2026-03-08 21:42:34.132198+00
72028,9.39,2026-03-08 21:43:21.623482+00
72029,8.43,2026-03-08 21:44:48.387208+00
72030,9.44,2026-03-08 21:45:06.74939+00
72031,9.95,2026-03-08 21:46:30.372939+00
72032,8.95,2026-03-08 21:47:32.391619+00
72033,8.95,2026-03-08 21:48:34.271071+00
72034,10.01,2026-03-08 21:51:04.892394+00
72035,9.57,2026-03-08 21:52:41.077867+00
72036,9.19,2026-03-08 21:53:12.566144+00
72037,9.41,2026-03-08 21:54:02.778503+00
72038,8.76,2026-03-08 21:55:28.905052+00
72039,8.34,2026-03-08 21:56:35.677136+00
72040,9.59,2026-03-08 21:57:03.870285+00
72041,8.45,2026-03-08 21:58:14.005156+00
72042,8.65,2026-03-08 21:59:34.487639+00
72043,8.75,2026-03-08 22:00:18.387128+00
72044,9.01,2026-03-08 22:01:26.862833+00
72045,8.7,2026-03-08 22:03:18.701754+00
72046,8.39,2026-03-08 22:04:45.084745+00
72047,9.39,2026-03-08 22:05:46.3873+00
72048,10.08,2026-03-08 22:06:06.661912+00
72049,9.27,2026-03-08 22:07:12.417897+00
72050,8.5,2026-03-08 22:08:38.174194+00
72051,9.67,2026-03-08 22:09:07.104331+00
72052,9.2,2026-03-08 22:10:25.946235+00
72053,10.08,2026-03-08 22:11:31.635594+00
72054,9.72,2026-03-08 22:12:37.162044+00
72055,9.53,2026-03-08 22:13:07.878482+00
72056,9.81,2026-03-08 22:14:32.826904+00
72057,8.99,2026-03-08 22:15:02.59081+00
72058,9.63,2026-03-08 22:17:46.891262+00
72059,9.24,2026-03-08 22:18:33.829754+00
72060,9.62,2026-03-08 22:19:16.948242+00
72061,8.11,2026-03-08 22:20:18.817382+00
72062,8.75,2026-03-08 22:21:31.836516+00
72063,9.28,2026-03-08 22:22:44.465615+00
72064,9.27,2026-03-08 22:23:46.294739+00
72065,8.86,2026-03-08 22:24:37.111477+00
72066,9.92,2026-03-08 22:25:17.680686+00
72067,9.13,2026-03-08 22:26:13.233262+00
72068,8.89,2026-03-08 22:27:01.058551+00
72069,8.45,2026-03-08 22:28:42.313855+00
72070,8.72,2026-03-08 22:29:49.31677+00
72071,9.84,2026-03-08 22:30:25.959049+00
72072,9.64,2026-03-08 22:32:36.614239+00
72073,8.56,2026-03-08 22:33:38.34635+00
72074,9.73,2026-03-08 22:34:36.065182+00
72075,9.23,2026-03-08 22:35:47.165+00
72076,9.93,2026-03-08 22:36:07.081825+00
72077,8.2,2026-03-08 22:37:23.526521+00
72078,9.86,2026-03-08 22:38:43.072672+00
72079,9.55,2026-03-08 22:39:18.322316+00
72080,8.21,2026-03-08 22:40:20.354807+00
72081,8.49,2026-03-08 22:41:37.711055+00
72082,9.65,2026-03-08 22:42:39.546482+00
72083,8.01,2026-03-08 22:43:01.202368+00
72084,8.37,2026-03-08 22:44:44.572714+00
72085,9.55,2026-03-08 22:45:11.506107+00
72086,9.94,2026-03-08 22:47:34.551495+00
72087,9.21,2026-03-08 22:48:38.774247+00
72088,9.14,2026-03-08 22:49:10.86936+00
72089,9.96,2026-03-08 22:50:44.211439+00
72090,9.56,2026-03-08 22:51:29.288216+00
72091,8.48,2026-03-08 22:52:46.489936+00
72092,8.51,2026-03-08 22:53:15.586687+00
72093,8.81,2026-03-08 22:54:45.768501+00
72094,9.81,2026-03-08 22:55:38.677903+00
72095,9.17,2026-03-08 22:56:23.520198+00
72096,9.16,2026-03-08 22:57:16.296129+00
72097,9.39,2026-03-08 22:58:30.165548+00
72098,9.2,2026-03-08 22:59:09.998454+00
72099,8.99,2026-03-08 23:00:21.114026+00
72100,8.02,2026-03-08 23:02:49.686065+00
72101,8.16,2026-03-08 23:03:39.230375+00
72102,8.3,2026-03-08 23:04:14.014657+00
72103,8.14,2026-03-08 23:05:02.292398+00
72104,9.18,2026-03-08 23:06:32.369079+00
72105,9.66,2026-03-08 23:07:40.645478+00
72106,9.13,2026-03-08 23:08:36.109395+00
72107,9.18,2026-03-08 23:10:30.366286+00
72108,9.46,2026-03-08 23:11:01.333989+00
72109,9.83,2026-03-08 23:13:02.198656+00
72110,9.85,2026-03-08 23:14:07.457448+00
72111,8.41,2026-03-08 23:15:43.825149+00
72112,8.38,2026-03-08 23:16:14.304329+00
72113,9.18,2026-03-08 23:17:03.41764+00
72114,8.24,2026-03-08 23:18:25.053622+00
72115,8.34,2026-03-08 23:19:40.140548+00
72116,9.2,2026-03-08 23:20:12.739351+00
72117,8.87,2026-03-08 23:21:14.870712+00
72118,8.31,2026-03-08 23:22:41.121893+00
72119,9.17,2026-03-08 23:23:08.494587+00
72120,8.94,2026-03-08 23:24:13.342774+00
72121,8.08,2026-03-08 23:25:39.943086+00
72122,7.91,2026-03-08 23:26:06.675842+00
72123,8.85,2026-03-08 23:28:48.815418+00
72124,9.11,2026-03-08 23:29:25.72007+00
72125,9.12,2026-03-08 23:30:20.509758+00
72126,9.23,2026-03-08 23:31:35.734062+00
72127,9.46,2026-03-08 23:32:28.655657+00
72128,8.33,2026-03-08 23:33:49.631581+00
72129,9.33,2026-03-08 23:34:25.092827+00
72130,7.92,2026-03-08 23:35:17.239472+00
72131,7.94,2026-03-08 23:36:25.742245+00
72132,8.25,2026-03-08 23:37:28.307442+00
72133,9.1,2026-03-08 23:38:36.660621+00
72134,8.08,2026-03-08 23:39:23.881681+00
72135,9.72,2026-03-08 23:40:07.101756+00
72136,9.88,2026-03-08 23:41:11.4902+00
72137,8.45,2026-03-08 23:43:25.836509+00
72138,8.68,2026-03-08 23:44:12.851179+00
72139,9.77,2026-03-08 23:45:10.460559+00
72140,8.6,2026-03-08 23:46:08.763463+00
72141,8.8,2026-03-08 23:47:22.100486+00
72142,9.16,2026-03-08 23:48:43.044903+00
72143,9.45,2026-03-08 23:49:47.095178+00
72144,8.33,2026-03-08 23:50:08.550857+00
72145,8.44,2026-03-08 23:51:19.137338+00
72146,9.18,2026-03-08 23:52:35.646819+00
72147,9.8,2026-03-08 23:53:38.715259+00
72148,9.63,2026-03-08 23:54:30.56373+00
72149,8.21,2026-03-08 23:55:34.699983+00
72150,9.62,2026-03-08 23:57:35.223164+00
72151,8.35,2026-03-08 23:58:17.797062+00
72152,8.78,2026-03-08 23:59:37.744091+00
72153,8.13,2026-03-09 00:00:09.647525+00
72154,8.36,2026-03-09 00:01:05.436479+00
72155,9.35,2026-03-09 00:02:27.995411+00
72156,9.86,2026-03-09 00:03:31.996362+00
72157,9.08,2026-03-09 00:04:29.694572+00
72158,8.09,2026-03-09 00:05:43.973149+00
72159,7.92,2026-03-09 00:06:20.576521+00
72160,7.95,2026-03-09 00:07:19.675516+00
72161,8.27,2026-03-09 00:08:45.789027+00
72162,8.06,2026-03-09 00:11:45.774234+00
72163,9.38,2026-03-09 00:12:23.72945+00
72164,8.61,2026-03-09 00:13:40.182634+00
72165,7.99,2026-03-09 00:14:10.636908+00
72166,8.91,2026-03-09 00:15:16.777542+00
72167,9.45,2026-03-09 00:16:35.006728+00
72168,7.84,2026-03-09 00:17:04.783305+00
72169,7.99,2026-03-09 00:18:02.650913+00
72170,9.49,2026-03-09 00:19:02.585545+00
72171,9.15,2026-03-09 00:20:21.48767+00
72172,8.17,2026-03-09 00:21:42.413187+00
72173,9.44,2026-03-09 00:22:37.858827+00
72174,8.59,2026-03-09 00:24:17.583224+00
72175,8.45,2026-03-09 00:25:04.074006+00
72176,8.8,2026-03-09 00:26:43.404664+00
72177,8.86,2026-03-09 00:27:45.13551+00
72178,8.44,2026-03-09 00:28:24.724353+00
72179,9.4,2026-03-09 00:29:39.174739+00
72180,7.87,2026-03-09 00:30:37.857918+00
72181,8.79,2026-03-09 00:31:19.189747+00
72182,7.78,2026-03-09 00:32:07.455017+00
72183,8.9,2026-03-09 00:33:46.22916+00
72184,8.72,2026-03-09 00:34:00.111322+00
72185,7.73,2026-03-09 00:35:21.325561+00
72186,8.02,2026-03-09 00:36:02.654045+00
72187,8.88,2026-03-09 00:37:06.021839+00
72188,7.95,2026-03-09 00:39:17.516121+00
72189,9.21,2026-03-09 00:40:26.866689+00
72190,8.99,2026-03-09 00:41:40.738968+00
72191,9.64,2026-03-09 00:42:08.321608+00
72192,8.45,2026-03-09 00:43:05.879951+00
72193,9.31,2026-03-09 00:44:43.6538+00
72194,8.24,2026-03-09 00:45:14.111287+00
72195,7.99,2026-03-09 00:46:33.247913+00
72196,8.82,2026-03-09 00:47:16.028978+00
72197,8.24,2026-03-09 00:48:04.032849+00
72198,9.12,2026-03-09 00:49:11.909951+00
72199,8.44,2026-03-09 00:50:08.504367+00
72200,7.72,2026-03-09 00:51:34.004778+00
72201,9.35,2026-03-09 00:52:49.061637+00
72202,9.58,2026-03-09 00:54:17.138928+00
72203,7.62,2026-03-09 00:55:24.567315+00
72204,7.29,2026-03-09 00:56:31.31276+00
72205,7.64,2026-03-09 00:57:24.424241+00
72206,8.55,2026-03-09 00:58:25.307075+00
72207,7.48,2026-03-09 00:59:01.52345+00
72208,8.71,2026-03-09 01:00:31.811593+00
72209,8.26,2026-03-09 01:01:08.864426+00
72210,9.03,2026-03-09 01:02:41.484959+00
72211,7.91,2026-03-09 01:03:22.929686+00
72212,7.68,2026-03-09 01:04:45.807304+00
72213,8.11,2026-03-09 01:05:04.703769+00
72214,7.51,2026-03-09 01:06:28.3483+00
72215,7.69,2026-03-09 01:07:48.251721+00
72216,7.6,2026-03-09 01:09:28.396125+00
72217,7.22,2026-03-09 01:10:36.086342+00
72218,7.69,2026-03-09 01:11:20.287942+00
72219,7.66,2026-03-09 01:12:34.357224+00
72220,8.96,2026-03-09 01:13:33.442881+00
72221,8.74,2026-03-09 01:14:28.301321+00
72222,7.59,2026-03-09 01:15:23.815933+00
72223,7.64,2026-03-09 01:16:40.21144+00
72224,7.99,2026-03-09 01:17:08.631291+00
72225,7.6,2026-03-09 01:18:45.386753+00
72226,8.96,2026-03-09 01:19:03.070596+00
72227,8.06,2026-03-09 01:20:27.831139+00
72228,7.64,2026-03-09 01:21:45.00718+00
72229,8.93,2026-03-09 01:22:18.8109+00
72230,8.08,2026-03-09 01:24:13.150116+00
72231,8.2,2026-03-09 01:25:06.871259+00
72232,7.81,2026-03-09 01:26:27.650998+00
72233,7.22,2026-03-09 01:27:06.741414+00
72234,7.51,2026-03-09 01:28:23.598262+00
72235,7.92,2026-03-09 01:29:23.763834+00
72236,7.72,2026-03-09 01:30:24.517911+00
72237,8.87,2026-03-09 01:31:26.992773+00
72238,9.07,2026-03-09 01:32:20.772808+00
72239,8.65,2026-03-09 01:33:23.356426+00
72240,7.82,2026-03-09 01:34:41.798536+00
72241,8.62,2026-03-09 01:35:43.987346+00
72242,8.34,2026-03-09 01:36:17.911825+00
72243,8.44,2026-03-09 01:37:46.936554+00
72244,8.83,2026-03-09 01:39:13.137361+00
72245,7.29,2026-03-09 01:40:36.666678+00
72246,8.89,2026-03-09 01:41:14.449632+00
72247,8.9,2026-03-09 01:42:37.329475+00
72248,7.25,2026-03-09 01:43:12.079186+00
72249,8.57,2026-03-09 01:44:16.635855+00
72250,8.67,2026-03-09 01:45:02.255129+00
72251,7.55,2026-03-09 01:46:48.913729+00
72252,8.23,2026-03-09 01:47:18.347357+00
72253,8.38,2026-03-09 01:48:45.091731+00
72254,7.31,2026-03-09 01:49:35.409497+00
72255,7.67,2026-03-09 01:50:16.932549+00
72256,8.31,2026-03-09 01:51:22.27684+00
72257,8.05,2026-03-09 01:52:32.733616+00
72258,8.26,2026-03-09 01:54:04.028902+00
72259,8.38,2026-03-09 01:55:08.497679+00
72260,7.23,2026-03-09 01:56:03.287942+00
72261,8.82,2026-03-09 01:57:00.546877+00
72262,8.13,2026-03-09 01:58:22.705342+00
72263,7.45,2026-03-09 01:59:44.02953+00
72264,8.76,2026-03-09 02:00:08.708841+00
72265,8.5,2026-03-09 02:01:09.658822+00
72266,7.37,2026-03-09 02:02:28.299425+00
72267,7.68,2026-03-09 02:03:02.169538+00
72268,8.54,2026-03-09 02:04:46.2782+00
72269,8.72,2026-03-09 02:05:49.3176+00
72270,8.17,2026-03-09 02:06:43.564225+00
72271,8.11,2026-03-09 02:08:07.07226+00
72272,7.49,2026-03-09 02:09:41.646488+00
72273,8.67,2026-03-09 02:10:18.68903+00
72274,8,2026-03-09 02:11:13.216869+00
72275,8.73,2026-03-09 02:12:07.903621+00
72276,9.17,2026-03-09 02:13:01.005126+00
72277,8.77,2026-03-09 02:14:10.333507+00
72278,7.88,2026-03-09 02:15:03.760922+00
72279,7.73,2026-03-09 02:16:30.64598+00
72280,9.02,2026-03-09 02:17:40.300039+00
72281,7.45,2026-03-09 02:18:03.132176+00
72282,8.01,2026-03-09 02:19:34.923205+00
72283,7.25,2026-03-09 02:20:29.456663+00
72284,9.19,2026-03-09 02:21:34.116854+00
72285,7.46,2026-03-09 02:22:22.389988+00
72286,8.49,2026-03-09 02:24:00.959562+00
72287,7.81,2026-03-09 02:25:38.926678+00
72288,7.42,2026-03-09 02:26:07.674074+00
72289,8.78,2026-03-09 02:27:27.34229+00
72290,8.36,2026-03-09 02:28:20.8052+00
72291,7.93,2026-03-09 02:29:18.196717+00
72292,8.67,2026-03-09 02:30:42.38565+00
72293,9.04,2026-03-09 02:31:05.771267+00
72294,9.06,2026-03-09 02:32:03.509524+00
72295,9.01,2026-03-09 02:33:29.856239+00
72296,8.62,2026-03-09 02:34:33.436603+00
72297,7.58,2026-03-09 02:35:08.570159+00
72298,8.63,2026-03-09 02:38:28.183323+00
72299,7.59,2026-03-09 02:39:40.697553+00
72300,7.75,2026-03-09 02:40:48.867059+00
72301,8.5,2026-03-09 02:41:21.620704+00
72302,8.37,2026-03-09 02:42:41.136378+00
72303,9.13,2026-03-09 02:43:44.738998+00
72304,8.69,2026-03-09 02:44:13.714839+00
72305,8.71,2026-03-09 02:45:23.190584+00
72306,7.73,2026-03-09 02:46:17.633993+00
72307,8.42,2026-03-09 02:47:10.62037+00
72308,8.69,2026-03-09 02:48:28.032145+00
72309,7.84,2026-03-09 02:50:42.585505+00
72310,7.85,2026-03-09 02:51:22.094768+00
72311,7.45,2026-03-09 02:52:41.824551+00
72312,8.74,2026-03-09 02:53:40.971855+00
72313,7.96,2026-03-09 02:54:09.718238+00
72314,7.84,2026-03-09 02:55:13.388195+00
72315,7.73,2026-03-09 02:56:42.252046+00
72316,8.43,2026-03-09 02:57:20.672466+00
72317,7.52,2026-03-09 02:58:23.863962+00
72318,8.75,2026-03-09 02:59:03.870218+00
72319,7.31,2026-03-09 03:00:01.489734+00
72320,7.96,2026-03-09 03:01:14.788433+00
72321,8.16,2026-03-09 03:02:41.523862+00
72322,7.79,2026-03-09 03:03:43.653969+00
72323,7.4,2026-03-09 03:05:13.401323+00
72324,8.02,2026-03-09 03:06:25.48184+00
72325,8.4,2026-03-09 03:07:37.48971+00
72326,8.3,2026-03-09 03:08:48.275538+00
72327,8.27,2026-03-09 03:09:16.687028+00
72328,7.66,2026-03-09 03:10:48.858844+00
72329,7.45,2026-03-09 03:11:23.395019+00
72330,7.49,2026-03-09 03:12:36.783886+00
72331,8.67,2026-03-09 03:13:34.621999+00
72332,7.25,2026-03-09 03:14:13.03141+00
72333,8.86,2026-03-09 03:15:40.555639+00
72334,8.31,2026-03-09 03:16:05.95037+00
72335,7.99,2026-03-09 03:17:42.089763+00
72336,7.87,2026-03-09 03:18:18.796387+00
72337,8.29,2026-03-09 03:20:23.110635+00
72338,8.86,2026-03-09 03:21:34.717711+00
72339,8.13,2026-03-09 03:22:26.442024+00
72340,8.24,2026-03-09 03:23:26.7561+00
72341,8.5,2026-03-09 03:24:36.934625+00
72342,7.81,2026-03-09 03:25:30.768895+00
72343,7.4,2026-03-09 03:26:33.060763+00
72344,7.26,2026-03-09 03:27:37.655055+00
72345,8.19,2026-03-09 03:28:16.081704+00
72346,7.75,2026-03-09 03:29:24.468595+00
72347,8.78,2026-03-09 03:30:36.358135+00
72348,8.73,2026-03-09 03:31:06.259032+00
72349,7.77,2026-03-09 03:32:25.890883+00
72350,9.04,2026-03-09 03:33:32.85609+00
72351,8.99,2026-03-09 03:35:37.714464+00
72352,7.72,2026-03-09 03:36:26.276044+00
72353,8.23,2026-03-09 03:37:00.507227+00
72354,7.37,2026-03-09 03:38:29.536381+00
72355,8.81,2026-03-09 03:39:42.196775+00
72356,8.38,2026-03-09 03:40:39.164986+00
72357,8.52,2026-03-09 03:41:41.162304+00
72358,7.89,2026-03-09 03:42:16.432746+00
72359,9.16,2026-03-09 03:43:06.538782+00
72360,8.21,2026-03-09 03:44:10.840175+00
72361,8.11,2026-03-09 03:45:07.201489+00
72362,8.58,2026-03-09 03:46:08.576999+00
72363,7.32,2026-03-09 03:47:48.303513+00
72364,8.55,2026-03-09 03:48:48.131348+00
72365,8.64,2026-03-09 03:50:29.98576+00
72366,8.18,2026-03-09 03:51:45.855246+00
72367,7.38,2026-03-09 03:52:41.811688+00
72368,9.11,2026-03-09 03:53:32.997718+00
72369,8.97,2026-03-09 03:54:38.184115+00
72370,9,2026-03-09 03:55:03.827145+00
72371,8.08,2026-03-09 03:56:37.068215+00
72372,8.61,2026-03-09 03:57:39.621549+00
72373,8.95,2026-03-09 03:58:08.719319+00
72374,7.38,2026-03-09 03:59:42.196969+00
72375,9.4,2026-03-09 04:00:32.303522+00
72376,7.47,2026-03-09 04:01:29.390329+00
72377,8.39,2026-03-09 04:02:06.08335+00
72378,8.21,2026-03-09 04:03:19.5034+00
72379,8.17,2026-03-09 04:05:32.141641+00
72380,8.44,2026-03-09 04:06:09.047181+00
72381,8.94,2026-03-09 04:07:15.828487+00
72382,7.68,2026-03-09 04:08:42.00907+00
72383,8.75,2026-03-09 04:09:46.589396+00
72384,9,2026-03-09 04:10:40.777637+00
72385,8.68,2026-03-09 04:11:11.546071+00
72386,7.74,2026-03-09 04:12:24.142575+00
72387,7.65,2026-03-09 04:13:42.916013+00
72388,8.48,2026-03-09 04:14:41.636476+00
72389,9.18,2026-03-09 04:15:24.618955+00
72390,8.53,2026-03-09 04:16:12.853466+00
72391,8.84,2026-03-09 04:17:48.605045+00
72392,7.88,2026-03-09 04:18:04.503324+00
72393,9.32,2026-03-09 04:20:29.733373+00
72394,7.89,2026-03-09 04:21:20.800074+00
72395,8.24,2026-03-09 04:22:41.547386+00
72396,8.46,2026-03-09 04:23:30.136616+00
72397,7.54,2026-03-09 04:24:20.146488+00
72398,8.97,2026-03-09 04:25:05.217234+00
72399,9.24,2026-03-09 04:26:16.849478+00
72400,7.73,2026-03-09 04:27:27.646654+00
72401,7.58,2026-03-09 04:28:38.57816+00
72402,8.47,2026-03-09 04:29:10.730461+00
72403,7.68,2026-03-09 04:30:08.753508+00
72404,7.89,2026-03-09 04:31:13.187399+00
72405,7.88,2026-03-09 04:32:35.595384+00
72406,9.2,2026-03-09 04:33:37.87719+00
72407,8.75,2026-03-09 04:35:32.687765+00
72408,7.54,2026-03-09 04:36:12.774971+00
72409,8.45,2026-03-09 04:37:21.818973+00
72410,7.98,2026-03-09 04:38:25.120499+00
72411,7.44,2026-03-09 04:39:02.872097+00
72412,7.85,2026-03-09 04:40:43.450815+00
72413,8.12,2026-03-09 04:41:32.380161+00
72414,8.09,2026-03-09 04:42:09.360872+00
72415,8.54,2026-03-09 04:43:47.435098+00
72416,7.68,2026-03-09 04:44:35.340516+00
72417,8.88,2026-03-09 04:45:48.345086+00
72418,8.2,2026-03-09 04:46:16.850413+00
72419,8.75,2026-03-09 04:47:33.069967+00
72420,8.13,2026-03-09 04:48:30.126519+00
72421,7.72,2026-03-09 04:50:00.164896+00
72422,8.72,2026-03-09 04:51:45.920207+00
72423,9.06,2026-03-09 04:52:27.556182+00
72424,8.21,2026-03-09 04:53:06.56488+00
72425,7.44,2026-03-09 04:54:30.634892+00
72426,8.45,2026-03-09 04:55:45.333799+00
72427,8.22,2026-03-09 04:56:40.334019+00
72428,8.05,2026-03-09 04:57:19.924864+00
72429,8.85,2026-03-09 04:58:41.453757+00
72430,7.9,2026-03-09 04:59:49.65408+00
72431,8.89,2026-03-09 05:00:04.946158+00
72432,8.56,2026-03-09 05:01:16.46373+00
72433,9.16,2026-03-09 05:02:10.416192+00
72434,7.52,2026-03-09 05:03:12.592463+00
72435,9.13,2026-03-09 05:05:17.495878+00
72436,8.77,2026-03-09 05:06:16.547015+00
72437,7.91,2026-03-09 05:07:22.613353+00
72438,8,2026-03-09 05:08:12.15209+00
72439,7.71,2026-03-09 05:09:44.655821+00
72440,8.34,2026-03-09 05:10:23.57507+00
72441,8.99,2026-03-09 05:11:13.285375+00
72442,7.99,2026-03-09 05:12:23.52129+00
72443,7.53,2026-03-09 05:14:23.259141+00
72444,8.02,2026-03-09 05:15:15.26922+00
72445,7.8,2026-03-09 05:17:28.432502+00
72446,8.46,2026-03-09 05:18:11.80838+00
72447,8.8,2026-03-09 05:19:45.833217+00
72448,7.44,2026-03-09 05:21:02.293404+00
72449,7.76,2026-03-09 05:22:21.834442+00
72450,9.13,2026-03-09 05:23:00.543127+00
72451,8.96,2026-03-09 05:24:00.933084+00
72452,8.2,2026-03-09 05:25:03.682772+00
72453,8.28,2026-03-09 05:26:43.738112+00
72454,8.04,2026-03-09 05:27:32.065548+00
72455,8.15,2026-03-09 05:29:19.038575+00
72456,9.28,2026-03-09 05:30:18.145651+00
72457,9.21,2026-03-09 05:31:45.264188+00
72458,7.7,2026-03-09 05:32:32.2451+00
72459,7.71,2026-03-09 05:33:19.196558+00
72460,9.14,2026-03-09 05:34:24.66179+00
72461,8.72,2026-03-09 05:35:23.382269+00
72462,8.6,2026-03-09 05:36:47.272502+00
72463,9.12,2026-03-09 05:37:35.985563+00
72464,7.29,2026-03-09 05:38:39.865053+00
72465,9.19,2026-03-09 05:39:04.967006+00
72466,7.87,2026-03-09 05:40:04.342781+00
72467,7.31,2026-03-09 05:41:13.732192+00
72468,8.49,2026-03-09 05:42:22.447916+00
72469,8.65,2026-03-09 05:44:39.909112+00
72470,9.18,2026-03-09 05:45:08.25679+00
72471,8.01,2026-03-09 05:46:39.228846+00
72472,8.31,2026-03-09 05:47:10.147572+00
72473,9.13,2026-03-09 05:48:49.256973+00
72474,8.81,2026-03-09 05:49:31.479288+00
72475,7.33,2026-03-09 05:50:00.615494+00
72476,7.23,2026-03-09 05:51:02.84041+00
72477,9.19,2026-03-09 05:52:37.822537+00
72478,8.24,2026-03-09 05:53:38.098601+00
72479,7.74,2026-03-09 05:54:36.659944+00
72480,7.43,2026-03-09 05:55:15.447005+00
72481,7.4,2026-03-09 05:56:34.858963+00
72482,8.02,2026-03-09 05:57:05.485083+00
72483,9.07,2026-03-09 05:59:08.242135+00
72484,8.79,2026-03-09 06:00:44.88604+00
72485,8.81,2026-03-09 06:01:45.720325+00
72486,8.95,2026-03-09 06:02:21.016868+00
72487,7.7,2026-03-09 06:03:08.521397+00
72488,7.27,2026-03-09 06:04:08.477625+00
72489,9.18,2026-03-09 06:05:30.498828+00
72490,8.44,2026-03-09 06:06:32.474835+00
72491,8.62,2026-03-09 06:07:23.099514+00
72492,7.79,2026-03-09 06:08:21.754853+00
72493,8.29,2026-03-09 06:09:15.367166+00
72494,7.91,2026-03-09 06:10:13.911705+00
72495,7.99,2026-03-09 06:11:17.340795+00
72496,8.3,2026-03-09 06:13:01.808641+00
72497,9.06,2026-03-09 06:14:15.527326+00
72498,8.02,2026-03-09 06:15:32.065034+00
72499,9.17,2026-03-09 06:16:18.301929+00
72500,7.88,2026-03-09 06:17:44.445726+00
72501,8.12,2026-03-09 06:18:48.193891+00
72502,7.58,2026-03-09 06:20:19.393926+00
72503,7.65,2026-03-09 06:21:35.358263+00
72504,7.8,2026-03-09 06:22:01.023651+00
72505,8.16,2026-03-09 06:23:03.219702+00
72506,8.23,2026-03-09 06:25:17.101695+00
72507,9.16,2026-03-09 06:26:48.213901+00
72508,9,2026-03-09 06:27:38.159372+00
72509,8.88,2026-03-09 06:28:03.380479+00
72510,8.23,2026-03-09 06:29:31.701334+00
72511,8.8,2026-03-09 06:30:27.124662+00
72512,7.66,2026-03-09 06:31:28.063841+00
72513,8.75,2026-03-09 06:32:34.746695+00
72514,8.22,2026-03-09 06:33:39.017148+00
72515,8.48,2026-03-09 06:34:01.79404+00
72516,7.72,2026-03-09 06:35:34.897303+00
72517,7.72,2026-03-09 06:36:46.686152+00
72518,8.95,2026-03-09 06:37:05.220985+00
72519,9.18,2026-03-09 06:39:24.816111+00
72520,7.41,2026-03-09 06:41:29.720428+00
72521,7.32,2026-03-09 06:42:12.287612+00
72522,8.47,2026-03-09 06:43:37.050938+00
72523,9.08,2026-03-09 06:44:12.436971+00
72524,8.71,2026-03-09 06:45:36.479216+00
72525,8.73,2026-03-09 06:47:30.856319+00
72526,8.65,2026-03-09 06:48:09.134677+00
72527,8.58,2026-03-09 06:49:49.526419+00
72528,8.77,2026-03-09 06:51:00.41822+00
72529,8.37,2026-03-09 06:52:42.005253+00
72530,8.29,2026-03-09 06:53:19.692532+00
72531,8.61,2026-03-09 06:54:15.650461+00
72532,9.09,2026-03-09 06:55:16.356118+00
72533,8.95,2026-03-09 06:56:20.999955+00
72534,8.38,2026-03-09 06:57:12.846995+00
72535,8.62,2026-03-09 06:58:41.025541+00
72536,9.04,2026-03-09 06:59:30.282276+00
72537,8.64,2026-03-09 07:00:25.781043+00
72538,8.16,2026-03-09 07:01:16.310052+00
72539,8.27,2026-03-09 07:02:43.672353+00
72540,7.42,2026-03-09 07:03:30.38402+00
72541,7.61,2026-03-09 07:04:24.902233+00
72542,7.28,2026-03-09 07:06:33.839196+00
72543,8.07,2026-03-09 07:07:20.160078+00
72544,8.38,2026-03-09 07:08:28.894462+00
72545,7.56,2026-03-09 07:09:10.709155+00
72546,8.77,2026-03-09 07:10:00.317887+00
72547,8.98,2026-03-09 07:11:01.889435+00
72548,7.25,2026-03-09 07:12:01.554357+00
72549,8,2026-03-09 07:13:15.52016+00
72550,8.17,2026-03-09 07:14:14.107616+00
72551,8.36,2026-03-09 07:15:30.289884+00
72552,7.51,2026-03-09 07:16:11.461697+00
72553,8.98,2026-03-09 07:17:44.954486+00
72554,8.42,2026-03-09 07:18:37.974996+00
72555,8.28,2026-03-09 07:19:49.455042+00
72556,8.44,2026-03-09 07:21:49.706394+00
72557,8.63,2026-03-09 07:22:30.949678+00
72558,7.33,2026-03-09 07:23:44.900938+00
72559,8.56,2026-03-09 07:24:17.989737+00
72560,7.32,2026-03-09 07:25:15.465968+00
72561,7.87,2026-03-09 07:26:18.975961+00
72562,8.6,2026-03-09 07:27:03.283332+00
72563,7.63,2026-03-09 07:28:36.272828+00
72564,9.21,2026-03-09 07:29:33.593539+00
72565,8.57,2026-03-09 07:30:19.15844+00
72566,9.14,2026-03-09 07:31:41.198776+00
72567,8.1,2026-03-09 07:32:47.000406+00
72568,7.6,2026-03-09 07:33:41.07983+00
72569,8.56,2026-03-09 07:34:41.788495+00
72570,9.18,2026-03-09 07:36:02.798489+00
72571,8.61,2026-03-09 07:37:19.297152+00
72572,7.92,2026-03-09 07:38:05.155219+00
72573,7.7,2026-03-09 07:39:46.887258+00
72574,8.83,2026-03-09 07:40:48.268824+00
72575,8.99,2026-03-09 07:41:13.615096+00
72576,8.06,2026-03-09 07:42:39.362392+00
72577,9.21,2026-03-09 07:44:31.497289+00
72578,8.01,2026-03-09 07:45:11.563809+00
72579,7.3,2026-03-09 07:46:42.829656+00
72580,7.53,2026-03-09 07:48:12.862769+00
72581,7.62,2026-03-09 07:49:35.073732+00
72582,9.2,2026-03-09 07:50:32.154023+00
72583,7.6,2026-03-09 07:51:33.734066+00
72584,8.85,2026-03-09 07:52:42.449141+00
72585,8.87,2026-03-09 07:53:31.863245+00
72586,7.7,2026-03-09 07:54:38.304522+00
72587,9.36,2026-03-09 07:55:45.844993+00
72588,9.12,2026-03-09 07:56:26.772323+00
72589,7.66,2026-03-09 07:57:09.148976+00
72590,8.52,2026-03-09 07:58:40.03679+00
72591,8.89,2026-03-09 07:59:22.883196+00
72592,8.06,2026-03-09 08:01:09.908464+00
72593,9.33,2026-03-09 08:02:48.419573+00
72594,8.14,2026-03-09 08:03:19.213276+00
72595,7.66,2026-03-09 08:04:40.968296+00
72596,9.13,2026-03-09 08:05:37.560134+00
72597,9.25,2026-03-09 08:06:34.271649+00
72598,7.65,2026-03-09 08:07:35.28086+00
72599,8.14,2026-03-09 08:08:05.20845+00
72600,7.75,2026-03-09 08:09:35.873464+00
72601,8.33,2026-03-09 08:10:23.129226+00
72602,9.12,2026-03-09 08:11:17.82398+00
72603,7.78,2026-03-09 08:12:17.513262+00
72604,9.28,2026-03-09 08:13:29.10092+00
72605,9.6,2026-03-09 08:15:37.273436+00
72606,8.41,2026-03-09 08:16:14.889943+00
72607,8.51,2026-03-09 08:17:37.25475+00
72608,8.64,2026-03-09 08:18:07.509913+00
72609,8.02,2026-03-09 08:19:07.564737+00
72610,8.71,2026-03-09 08:20:44.045741+00
72611,8.04,2026-03-09 08:21:06.379685+00
72612,8.57,2026-03-09 08:22:36.905509+00
72613,9.48,2026-03-09 08:23:07.942562+00
72614,9.57,2026-03-09 08:24:10.582603+00
72615,8.66,2026-03-09 08:25:11.463259+00
72616,9.17,2026-03-09 08:26:18.425475+00
72617,8.4,2026-03-09 08:28:07.995265+00
72618,8.24,2026-03-09 08:29:04.139982+00
72619,9.22,2026-03-09 08:30:38.252207+00
72620,8.7,2026-03-09 08:31:45.975831+00
72621,8.29,2026-03-09 08:32:32.291915+00
72622,8.39,2026-03-09 08:33:44.058936+00
72623,8.32,2026-03-09 08:34:35.914634+00
72624,8.25,2026-03-09 08:35:01.968403+00
72625,9.39,2026-03-09 08:36:32.752358+00
72626,8.41,2026-03-09 08:37:02.084858+00
72627,9.57,2026-03-09 08:38:40.084431+00
72628,8.97,2026-03-09 08:39:15.183804+00
72629,9.35,2026-03-09 08:40:34.409661+00
72630,7.99,2026-03-09 08:42:35.975637+00
72631,9.58,2026-03-09 08:43:02.382298+00
72632,9.01,2026-03-09 08:44:48.019676+00
72633,8.84,2026-03-09 08:45:31.492699+00
72634,9.16,2026-03-09 08:46:46.481845+00
72635,7.98,2026-03-09 08:47:19.887102+00
72636,9.07,2026-03-09 08:48:40.596345+00
72637,8.07,2026-03-09 08:49:27.526043+00
72638,8.95,2026-03-09 08:50:03.591133+00
72639,8.21,2026-03-09 08:51:10.456923+00
72640,9.5,2026-03-09 08:52:20.661389+00
72641,7.89,2026-03-09 08:53:38.544009+00
72642,9.37,2026-03-09 08:54:17.90091+00
72643,9.5,2026-03-09 08:55:44.770536+00
72644,8.33,2026-03-09 08:56:49.794281+00
72645,7.92,2026-03-09 08:58:36.839876+00
72646,9.26,2026-03-09 08:59:40.374207+00
72647,9.75,2026-03-09 09:00:10.25375+00
72648,9.85,2026-03-09 09:01:19.785856+00
72649,8.93,2026-03-09 09:02:00.038859+00
72650,8,2026-03-09 09:03:42.696988+00
72651,8.47,2026-03-09 09:04:15.797479+00
72652,9.02,2026-03-09 09:05:45.119884+00
72653,9.35,2026-03-09 09:06:26.856868+00
72654,9.4,2026-03-09 09:07:38.062211+00
72655,8.39,2026-03-09 09:08:47.89405+00
72656,8.22,2026-03-09 09:09:36.357483+00
72657,8.55,2026-03-09 09:10:09.599133+00
72658,9.31,2026-03-09 09:12:33.424874+00
72659,8.37,2026-03-09 09:13:47.539129+00
72660,9.68,2026-03-09 09:14:36.661001+00
72661,8.32,2026-03-09 09:15:28.918279+00
72662,9.14,2026-03-09 09:16:17.432735+00
72663,8.31,2026-03-09 09:17:08.270857+00
72664,8.87,2026-03-09 09:18:39.42367+00
72665,8.61,2026-03-09 09:19:11.045012+00
72666,10.09,2026-03-09 09:20:00.991076+00
72667,8.8,2026-03-09 09:21:26.701154+00
72668,8.88,2026-03-09 09:22:14.432111+00
72669,8.88,2026-03-09 09:23:44.431997+00
72670,9.89,2026-03-09 09:24:39.200895+00
72671,8.4,2026-03-09 09:25:27.182323+00
72672,9.76,2026-03-09 09:26:17.663969+00
72673,8.84,2026-03-09 09:28:14.960576+00
72674,8.51,2026-03-09 09:29:13.743033+00
72675,8.56,2026-03-09 09:30:07.060157+00
72676,9.83,2026-03-09 09:31:25.2804+00
72677,9.41,2026-03-09 09:32:22.528144+00
72678,9.67,2026-03-09 09:33:34.870665+00
72679,9.23,2026-03-09 09:34:04.884239+00
72680,9.3,2026-03-09 09:35:46.031299+00
72681,8.44,2026-03-09 09:36:25.357217+00
72682,10.05,2026-03-09 09:37:02.507323+00
72683,9.32,2026-03-09 09:38:41.889323+00
72684,9.97,2026-03-09 09:39:44.240507+00
72685,10.24,2026-03-09 09:40:00.945922+00
72686,9.14,2026-03-09 09:41:14.121674+00
72687,8.57,2026-03-09 09:43:21.224933+00
72688,9.84,2026-03-09 09:44:48.743275+00
72689,8.57,2026-03-09 09:45:03.459016+00
72690,10.22,2026-03-09 09:46:27.433001+00
72691,9.02,2026-03-09 09:47:15.947154+00
72692,10.36,2026-03-09 09:48:37.623291+00
72693,8.89,2026-03-09 09:49:30.789672+00
72694,9.96,2026-03-09 09:50:04.391826+00
72695,9.49,2026-03-09 09:51:13.755003+00
72696,8.71,2026-03-09 09:52:11.519992+00
72697,8.77,2026-03-09 09:53:09.666086+00
72698,8.87,2026-03-09 09:54:43.014576+00
72699,9.09,2026-03-09 09:55:47.507434+00
72700,9.85,2026-03-09 09:57:29.781757+00
72701,10.32,2026-03-09 09:58:39.42827+00
72702,9.64,2026-03-09 09:59:35.082134+00
72703,8.79,2026-03-09 10:00:33.830769+00
72704,8.5,2026-03-09 10:01:40.541442+00
72705,10.16,2026-03-09 10:02:38.617388+00
72706,9.53,2026-03-09 10:03:44.987356+00
72707,9.83,2026-03-09 10:04:05.614684+00
72708,10.34,2026-03-09 10:05:12.992092+00
72709,10.45,2026-03-09 10:06:07.229284+00
72710,10.47,2026-03-09 10:07:48.318484+00
72711,9.64,2026-03-09 10:08:26.432765+00
72712,10.41,2026-03-09 10:09:41.219251+00
72713,10.26,2026-03-09 10:10:40.459403+00
72714,10.15,2026-03-09 10:12:06.693396+00
72715,9.41,2026-03-09 10:13:11.813955+00
72716,10.26,2026-03-09 10:14:20.512491+00
72717,9.16,2026-03-09 10:15:28.924674+00
72718,10.89,2026-03-09 10:16:21.01673+00
72719,9.7,2026-03-09 10:17:47.442033+00
72720,10.82,2026-03-09 10:18:30.905959+00
72721,10.43,2026-03-09 10:19:11.229256+00
72722,10.68,2026-03-09 10:20:42.287739+00
72723,9.07,2026-03-09 10:21:46.692081+00
72724,10.65,2026-03-09 10:22:05.43968+00
72725,10.72,2026-03-09 10:23:45.495089+00
72726,10.72,2026-03-09 10:24:28.888927+00
72727,9.84,2026-03-09 10:25:24.08873+00
72728,10.57,2026-03-09 10:27:03.38181+00
72729,10.49,2026-03-09 10:28:46.909066+00
72730,9.92,2026-03-09 10:29:27.72589+00
72731,9.45,2026-03-09 10:30:47.644285+00
72732,9.95,2026-03-09 10:31:09.602095+00
72733,10.58,2026-03-09 10:32:32.312518+00
72734,9.87,2026-03-09 10:33:42.477164+00
72735,11.12,2026-03-09 10:34:23.868184+00
72736,9.42,2026-03-09 10:35:11.7898+00
72737,11.05,2026-03-09 10:36:22.72114+00
72738,11.17,2026-03-09 10:37:41.777249+00
72739,10.06,2026-03-09 10:38:13.626422+00
72740,10.36,2026-03-09 10:39:33.145962+00
72741,9.83,2026-03-09 10:40:36.157152+00
72742,10.32,2026-03-09 10:42:43.363582+00
72743,9.93,2026-03-09 10:43:15.195162+00
72744,9.67,2026-03-09 10:44:31.321161+00
72745,11.35,2026-03-09 10:45:43.291691+00
72746,10.22,2026-03-09 10:46:08.590689+00
72747,10.99,2026-03-09 10:47:12.916292+00
72748,10.71,2026-03-09 10:48:13.837213+00
72749,11.21,2026-03-09 10:49:47.296499+00
72750,9.79,2026-03-09 10:50:05.847297+00
72751,10.82,2026-03-09 10:51:48.275343+00
72752,10.93,2026-03-09 10:52:07.449138+00
72753,10.18,2026-03-09 10:53:47.016125+00
72754,11,2026-03-09 10:54:08.478385+00
72755,9.6,2026-03-09 10:55:20.510048+00
72756,10.36,2026-03-09 10:57:31.914619+00
72757,9.7,2026-03-09 10:58:20.922757+00
72758,11.31,2026-03-09 10:59:04.522447+00
72759,10.13,2026-03-09 11:00:06.086689+00
72760,11.5,2026-03-09 11:01:11.006108+00
72761,9.52,2026-03-09 11:03:32.225469+00
72762,11.29,2026-03-09 11:04:44.004778+00
72763,10.76,2026-03-09 11:05:48.098564+00
72764,9.62,2026-03-09 11:06:42.896907+00
72765,9.68,2026-03-09 11:08:11.072822+00
72766,10.41,2026-03-09 11:09:48.336201+00
72767,11.46,2026-03-09 11:10:22.79105+00
72768,9.92,2026-03-09 11:11:23.060728+00
72769,10.38,2026-03-09 11:12:36.211354+00
72770,11.31,2026-03-09 11:13:42.991757+00
72771,10.04,2026-03-09 11:14:46.248778+00
72772,10.43,2026-03-09 11:15:22.796456+00
72773,10.36,2026-03-09 11:16:34.773022+00
72774,11.16,2026-03-09 11:17:16.68874+00
72775,9.96,2026-03-09 11:18:32.201007+00
72776,10.56,2026-03-09 11:19:14.047791+00
72777,10.82,2026-03-09 11:20:00.210932+00
72778,11.74,2026-03-09 11:21:23.183258+00
72779,10.09,2026-03-09 11:23:23.036763+00
72780,10.4,2026-03-09 11:24:44.476534+00
72781,10.34,2026-03-09 11:25:29.388999+00
72782,10.04,2026-03-09 11:26:26.127818+00
72783,10.35,2026-03-09 11:27:38.012488+00
72784,10.47,2026-03-09 11:28:41.369893+00
72785,10.32,2026-03-09 11:29:47.642493+00
72786,11.03,2026-03-09 11:30:36.121786+00
72787,11.39,2026-03-09 11:31:01.474492+00
72788,10.02,2026-03-09 11:32:00.410383+00
72789,9.69,2026-03-09 11:33:23.305601+00
72790,9.95,2026-03-09 11:34:05.77439+00
72791,11.13,2026-03-09 11:35:23.174006+00
72792,9.97,2026-03-09 11:36:37.51768+00
72793,11.18,2026-03-09 11:38:20.084925+00
72794,11.24,2026-03-09 11:39:34.595407+00
72795,9.84,2026-03-09 11:40:14.185915+00
72796,11.09,2026-03-09 11:41:37.733815+00
72797,11.05,2026-03-09 11:42:32.762155+00
72798,11.02,2026-03-09 11:43:02.919239+00
72799,11.48,2026-03-09 11:44:22.666391+00
72800,10.29,2026-03-09 11:45:02.190733+00
72801,11.43,2026-03-09 11:46:31.286971+00
72802,11.87,2026-03-09 11:47:18.192931+00
72803,11.74,2026-03-09 11:48:44.89075+00
72804,11.02,2026-03-09 11:49:11.535+00
72805,11.66,2026-03-09 11:50:24.177675+00
72806,11.49,2026-03-09 11:52:03.387006+00
72807,10.11,2026-03-09 11:53:38.199164+00
72808,10.18,2026-03-09 11:54:12.034741+00
72809,11.34,2026-03-09 11:55:18.742418+00
72810,10.3,2026-03-09 11:56:47.079394+00
72811,11.89,2026-03-09 11:57:07.165504+00
72812,10.71,2026-03-09 11:58:26.684875+00
72813,9.95,2026-03-09 11:59:19.530706+00
72814,11.83,2026-03-09 12:00:47.268556+00
72815,11.23,2026-03-09 12:02:43.584306+00
72816,10.75,2026-03-09 12:04:11.934689+00
72817,10.73,2026-03-09 12:05:27.273742+00
72818,11.61,2026-03-09 12:06:06.113232+00
72819,10.9,2026-03-09 12:07:05.703299+00
72820,12,2026-03-09 12:09:34.242482+00
72821,10.73,2026-03-09 12:10:47.37973+00
72822,11.7,2026-03-09 12:11:13.948471+00
72823,11.67,2026-03-09 12:12:11.324453+00
72824,11.92,2026-03-09 12:14:46.136925+00
72825,11.24,2026-03-09 12:15:40.095402+00
72826,10.45,2026-03-09 12:16:05.887476+00
72827,11.88,2026-03-09 12:17:22.112449+00
72828,10.93,2026-03-09 12:18:34.761972+00
72829,11.51,2026-03-09 12:19:04.502638+00
72830,11.97,2026-03-09 12:20:15.540944+00
72831,10.5,2026-03-09 12:21:13.037656+00
72832,10.7,2026-03-09 12:22:46.645566+00
72833,11.65,2026-03-09 12:23:02.364865+00
72834,12.15,2026-03-09 12:24:26.997125+00
72835,11.26,2026-03-09 12:25:43.264739+00
72836,10.34,2026-03-09 12:26:00.781485+00
72837,12.07,2026-03-09 12:28:27.900465+00
72838,11.51,2026-03-09 12:29:33.213151+00
72839,11.08,2026-03-09 12:30:27.695376+00
72840,11.04,2026-03-09 12:31:27.502357+00
72841,12.46,2026-03-09 12:32:30.481894+00
72842,10.61,2026-03-09 12:33:49.385297+00
72843,11.82,2026-03-09 12:34:09.450565+00
72844,11,2026-03-09 12:35:03.648659+00
72845,10.54,2026-03-09 12:36:05.663366+00
72846,10.6,2026-03-09 12:39:01.828068+00
72847,11.57,2026-03-09 12:40:44.863866+00
72848,11.04,2026-03-09 12:41:26.621731+00
72849,12.35,2026-03-09 12:42:25.757874+00
72850,10.84,2026-03-09 12:43:46.31295+00
72851,11.55,2026-03-09 12:44:15.520723+00
72852,11.13,2026-03-09 12:45:27.244675+00
72853,12.59,2026-03-09 12:46:38.13563+00
72854,12.23,2026-03-09 12:47:19.94881+00
72855,12.23,2026-03-09 12:48:20.92905+00
72856,11.29,2026-03-09 12:49:19.233673+00
72857,11.56,2026-03-09 12:50:33.677578+00
72858,11.22,2026-03-09 12:51:03.620518+00
72859,11.29,2026-03-09 12:53:03.26112+00
72860,11.22,2026-03-09 12:54:48.232566+00
72861,11.57,2026-03-09 12:55:42.384324+00
72862,12.08,2026-03-09 12:56:11.478321+00
72863,10.9,2026-03-09 12:57:22.404543+00
72864,12.55,2026-03-09 12:58:24.229616+00
72865,11.29,2026-03-09 12:59:37.579535+00
72866,10.94,2026-03-09 13:00:42.939562+00
72867,12.59,2026-03-09 13:01:24.554072+00
72868,12.57,2026-03-09 13:02:13.133555+00
72869,12.28,2026-03-09 13:03:23.920064+00
72870,11.89,2026-03-09 13:04:30.679689+00
72871,11.56,2026-03-09 13:05:04.289559+00
72872,11.29,2026-03-09 13:06:19.587119+00
72873,11.71,2026-03-09 13:08:31.870488+00
72874,11.4,2026-03-09 13:09:40.590708+00
72875,11.55,2026-03-09 13:10:18.578957+00
72876,12.41,2026-03-09 13:11:37.937605+00
72877,11.05,2026-03-09 13:12:47.498154+00
72878,11.36,2026-03-09 13:13:11.768853+00
72879,12.57,2026-03-09 13:14:05.560001+00
72880,11.09,2026-03-09 13:15:27.383013+00
72881,11.38,2026-03-09 13:16:13.232376+00
72882,11.64,2026-03-09 13:17:49.968154+00
72883,12.78,2026-03-09 13:18:04.745655+00
72884,11,2026-03-09 13:19:13.791948+00
72885,11.3,2026-03-09 13:20:10.742702+00
72886,12.7,2026-03-09 13:22:47.465335+00
72887,11.95,2026-03-09 13:23:08.352901+00
72888,11.45,2026-03-09 13:24:10.716883+00
72889,11.14,2026-03-09 13:25:01.631181+00
72890,12.07,2026-03-09 13:26:48.007456+00
72891,12.11,2026-03-09 13:27:14.291156+00
72892,11.38,2026-03-09 13:28:34.317053+00
72893,12.48,2026-03-09 13:29:40.664465+00
72894,11.08,2026-03-09 13:30:30.581771+00
72895,12.82,2026-03-09 13:31:31.434664+00
72896,11.87,2026-03-09 13:32:43.274182+00
72897,11.05,2026-03-09 13:33:27.614199+00
72898,11.71,2026-03-09 13:34:16.346828+00
72899,11.97,2026-03-09 13:35:45.877882+00
72900,12.25,2026-03-09 13:36:26.710885+00
72901,11.52,2026-03-09 13:38:36.28253+00
72902,12.75,2026-03-09 13:39:20.522277+00
72903,11.35,2026-03-09 13:40:04.074131+00
72904,11.31,2026-03-09 13:41:30.931319+00
72905,12.61,2026-03-09 13:42:12.941039+00
72906,11.3,2026-03-09 13:43:02.195673+00
72907,11.74,2026-03-09 13:44:18.739258+00
72908,12.42,2026-03-09 13:45:32.148907+00
72909,12.66,2026-03-09 13:46:18.708226+00
72910,12.53,2026-03-09 13:47:48.717481+00
72911,12.03,2026-03-09 13:48:35.128461+00
72912,13.18,2026-03-09 13:49:11.479862+00
72913,12.87,2026-03-09 13:50:30.232038+00
72914,11.21,2026-03-09 13:51:27.070296+00
72915,12.04,2026-03-09 13:52:34.619382+00
72916,12.07,2026-03-09 13:54:07.001414+00
72917,12.93,2026-03-09 13:55:43.969579+00
72918,11.48,2026-03-09 13:56:29.7124+00
72919,11.36,2026-03-09 13:57:12.970708+00
72920,12.01,2026-03-09 13:58:33.817098+00
72921,12.69,2026-03-09 13:59:31.613134+00
72922,12.46,2026-03-09 14:00:22.693381+00
72923,11.57,2026-03-09 14:01:49.298142+00
72924,11.85,2026-03-09 14:02:12.393887+00
72925,12.16,2026-03-09 14:03:43.764614+00
72926,12.36,2026-03-09 14:04:00.560043+00
72927,12.74,2026-03-09 14:05:35.913751+00
72928,11.6,2026-03-09 14:06:40.351407+00
72929,12.22,2026-03-09 14:07:25.354751+00
72930,12.57,2026-03-09 14:09:20.158853+00
72931,12.72,2026-03-09 14:11:27.992115+00
72932,11.28,2026-03-09 14:12:32.796636+00
72933,12.48,2026-03-09 14:13:34.886655+00
72934,11.66,2026-03-09 14:14:02.682607+00
72935,12.24,2026-03-09 14:15:35.584984+00
72936,11.41,2026-03-09 14:16:45.081994+00
72937,12.46,2026-03-09 14:17:29.960738+00
72938,11.59,2026-03-09 14:18:11.249264+00
72939,11.82,2026-03-09 14:19:18.567507+00
72940,12.87,2026-03-09 14:20:28.753446+00
72941,11.04,2026-03-09 14:21:21.78133+00
72942,12.46,2026-03-09 14:22:24.876957+00
72943,11.8,2026-03-09 14:24:25.766645+00
72944,11.53,2026-03-09 14:25:25.713645+00
72945,12.78,2026-03-09 14:26:18.03543+00
72946,11.41,2026-03-09 14:27:33.705991+00
72947,11.23,2026-03-09 14:28:30.721285+00
72948,13.08,2026-03-09 14:29:43.75935+00
72949,11.62,2026-03-09 14:30:22.937857+00
72950,13.01,2026-03-09 14:31:01.514744+00
72951,11.53,2026-03-09 14:32:18.559796+00
72952,11.69,2026-03-09 14:33:36.060431+00
72953,13.35,2026-03-09 14:34:19.39221+00
72954,11.96,2026-03-09 14:35:47.582534+00
72955,12.88,2026-03-09 14:36:45.128746+00
72956,11.63,2026-03-09 14:38:20.610742+00
72957,12.79,2026-03-09 14:39:33.167459+00
72958,11.93,2026-03-09 14:40:23.563379+00
72959,12.65,2026-03-09 14:41:11.664725+00
72960,11.64,2026-03-09 14:42:49.841092+00
72961,12.29,2026-03-09 14:43:45.516584+00
72962,11.93,2026-03-09 14:44:14.868488+00
72963,12.64,2026-03-09 14:45:30.742249+00
72964,12.08,2026-03-09 14:46:25.803819+00
72965,12.11,2026-03-09 14:47:49.160781+00
72966,12.74,2026-03-09 14:48:45.680044+00
72967,12.22,2026-03-09 14:49:17.902707+00
72968,12.85,2026-03-09 14:50:17.113164+00
72969,11.9,2026-03-09 14:51:21.273704+00
72970,13.37,2026-03-09 14:52:06.873518+00
72971,12.05,2026-03-09 14:54:37.819965+00
72972,13.35,2026-03-09 14:55:02.849675+00
72973,13.47,2026-03-09 14:56:34.5018+00
72974,12.93,2026-03-09 14:57:12.85764+00
72975,11.64,2026-03-09 14:58:25.245517+00
72976,12.34,2026-03-09 14:59:27.797935+00
72977,13.3,2026-03-09 15:00:01.16122+00
72978,11.76,2026-03-09 15:01:02.147458+00
72979,12.97,2026-03-09 15:02:48.139289+00
72980,12.59,2026-03-09 15:03:25.287056+00
72981,13.11,2026-03-09 15:04:05.620012+00
72982,13.54,2026-03-09 15:05:40.575545+00
72983,11.78,2026-03-09 15:07:23.045796+00
72984,12.09,2026-03-09 15:08:24.527492+00
72985,12.13,2026-03-09 15:09:34.312865+00
72986,12.3,2026-03-09 15:10:45.56204+00
72987,12.74,2026-03-09 15:11:01.333683+00
72988,12.06,2026-03-09 15:12:20.029668+00
72989,12.52,2026-03-09 15:13:09.794724+00
72990,12.8,2026-03-09 15:14:45.335426+00
72991,13.42,2026-03-09 15:15:37.753058+00
72992,13.33,2026-03-09 15:16:01.799312+00
72993,12.51,2026-03-09 15:17:48.231+00
72994,11.75,2026-03-09 15:18:15.672773+00
72995,13.04,2026-03-09 15:19:44.050282+00
72996,11.77,2026-03-09 15:20:11.925589+00
72997,13,2026-03-09 15:22:15.564994+00
72998,13.43,2026-03-09 15:23:19.241671+00
72999,12.53,2026-03-09 15:24:06.635062+00
73000,13.68,2026-03-09 15:25:35.276803+00
73001,12.46,2026-03-09 15:26:30.946864+00
73002,13.38,2026-03-09 15:27:27.370605+00
73003,12.79,2026-03-09 15:28:37.099329+00
73004,12.07,2026-03-09 15:29:25.016202+00
73005,12.92,2026-03-09 15:30:09.236412+00
73006,12.96,2026-03-09 15:31:37.110866+00
73007,13.27,2026-03-09 15:32:08.709777+00
73008,12.96,2026-03-09 15:33:03.961636+00
73009,12.6,2026-03-09 15:34:31.442012+00
73010,13.06,2026-03-09 15:35:49.451412+00
73011,12,2026-03-09 15:37:46.959059+00
73012,12.8,2026-03-09 15:38:25.438158+00
73013,12.82,2026-03-09 15:39:07.915053+00
73014,12.9,2026-03-09 15:40:25.192147+00
73015,13.31,2026-03-09 15:41:30.703983+00
73016,12.13,2026-03-09 15:42:18.478244+00
73017,13.16,2026-03-09 15:43:15.385442+00
73018,12.22,2026-03-09 15:44:10.019651+00
73019,12.56,2026-03-09 15:45:34.585032+00
73020,11.98,2026-03-09 15:46:20.504382+00
73021,11.8,2026-03-09 15:47:09.329263+00
73022,13.63,2026-03-09 15:48:42.000874+00
73023,13,2026-03-09 15:49:26.956556+00
73024,12.42,2026-03-09 15:51:46.051483+00
73025,12.92,2026-03-09 15:52:38.298341+00
73026,12.46,2026-03-09 15:53:00.030857+00
73027,12.42,2026-03-09 15:54:47.735549+00
73028,12.8,2026-03-09 15:55:33.095931+00
73029,12.62,2026-03-09 15:56:15.923637+00
73030,13.43,2026-03-09 15:57:41.710504+00
73031,12.19,2026-03-09 15:58:08.776968+00
73032,12.33,2026-03-09 15:59:17.206468+00
73033,13.8,2026-03-09 16:00:26.176965+00
73034,12.73,2026-03-09 16:01:11.724351+00
73035,12.58,2026-03-09 16:02:22.543739+00
73036,13.85,2026-03-09 16:03:03.002382+00
73037,12.61,2026-03-09 16:04:00.876965+00
73038,13.84,2026-03-09 16:05:37.282687+00
73039,13.85,2026-03-09 16:07:42.137729+00
73040,13.01,2026-03-09 16:08:17.389993+00
73041,13.07,2026-03-09 16:09:24.193805+00
73042,12.62,2026-03-09 16:10:38.113535+00
73043,11.93,2026-03-09 16:11:11.446016+00
73044,12.69,2026-03-09 16:12:09.158905+00
73045,12.03,2026-03-09 16:13:40.805167+00
73046,12.5,2026-03-09 16:14:12.537504+00
73047,12.48,2026-03-09 16:15:31.506195+00
73048,13.15,2026-03-09 16:16:34.865024+00
73049,13.06,2026-03-09 16:17:48.120054+00
73050,12.28,2026-03-09 16:18:15.342799+00
73051,12.72,2026-03-09 16:19:30.267809+00
73052,12.43,2026-03-09 16:20:24.675542+00
73053,13.85,2026-03-09 16:22:36.800769+00
73054,12.3,2026-03-09 16:23:20.512873+00
73055,12.13,2026-03-09 16:24:05.568185+00
73056,12.06,2026-03-09 16:25:02.607878+00
73057,13.4,2026-03-09 16:26:48.510075+00
73058,13.73,2026-03-09 16:27:48.687517+00
73059,13.2,2026-03-09 16:28:12.597946+00
73060,12.55,2026-03-09 16:29:16.784271+00
73061,12.78,2026-03-09 16:30:24.204095+00
73062,12.38,2026-03-09 16:31:28.899267+00
73063,13.05,2026-03-09 16:32:08.059885+00
73064,12.38,2026-03-09 16:33:06.143819+00
73065,12.91,2026-03-09 16:34:49.264485+00
73066,13.55,2026-03-09 16:36:21.29291+00
73067,13.74,2026-03-09 16:37:27.961895+00
73068,11.92,2026-03-09 16:38:48.776307+00
73069,13.21,2026-03-09 16:39:30.674644+00
73070,13.23,2026-03-09 16:40:25.472983+00
73071,13.53,2026-03-09 16:41:36.701076+00
73072,13.37,2026-03-09 16:42:05.747463+00
73073,12,2026-03-09 16:43:29.077872+00
73074,13.23,2026-03-09 16:44:18.799558+00
73075,13.94,2026-03-09 16:45:19.616882+00
73076,11.78,2026-03-09 16:46:23.668942+00
73077,12.87,2026-03-09 16:47:36.523527+00
73078,13.22,2026-03-09 16:48:30.847896+00
73079,12.08,2026-03-09 16:50:01.306243+00
73080,12.52,2026-03-09 16:51:47.83623+00
73081,13.69,2026-03-09 16:52:00.59565+00
73082,11.81,2026-03-09 16:53:46.607031+00
73083,12.87,2026-03-09 16:54:42.572152+00
73084,13.05,2026-03-09 16:55:29.470378+00
73085,11.75,2026-03-09 16:56:11.593823+00
73086,12.17,2026-03-09 16:57:18.94918+00
73087,11.98,2026-03-09 16:58:25.413833+00
73088,13.54,2026-03-09 16:59:42.295983+00
73089,12.84,2026-03-09 17:00:01.9122+00
73090,12.54,2026-03-09 17:01:40.14123+00
73091,13.06,2026-03-09 17:02:48.56525+00
73092,13.49,2026-03-09 17:03:10.886837+00
73093,13.69,2026-03-09 17:05:48.753073+00
73094,11.8,2026-03-09 17:06:07.558849+00
73095,12.88,2026-03-09 17:07:32.543521+00
73096,12.32,2026-03-09 17:08:00.176075+00
73097,13.28,2026-03-09 17:09:32.510801+00
73098,12.53,2026-03-09 17:10:37.902272+00
73099,12,2026-03-09 17:11:48.666429+00
73100,12.21,2026-03-09 17:12:11.147048+00
73101,12.73,2026-03-09 17:13:18.94287+00
73102,12.32,2026-03-09 17:14:48.685253+00
73103,13.63,2026-03-09 17:15:02.146603+00
73104,11.86,2026-03-09 17:16:49.833778+00
73105,11.85,2026-03-09 17:17:40.208471+00
73106,13.23,2026-03-09 17:19:08.255284+00
73107,13.52,2026-03-09 17:20:47.511223+00
73108,12.4,2026-03-09 17:21:08.394674+00
73109,11.72,2026-03-09 17:22:17.923511+00
73110,13.01,2026-03-09 17:23:39.611719+00
73111,13.53,2026-03-09 17:24:42.951201+00
73112,12.67,2026-03-09 17:25:43.149364+00
73113,13,2026-03-09 17:26:30.389356+00
73114,12.78,2026-03-09 17:27:40.854898+00
73115,13.21,2026-03-09 17:28:18.611464+00
73116,13.86,2026-03-09 17:29:25.002697+00
73117,13.28,2026-03-09 17:30:16.84582+00
73118,12.24,2026-03-09 17:31:37.271032+00
73119,12.79,2026-03-09 17:32:10.543284+00
73120,13.6,2026-03-09 17:34:05.462171+00
73121,12.33,2026-03-09 17:35:40.235581+00
73122,13.56,2026-03-09 17:36:30.956379+00
73123,13.31,2026-03-09 17:37:05.898506+00
73124,12.63,2026-03-09 17:38:23.444583+00
73125,12.43,2026-03-09 17:39:06.306922+00
73126,13.98,2026-03-09 17:40:17.150526+00
73127,13.67,2026-03-09 17:41:46.914112+00
73128,12.3,2026-03-09 17:42:47.330616+00
73129,13.25,2026-03-09 17:43:16.810138+00
73130,12.24,2026-03-09 17:44:36.167039+00
73131,12.61,2026-03-09 17:45:34.426589+00
73132,13.4,2026-03-09 17:46:44.274588+00
73133,13.58,2026-03-09 17:47:19.071603+00
73134,14.06,2026-03-09 17:49:05.644038+00
73135,13.73,2026-03-09 17:50:40.103054+00
73136,12.16,2026-03-09 17:51:07.009793+00
73137,13.71,2026-03-09 17:52:22.960228+00
73138,13.42,2026-03-09 17:53:04.693846+00
73139,13.11,2026-03-09 17:54:38.759603+00
73140,12.8,2026-03-09 17:55:15.075884+00
73141,13.88,2026-03-09 17:56:26.412361+00
73142,12.44,2026-03-09 17:57:18.497276+00
73143,13.07,2026-03-09 17:58:47.857256+00
73144,13.43,2026-03-09 17:59:47.209977+00
73145,12.23,2026-03-09 18:00:09.921928+00
73146,13.73,2026-03-09 18:01:15.319725+00
73147,13.86,2026-03-09 18:03:28.309127+00
73148,12.57,2026-03-09 18:04:19.213977+00
73149,12.6,2026-03-09 18:05:03.986726+00
73150,12.58,2026-03-09 18:06:05.014834+00
73151,13.46,2026-03-09 18:07:44.579012+00
73152,12.43,2026-03-09 18:08:09.613063+00
73153,12.45,2026-03-09 18:09:39.198173+00
73154,13.1,2026-03-09 18:10:49.88487+00
73155,13.9,2026-03-09 18:11:32.912894+00
73156,13.44,2026-03-09 18:12:43.844889+00
73157,12.57,2026-03-09 18:13:15.622513+00
73158,13.44,2026-03-09 18:14:33.957404+00
73159,12.5,2026-03-09 18:15:17.121518+00
73160,13.35,2026-03-09 18:16:03.734622+00
73161,12.81,2026-03-09 18:17:29.136993+00
73162,12.2,2026-03-09 18:19:13.930626+00
73163,12.18,2026-03-09 18:20:47.155047+00
73164,13.11,2026-03-09 18:21:10.167249+00
73165,12.83,2026-03-09 18:22:25.813531+00
73166,11.92,2026-03-09 18:23:17.845749+00
73167,13.38,2026-03-09 18:24:01.743822+00
73168,13.65,2026-03-09 18:25:19.574796+00
73169,13.03,2026-03-09 18:26:21.718659+00
73170,12.67,2026-03-09 18:27:42.147934+00
73171,12.7,2026-03-09 18:28:26.305367+00
73172,13.03,2026-03-09 18:29:49.045912+00
73173,12.62,2026-03-09 18:30:03.282386+00
73174,12.77,2026-03-09 18:31:07.048552+00
73175,12.47,2026-03-09 18:33:06.624773+00
73176,13.01,2026-03-09 18:34:33.329851+00
73177,12.92,2026-03-09 18:35:21.480849+00
73178,13.16,2026-03-09 18:36:01.653524+00
73179,13.75,2026-03-09 18:37:47.855727+00
73180,12.33,2026-03-09 18:38:15.155927+00
73181,12.79,2026-03-09 18:39:06.512026+00
73182,13.31,2026-03-09 18:40:22.008432+00
73183,13.26,2026-03-09 18:41:41.279625+00
73184,13.36,2026-03-09 18:42:05.705627+00
73185,12.2,2026-03-09 18:43:02.010681+00
73186,12.09,2026-03-09 18:44:33.261518+00
73187,12.98,2026-03-09 18:45:31.207105+00
73188,12.45,2026-03-09 18:47:32.689074+00
73189,12.06,2026-03-09 18:48:33.728022+00
73190,13.61,2026-03-09 18:49:15.969559+00
73191,12.82,2026-03-09 18:50:01.780968+00
73192,12.69,2026-03-09 18:51:29.383909+00
73193,12.79,2026-03-09 18:52:24.131446+00
73194,13.47,2026-03-09 18:53:30.501933+00
73195,12.83,2026-03-09 18:54:21.605966+00
73196,13.06,2026-03-09 18:55:49.773667+00
73197,12.16,2026-03-09 18:56:08.71573+00
73198,12.89,2026-03-09 18:57:08.983651+00
73199,12.88,2026-03-09 18:58:39.195404+00
73200,11.87,2026-03-09 18:59:26.800255+00
73201,12.71,2026-03-09 19:00:21.04901+00
73202,12.59,2026-03-09 19:02:11.988167+00
73203,12.73,2026-03-09 19:03:07.675087+00
73204,13.43,2026-03-09 19:04:06.899704+00
73205,12.67,2026-03-09 19:05:42.329058+00
73206,12.84,2026-03-09 19:06:49.418959+00
73207,13.57,2026-03-09 19:07:41.506693+00
73208,13.59,2026-03-09 19:08:39.680713+00
73209,12.99,2026-03-09 19:09:49.998339+00
73210,12.3,2026-03-09 19:10:10.667114+00
73211,12.43,2026-03-09 19:11:08.762675+00
73212,12.1,2026-03-09 19:12:31.248265+00
73213,13.59,2026-03-09 19:13:34.779922+00
73214,13.38,2026-03-09 19:14:01.761065+00
73215,11.68,2026-03-09 19:15:23.733487+00
73216,11.66,2026-03-09 19:16:45.89252+00
73217,13.21,2026-03-09 19:18:21.152219+00
73218,13.23,2026-03-09 19:19:03.604045+00
73219,11.53,2026-03-09 19:20:44.81461+00
73220,11.94,2026-03-09 19:21:05.183744+00
73221,12.03,2026-03-09 19:22:49.573832+00
73222,11.6,2026-03-09 19:23:36.61272+00
73223,12.15,2026-03-09 19:24:47.982731+00
73224,11.66,2026-03-09 19:25:27.591594+00
73225,13.04,2026-03-09 19:26:42.567834+00
73226,12.1,2026-03-09 19:27:32.625049+00
73227,13.26,2026-03-09 19:28:39.96292+00
73228,11.72,2026-03-09 19:29:49.85809+00
73229,13.11,2026-03-09 19:30:25.581634+00
73230,13.03,2026-03-09 19:32:48.492432+00
73231,11.43,2026-03-09 19:33:04.486787+00
73232,12.71,2026-03-09 19:34:18.803023+00
73233,12.31,2026-03-09 19:35:22.602883+00
73234,13.13,2026-03-09 19:36:19.214383+00
73235,12.78,2026-03-09 19:37:06.731141+00
73236,11.41,2026-03-09 19:38:36.269334+00
73237,11.77,2026-03-09 19:39:31.549+00
73238,11.83,2026-03-09 19:40:01.080417+00
73239,12.03,2026-03-09 19:41:37.381909+00
73240,11.54,2026-03-09 19:42:36.194255+00
73241,12.88,2026-03-09 19:43:41.138293+00
73242,11.31,2026-03-09 19:44:00.555635+00
73243,11.72,2026-03-09 19:45:49.175115+00
73244,11.14,2026-03-09 19:46:41.74452+00
73245,11.1,2026-03-09 19:48:27.632624+00
73246,12.44,2026-03-09 19:49:21.918164+00
73247,12.18,2026-03-09 19:50:25.196187+00
73248,11.88,2026-03-09 19:51:12.514506+00
73249,11.75,2026-03-09 19:52:01.594464+00
73250,11.41,2026-03-09 19:53:44.490435+00
73251,11.05,2026-03-09 19:54:37.651235+00
73252,12.48,2026-03-09 19:55:19.190329+00
73253,11.23,2026-03-09 19:56:15.292074+00
73254,12.02,2026-03-09 19:57:19.905846+00
73255,12.37,2026-03-09 19:58:41.901012+00
73256,11.79,2026-03-09 19:59:44.74248+00
73257,12.48,2026-03-09 20:00:09.226852+00
73258,12.34,2026-03-09 20:01:07.109958+00
73259,12.1,2026-03-09 20:03:34.407563+00
73260,11.84,2026-03-09 20:04:23.235171+00
73261,10.88,2026-03-09 20:05:13.998219+00
73262,11.74,2026-03-09 20:06:35.891256+00
73263,12.1,2026-03-09 20:07:48.952411+00
73264,12.74,2026-03-09 20:08:21.257823+00
73265,12.51,2026-03-09 20:09:18.992658+00
73266,11.98,2026-03-09 20:10:35.751835+00
73267,11.89,2026-03-09 20:13:25.095402+00
73268,12,2026-03-09 20:14:21.055009+00
73269,11.56,2026-03-09 20:15:05.44816+00
73270,11.64,2026-03-09 20:16:01.794063+00
73271,12.57,2026-03-09 20:17:21.676468+00
73272,10.85,2026-03-09 20:18:08.449845+00
73273,11.54,2026-03-09 20:19:29.743535+00
73274,11.9,2026-03-09 20:20:33.226436+00
73275,12.37,2026-03-09 20:21:22.333666+00
73276,11.36,2026-03-09 20:22:05.998869+00
73277,12.07,2026-03-09 20:23:01.186326+00
73278,12.68,2026-03-09 20:24:03.333289+00
73279,12.78,2026-03-09 20:25:20.0358+00
73280,11.76,2026-03-09 20:26:35.023511+00
73281,11.35,2026-03-09 20:27:23.888347+00
73282,11.08,2026-03-09 20:29:20.566392+00
73283,12.47,2026-03-09 20:30:42.600423+00
73284,12.5,2026-03-09 20:31:48.258822+00
73285,11.53,2026-03-09 20:32:18.389366+00
73286,11.86,2026-03-09 20:33:39.917745+00
73287,10.93,2026-03-09 20:34:12.03235+00
73288,11.17,2026-03-09 20:35:10.985847+00
73289,11.54,2026-03-09 20:36:28.75333+00
73290,11.33,2026-03-09 20:37:42.071796+00
73291,12.41,2026-03-09 20:38:38.033655+00
73292,11,2026-03-09 20:39:00.89474+00
73293,10.91,2026-03-09 20:40:00.557659+00
73294,10.83,2026-03-09 20:42:44.204249+00
73295,10.75,2026-03-09 20:43:36.027723+00
73296,10.82,2026-03-09 20:44:21.036279+00
73297,11.77,2026-03-09 20:45:48.177533+00
73298,11.62,2026-03-09 20:46:15.85599+00
73299,11.17,2026-03-09 20:47:08.433703+00
73300,11.03,2026-03-09 20:48:06.084302+00
73301,12.07,2026-03-09 20:49:34.199065+00
73302,10.52,2026-03-09 20:50:36.594908+00
73303,11.04,2026-03-09 20:51:44.526159+00
73304,11.09,2026-03-09 20:52:25.866215+00
73305,10.54,2026-03-09 20:53:32.054217+00
73306,12.49,2026-03-09 20:54:31.170123+00
73307,11.2,2026-03-09 20:55:19.638157+00
73308,10.61,2026-03-09 20:57:24.795483+00
73309,11.13,2026-03-09 20:58:31.293132+00
73310,11.36,2026-03-09 20:59:14.12714+00
73311,12.26,2026-03-09 21:00:16.272383+00
73312,11.58,2026-03-09 21:01:07.314036+00
73313,11.6,2026-03-09 21:02:03.274719+00
73314,11.89,2026-03-09 21:03:42.539627+00
73315,11.59,2026-03-09 21:04:34.967077+00
73316,11.78,2026-03-09 21:05:38.797438+00
73317,12.32,2026-03-09 21:06:04.243343+00
73318,11.05,2026-03-09 21:07:34.178631+00
73319,11.56,2026-03-09 21:08:18.03124+00
73320,12.39,2026-03-09 21:09:45.832584+00
73321,10.94,2026-03-09 21:10:45.386329+00
73322,10.62,2026-03-09 21:12:16.079926+00
73323,12.16,2026-03-09 21:13:22.010127+00
73324,10.46,2026-03-09 21:14:17.750018+00
73325,10.48,2026-03-09 21:15:04.291971+00
73326,10.55,2026-03-09 21:16:02.142095+00
73327,10.56,2026-03-09 21:17:32.772141+00
73328,10.3,2026-03-09 21:18:23.148033+00
73329,10.45,2026-03-09 21:19:23.508931+00
73330,12.18,2026-03-09 21:20:19.295315+00
73331,11.05,2026-03-09 21:21:08.933096+00
73332,11.21,2026-03-09 21:22:24.342919+00
73333,11.2,2026-03-09 21:23:36.253506+00
73334,10.82,2026-03-09 21:24:07.576628+00
73335,10.32,2026-03-09 21:26:42.380833+00
73336,11.13,2026-03-09 21:27:11.910674+00
73337,11.16,2026-03-09 21:28:26.661512+00
73338,10.29,2026-03-09 21:29:09.737767+00
73339,11.69,2026-03-09 21:30:07.630296+00
73340,10.16,2026-03-09 21:31:41.444737+00
73341,10.4,2026-03-09 21:32:09.249602+00
73342,10.75,2026-03-09 21:33:36.124304+00
73343,11.95,2026-03-09 21:34:40.933197+00
73344,11.83,2026-03-09 21:35:43.179326+00
73345,10.81,2026-03-09 21:36:16.443039+00
73346,10.9,2026-03-09 21:37:48.288257+00
73347,12.09,2026-03-09 21:38:34.244469+00
73348,10.58,2026-03-09 21:39:35.65628+00
73349,11.24,2026-03-09 21:40:14.663409+00
73350,11.86,2026-03-09 21:42:03.851874+00
73351,11.4,2026-03-09 21:43:21.246954+00
73352,11.54,2026-03-09 21:44:46.88485+00
73353,11.85,2026-03-09 21:45:38.390049+00
73354,11.71,2026-03-09 21:46:36.268062+00
73355,10.81,2026-03-09 21:47:31.777967+00
73356,10.49,2026-03-09 21:48:09.562867+00
73357,11.04,2026-03-09 21:49:43.626741+00
73358,11.65,2026-03-09 21:50:30.91156+00
73359,10.87,2026-03-09 21:51:31.831555+00
73360,10.4,2026-03-09 21:52:31.208183+00
73361,10.47,2026-03-09 21:53:24.044609+00
73362,11.72,2026-03-09 21:54:32.252302+00
73363,11.93,2026-03-09 21:55:34.204363+00
73364,11.55,2026-03-09 21:57:13.628951+00
73365,11.33,2026-03-09 21:58:22.476637+00
73366,10.95,2026-03-09 21:59:03.226518+00
73367,11.59,2026-03-09 22:00:02.702255+00
73368,10.76,2026-03-09 22:01:36.51308+00
73369,11.94,2026-03-09 22:02:38.543489+00
73370,11.17,2026-03-09 22:03:43.923624+00
73371,10.2,2026-03-09 22:04:31.04151+00
73372,11.9,2026-03-09 22:05:41.002159+00
73373,10.33,2026-03-09 22:06:24.459165+00
73374,10.87,2026-03-09 22:07:49.692679+00
73375,10.31,2026-03-09 22:08:48.923875+00
73376,10.66,2026-03-09 22:09:02.798653+00
73377,11.23,2026-03-09 22:11:18.580053+00
73378,11.73,2026-03-09 22:12:18.437949+00
73379,11.9,2026-03-09 22:13:10.455835+00
73380,11.6,2026-03-09 22:14:06.15694+00
73381,10.82,2026-03-09 22:15:07.469737+00
73382,10.93,2026-03-09 22:16:38.573185+00
73383,11.78,2026-03-09 22:17:44.951442+00
73384,10.48,2026-03-09 22:18:18.407181+00
73385,9.8,2026-03-09 22:19:13.169118+00
73386,10.91,2026-03-09 22:20:44.05862+00
73387,10.6,2026-03-09 22:21:01.590912+00
73388,11.62,2026-03-09 22:22:07.980394+00
73389,10.38,2026-03-09 22:23:28.658466+00
73390,11.02,2026-03-09 22:24:35.045153+00
73391,10.17,2026-03-09 22:26:40.811602+00
73392,9.9,2026-03-09 22:27:29.22104+00
73393,10.33,2026-03-09 22:28:11.352931+00
73394,11.79,2026-03-09 22:29:14.220576+00
73395,10.14,2026-03-09 22:30:37.922986+00
73396,10.75,2026-03-09 22:32:30.040268+00
73397,11.17,2026-03-09 22:33:11.822565+00
73398,11.16,2026-03-09 22:34:05.228703+00
73399,11.6,2026-03-09 22:35:24.290279+00
73400,11.15,2026-03-09 22:36:38.340588+00
73401,10.2,2026-03-09 22:37:48.003199+00
73402,9.95,2026-03-09 22:39:34.387048+00
73403,11.62,2026-03-09 22:40:02.907303+00
73404,10.82,2026-03-09 22:41:33.239811+00
73405,10.07,2026-03-09 22:42:49.532483+00
73406,11.13,2026-03-09 22:43:09.883909+00
73407,11.35,2026-03-09 22:44:43.354587+00
73408,10.59,2026-03-09 22:45:19.67997+00
73409,9.71,2026-03-09 22:46:29.310124+00
73410,10.02,2026-03-09 22:47:19.532855+00
73411,10.63,2026-03-09 22:48:19.952357+00
73412,11.42,2026-03-09 22:49:12.117936+00
73413,10.22,2026-03-09 22:50:35.246136+00
73414,10.7,2026-03-09 22:51:34.280257+00
73415,11.49,2026-03-09 22:52:41.509466+00
73416,10.18,2026-03-09 22:54:04.586384+00
73417,11.43,2026-03-09 22:55:24.827309+00
73418,10.83,2026-03-09 22:56:27.781702+00
73419,10.39,2026-03-09 22:57:43.160034+00
73420,10.36,2026-03-09 22:58:36.142746+00
73421,9.86,2026-03-09 22:59:05.218212+00
73422,10.61,2026-03-09 23:00:48.508507+00
73423,11.37,2026-03-09 23:01:25.310741+00
73424,10.15,2026-03-09 23:02:15.969151+00
73425,10.45,2026-03-09 23:03:42.642061+00
73426,11.28,2026-03-09 23:04:36.401516+00
73427,11.38,2026-03-09 23:05:31.957585+00
73428,10.87,2026-03-09 23:06:20.435836+00
73429,11.56,2026-03-09 23:07:06.236419+00
73430,9.75,2026-03-09 23:09:26.692048+00
73431,10.48,2026-03-09 23:10:13.696621+00
73432,11.41,2026-03-09 23:11:11.719957+00
73433,11.17,2026-03-09 23:12:16.121962+00
73434,10.17,2026-03-09 23:13:43.609734+00
73435,9.85,2026-03-09 23:14:33.325245+00
73436,10.25,2026-03-09 23:15:05.397932+00
73437,9.71,2026-03-09 23:16:08.898991+00
73438,10.43,2026-03-09 23:17:23.157217+00
73439,9.61,2026-03-09 23:18:45.480608+00
73440,10.47,2026-03-09 23:19:24.892176+00
73441,10.01,2026-03-09 23:20:03.034165+00
73442,10.45,2026-03-09 23:21:00.474335+00
73443,10.94,2026-03-09 23:23:11.766001+00
73444,9.8,2026-03-09 23:24:03.200338+00
73445,9.91,2026-03-09 23:25:43.103848+00
73446,10.44,2026-03-09 23:26:34.769623+00
73447,10.24,2026-03-09 23:27:16.493547+00
73448,10.42,2026-03-09 23:28:05.037826+00
73449,10.07,2026-03-09 23:29:27.310448+00
73450,11.07,2026-03-09 23:30:11.184305+00
73451,9.21,2026-03-09 23:31:45.702918+00
73452,10.66,2026-03-09 23:33:19.368173+00
73453,10.17,2026-03-09 23:35:34.064956+00
73454,10.02,2026-03-09 23:36:47.383951+00
73455,10.75,2026-03-09 23:37:32.318977+00
73456,11.06,2026-03-09 23:38:18.343784+00
73457,10.99,2026-03-09 23:39:16.305104+00
73458,10.11,2026-03-09 23:40:28.244581+00
73459,9.61,2026-03-09 23:41:41.705064+00
73460,10.77,2026-03-09 23:42:10.181338+00
73461,11.09,2026-03-09 23:43:18.386926+00
73462,10.01,2026-03-09 23:44:24.205662+00
73463,10.4,2026-03-09 23:45:31.028207+00
73464,10.87,2026-03-09 23:46:00.01693+00
73465,9.9,2026-03-09 23:47:49.025263+00
73466,9.69,2026-03-09 23:48:21.586508+00
73467,10.98,2026-03-09 23:49:25.118678+00
73468,10.35,2026-03-09 23:51:36.692348+00
73469,10.56,2026-03-09 23:52:27.271563+00
73470,9.16,2026-03-09 23:53:23.836513+00
73471,10.71,2026-03-09 23:54:11.139097+00
73472,9.57,2026-03-09 23:55:49.434033+00
73473,10.78,2026-03-09 23:56:30.050271+00
73474,10.07,2026-03-09 23:57:42.98429+00
73475,9.87,2026-03-09 23:58:17.927966+00
73476,10.33,2026-03-09 23:59:47.648473+00
73477,10.94,2026-03-10 00:00:33.411536+00
73478,10.51,2026-03-10 00:01:45.840681+00
73479,9.93,2026-03-10 00:02:12.560523+00
73480,10.08,2026-03-10 00:03:36.708097+00
73481,9.68,2026-03-10 00:04:32.478125+00
73482,9.41,2026-03-10 00:06:24.013991+00
73483,9.71,2026-03-10 00:07:30.663105+00
73484,9.31,2026-03-10 00:08:09.275674+00
73485,10.05,2026-03-10 00:09:13.153531+00
73486,9.56,2026-03-10 00:10:35.678384+00
73487,10.16,2026-03-10 00:11:16.222261+00
73488,10.59,2026-03-10 00:12:03.519512+00
73489,9.63,2026-03-10 00:13:03.406053+00
73490,10.74,2026-03-10 00:14:49.154011+00
73491,10.15,2026-03-10 00:15:28.186929+00
73492,9.55,2026-03-10 00:16:04.367983+00
73493,9.31,2026-03-10 00:17:41.982313+00
73494,9.81,2026-03-10 00:18:05.554411+00
73495,9.69,2026-03-10 00:19:23.141046+00
73496,9.25,2026-03-10 00:21:01.158657+00
73497,9.81,2026-03-10 00:22:33.947813+00
73498,9.23,2026-03-10 00:23:19.188102+00
73499,10.69,2026-03-10 00:24:18.733706+00
73500,10.82,2026-03-10 00:25:09.169338+00
73501,10.25,2026-03-10 00:26:45.890845+00
73502,10.29,2026-03-10 00:27:05.931226+00
73503,8.83,2026-03-10 00:28:48.009297+00
73504,10.19,2026-03-10 00:29:28.541831+00
73505,10.32,2026-03-10 00:30:20.750899+00
73506,10.06,2026-03-10 00:31:38.441693+00
73507,9.41,2026-03-10 00:32:48.238423+00
73508,9.35,2026-03-10 00:33:12.872197+00
73509,9.66,2026-03-10 00:34:25.412408+00
73510,10.04,2026-03-10 00:36:48.225517+00
73511,8.57,2026-03-10 00:37:46.011371+00
73512,9.98,2026-03-10 00:38:12.963767+00
73513,8.94,2026-03-10 00:39:37.275018+00
73514,9.31,2026-03-10 00:40:07.991583+00
73515,10.14,2026-03-10 00:41:02.892862+00
73516,9.56,2026-03-10 00:42:24.115495+00
73517,9.19,2026-03-10 00:43:28.765993+00
73518,9.46,2026-03-10 00:44:33.731453+00
73519,10.49,2026-03-10 00:45:48.184465+00
73520,8.76,2026-03-10 00:46:43.945261+00
73521,10.22,2026-03-10 00:47:36.264727+00
73522,9.46,2026-03-10 00:48:19.418444+00
73523,10.49,2026-03-10 00:49:17.04315+00
73524,8.67,2026-03-10 00:51:02.01665+00
73525,9.42,2026-03-10 00:52:23.488138+00
73526,9.87,2026-03-10 00:53:00.149867+00
73527,9.63,2026-03-10 00:54:13.795543+00
73528,10.28,2026-03-10 00:55:23.317206+00
73529,10.02,2026-03-10 00:56:45.021789+00
73530,10.34,2026-03-10 00:57:11.790567+00
73531,8.56,2026-03-10 00:58:28.696202+00
73532,9.93,2026-03-10 00:59:33.977713+00
73533,9.81,2026-03-10 01:00:32.706189+00
73534,9,2026-03-10 01:01:20.746906+00
73535,9.14,2026-03-10 01:02:30.677711+00
73536,8.85,2026-03-10 01:03:06.386421+00
73537,8.8,2026-03-10 01:04:06.319387+00
73538,9.19,2026-03-10 01:06:24.676802+00
73539,9.74,2026-03-10 01:07:31.923303+00
73540,10.25,2026-03-10 01:08:36.610753+00
73541,9.7,2026-03-10 01:09:36.452204+00
73542,10.07,2026-03-10 01:10:49.358996+00
73543,9.38,2026-03-10 01:11:47.409842+00
73544,8.86,2026-03-10 01:12:40.848169+00
73545,10.32,2026-03-10 01:13:49.708287+00
73546,8.8,2026-03-10 01:14:43.68065+00
73547,9.68,2026-03-10 01:15:23.261203+00
73548,10.5,2026-03-10 01:16:24.787743+00
73549,10.45,2026-03-10 01:17:47.149486+00
73550,9.18,2026-03-10 01:18:33.229214+00
73551,9.08,2026-03-10 01:19:46.765263+00
73552,8.88,2026-03-10 01:21:06.635286+00
73553,10.25,2026-03-10 01:22:18.684934+00
73554,8.57,2026-03-10 01:23:11.157752+00
73555,9.58,2026-03-10 01:24:23.953907+00
73556,8.73,2026-03-10 01:25:14.215152+00
73557,8.99,2026-03-10 01:26:19.80598+00
73558,9.92,2026-03-10 01:27:38.745184+00
73559,9.85,2026-03-10 01:28:09.981821+00
73560,9.26,2026-03-10 01:29:26.540842+00
73561,8.92,2026-03-10 01:30:31.470811+00
73562,9.61,2026-03-10 01:31:49.987071+00
73563,8.66,2026-03-10 01:32:29.864623+00
73564,9.99,2026-03-10 01:33:17.253424+00
73565,10.46,2026-03-10 01:34:21.56654+00
73566,10.04,2026-03-10 01:36:28.516211+00
73567,9.66,2026-03-10 01:37:38.478829+00
73568,9.62,2026-03-10 01:38:47.9451+00
73569,8.6,2026-03-10 01:39:00.644443+00
73570,8.78,2026-03-10 01:40:09.862206+00
73571,9.93,2026-03-10 01:41:11.976021+00
73572,9.98,2026-03-10 01:42:42.205322+00
73573,10.54,2026-03-10 01:43:36.731741+00
73574,9.6,2026-03-10 01:44:04.347228+00
73575,9.31,2026-03-10 01:45:22.896761+00
73576,8.96,2026-03-10 01:46:16.966154+00
73577,9.67,2026-03-10 01:47:45.046122+00
73578,8.84,2026-03-10 01:48:37.960333+00
73579,9.52,2026-03-10 01:49:29.49714+00
73580,9.37,2026-03-10 01:51:37.270703+00
73581,10.5,2026-03-10 01:52:16.426145+00
73582,9.04,2026-03-10 01:53:18.520347+00
73583,10.62,2026-03-10 01:54:15.92865+00
73584,9.94,2026-03-10 01:55:45.05383+00
73585,9.31,2026-03-10 01:56:23.520356+00
73586,10.41,2026-03-10 01:57:25.061659+00
73587,9.27,2026-03-10 01:58:29.57488+00
73588,9.46,2026-03-10 01:59:43.206446+00
73589,10.19,2026-03-10 02:00:45.944867+00
73590,9.59,2026-03-10 02:01:48.910425+00
73591,9.32,2026-03-10 02:02:08.787524+00
73592,10.37,2026-03-10 02:03:40.825852+00
73593,10.68,2026-03-10 02:04:16.273842+00
73594,9.45,2026-03-10 02:06:18.256795+00
73595,8.86,2026-03-10 02:07:22.597527+00
73596,9.08,2026-03-10 02:08:12.667171+00
73597,9.69,2026-03-10 02:09:29.759763+00
73598,9.34,2026-03-10 02:10:05.670508+00
73599,9.67,2026-03-10 02:11:11.734448+00
73600,9.26,2026-03-10 02:12:04.014548+00
73601,9.25,2026-03-10 02:13:41.768359+00
73602,9.97,2026-03-10 02:14:02.33554+00
73603,10.2,2026-03-10 02:15:25.0046+00
73604,10.48,2026-03-10 02:16:30.548436+00
73605,8.91,2026-03-10 02:17:17.274179+00
73606,9.45,2026-03-10 02:18:13.703612+00
73607,9.14,2026-03-10 02:19:33.423044+00
73608,8.92,2026-03-10 02:21:20.274445+00
73609,9.08,2026-03-10 02:22:06.71236+00
73610,10.28,2026-03-10 02:23:04.346906+00
73611,9.99,2026-03-10 02:24:07.384868+00
73612,9.91,2026-03-10 02:25:09.567132+00
73613,9.34,2026-03-10 02:26:47.700988+00
73614,9.32,2026-03-10 02:27:01.474048+00
73615,9.61,2026-03-10 02:28:19.813581+00
73616,8.68,2026-03-10 02:29:24.934661+00
73617,9.16,2026-03-10 02:30:41.558306+00
73618,9.01,2026-03-10 02:31:05.547308+00
73619,9.33,2026-03-10 02:32:20.810088+00
73620,9.34,2026-03-10 02:33:24.847678+00
73621,10.41,2026-03-10 02:34:15.99019+00
73622,9.55,2026-03-10 02:36:46.836784+00
73623,10.5,2026-03-10 02:37:28.413065+00
73624,10.37,2026-03-10 02:38:43.338857+00
73625,9.18,2026-03-10 02:39:01.219296+00
73626,9.35,2026-03-10 02:40:23.180777+00
73627,8.99,2026-03-10 02:41:11.659714+00
73628,9.4,2026-03-10 02:42:48.469997+00
73629,9.65,2026-03-10 02:43:01.858566+00
73630,8.9,2026-03-10 02:44:25.784095+00
73631,10.03,2026-03-10 02:45:41.028757+00
73632,10.6,2026-03-10 02:46:00.977738+00
73633,9.12,2026-03-10 02:47:17.905912+00
73634,10.4,2026-03-10 02:48:47.76542+00
73635,9.99,2026-03-10 02:49:00.007381+00
73636,9.84,2026-03-10 02:51:26.773511+00
73637,8.75,2026-03-10 02:52:42.129523+00
73638,9.53,2026-03-10 02:53:20.863814+00
73639,9.72,2026-03-10 02:54:07.458183+00
73640,9.57,2026-03-10 02:55:07.222523+00
73641,9.57,2026-03-10 02:56:00.286255+00
73642,10.45,2026-03-10 02:57:45.500332+00
73643,9.48,2026-03-10 02:58:38.57963+00
73644,10.12,2026-03-10 02:59:33.596726+00
73645,9.39,2026-03-10 03:00:17.135621+00
73646,10.6,2026-03-10 03:01:44.709194+00
73647,10.58,2026-03-10 03:02:10.681745+00
73648,9.81,2026-03-10 03:03:07.093258+00
73649,10.07,2026-03-10 03:04:12.60515+00
73650,9.53,2026-03-10 03:06:39.411395+00
73651,9.64,2026-03-10 03:07:23.511731+00
73652,9.96,2026-03-10 03:08:01.903333+00
73653,10.42,2026-03-10 03:09:26.93619+00
73654,9.88,2026-03-10 03:10:39.700802+00
73655,10.59,2026-03-10 03:11:36.658283+00
73656,8.78,2026-03-10 03:12:32.029224+00
73657,10.4,2026-03-10 03:13:48.291036+00
73658,9.66,2026-03-10 03:14:30.082622+00
73659,10.06,2026-03-10 03:15:21.022315+00
73660,10.09,2026-03-10 03:16:45.857962+00
73661,8.71,2026-03-10 03:17:18.7825+00
73662,9.61,2026-03-10 03:18:13.645418+00
73663,9.94,2026-03-10 03:19:40.412175+00
73664,10.41,2026-03-10 03:21:14.117507+00
73665,9.88,2026-03-10 03:22:15.491157+00
73666,10.11,2026-03-10 03:23:37.258236+00
73667,9.32,2026-03-10 03:24:45.717399+00
73668,10.02,2026-03-10 03:25:30.199323+00
73669,9.02,2026-03-10 03:26:48.774882+00
73670,10.25,2026-03-10 03:27:26.861756+00
73671,9.73,2026-03-10 03:28:24.459799+00
73672,9.01,2026-03-10 03:29:17.361719+00
73673,8.57,2026-03-10 03:30:38.466323+00
73674,9.26,2026-03-10 03:31:21.736798+00
73675,10.12,2026-03-10 03:32:24.876784+00
73676,10.26,2026-03-10 03:33:18.488507+00
73677,8.92,2026-03-10 03:34:18.448585+00
73678,9.59,2026-03-10 03:36:21.861484+00
73679,8.38,2026-03-10 03:37:32.318063+00
73680,9.98,2026-03-10 03:38:32.381096+00
73681,8.65,2026-03-10 03:39:34.115659+00
73682,9.01,2026-03-10 03:40:01.507902+00
73683,10.26,2026-03-10 03:41:04.971498+00
73684,8.93,2026-03-10 03:42:31.982969+00
73685,9,2026-03-10 03:43:09.332555+00
73686,8.94,2026-03-10 03:44:16.034104+00
73687,9.1,2026-03-10 03:45:32.193079+00
73688,9.74,2026-03-10 03:46:14.964703+00
73689,9.93,2026-03-10 03:47:31.613721+00
73690,9.05,2026-03-10 03:48:06.98472+00
73691,9.82,2026-03-10 03:49:12.330306+00
73692,9.65,2026-03-10 03:51:16.215242+00
73693,9.08,2026-03-10 03:52:48.713646+00
73694,9.2,2026-03-10 03:53:48.43773+00
73695,9.38,2026-03-10 03:54:11.81078+00
73696,8.55,2026-03-10 03:55:39.877251+00
73697,9.44,2026-03-10 03:56:05.032909+00
73698,8.8,2026-03-10 03:57:41.050951+00
73699,9.14,2026-03-10 03:58:27.731055+00
73700,8.52,2026-03-10 03:59:21.186661+00
73701,9.52,2026-03-10 04:00:33.95304+00
73702,8.3,2026-03-10 04:01:26.943123+00
73703,9.66,2026-03-10 04:02:25.37295+00
73704,9.31,2026-03-10 04:03:33.144211+00
73705,8.54,2026-03-10 04:04:26.355581+00
73706,8.33,2026-03-10 04:06:36.505859+00
73707,8.77,2026-03-10 04:07:48.562534+00
73708,9.53,2026-03-10 04:08:31.033132+00
73709,10.16,2026-03-10 04:09:45.794216+00
73710,8.52,2026-03-10 04:10:33.393043+00
73711,9.14,2026-03-10 04:11:16.685745+00
73712,8.8,2026-03-10 04:12:48.654792+00
73713,8.4,2026-03-10 04:13:17.272403+00
73714,8.8,2026-03-10 04:14:22.697684+00
73715,9.03,2026-03-10 04:15:03.848054+00
73716,8.6,2026-03-10 04:16:17.151133+00
73717,8.76,2026-03-10 04:17:22.276928+00
73718,9.74,2026-03-10 04:18:26.054958+00
73719,8.58,2026-03-10 04:19:44.125341+00
73720,9.22,2026-03-10 04:21:09.606952+00
73721,10.24,2026-03-10 04:22:13.832786+00
73722,9.9,2026-03-10 04:23:33.392337+00
73723,8.67,2026-03-10 04:24:48.001512+00
73724,9.44,2026-03-10 04:25:41.576868+00
73725,10.1,2026-03-10 04:26:29.489598+00
73726,9.47,2026-03-10 04:27:10.277959+00
73727,8.33,2026-03-10 04:28:13.013544+00
73728,9.57,2026-03-10 04:29:40.610878+00
73729,9.81,2026-03-10 04:30:06.051136+00
73730,9.15,2026-03-10 04:31:16.204894+00
73731,9.29,2026-03-10 04:32:17.199755+00
73732,9.35,2026-03-10 04:33:29.343926+00
73733,9.55,2026-03-10 04:34:42.188579+00
73734,9.28,2026-03-10 04:36:12.709663+00
73735,10.13,2026-03-10 04:37:10.256084+00
73736,8.71,2026-03-10 04:38:41.101367+00
73737,10.06,2026-03-10 04:39:34.268255+00
73738,9.52,2026-03-10 04:40:02.701619+00
73739,9.7,2026-03-10 04:41:15.039007+00
73740,8.94,2026-03-10 04:42:02.479521+00
73741,9.26,2026-03-10 04:43:11.344603+00
73742,8.47,2026-03-10 04:44:33.008488+00
73743,8.82,2026-03-10 04:45:24.995938+00
73744,9.82,2026-03-10 04:46:20.207982+00
73745,10.2,2026-03-10 04:47:16.806393+00
73746,8.48,2026-03-10 04:48:08.907323+00
73747,9.72,2026-03-10 04:49:07.22387+00
73748,8.68,2026-03-10 04:51:10.518796+00
73749,9.17,2026-03-10 04:52:12.246511+00
73750,8.68,2026-03-10 04:53:19.299424+00
73751,9.71,2026-03-10 04:54:07.449605+00
73752,9.33,2026-03-10 04:55:30.21156+00
73753,9.61,2026-03-10 04:56:39.935511+00
73754,8.8,2026-03-10 04:57:16.793542+00
73755,8.36,2026-03-10 04:58:16.351639+00
73756,9.16,2026-03-10 04:59:30.51169+00
73757,9.2,2026-03-10 05:00:46.877082+00
73758,10.09,2026-03-10 05:01:11.252691+00
73759,8.73,2026-03-10 05:02:15.480778+00
73760,8.9,2026-03-10 05:03:43.149893+00
73761,8.68,2026-03-10 05:04:32.319939+00
73762,9.67,2026-03-10 05:06:05.317457+00
73763,10.04,2026-03-10 05:07:11.327559+00
73764,8.41,2026-03-10 05:08:01.556017+00
73765,8.95,2026-03-10 05:09:04.302866+00
73766,10.26,2026-03-10 05:10:15.826172+00
73767,10.22,2026-03-10 05:11:31.377002+00
73768,10.22,2026-03-10 05:12:11.419031+00
73769,9.49,2026-03-10 05:13:15.76758+00
73770,8.67,2026-03-10 05:14:11.017756+00
73771,9.4,2026-03-10 05:15:10.796078+00
73772,10.2,2026-03-10 05:16:48.541531+00
73773,8.46,2026-03-10 05:17:08.17905+00
73774,9.96,2026-03-10 05:18:38.432459+00
73775,10.08,2026-03-10 05:19:27.314974+00
73776,9.67,2026-03-10 05:21:05.212641+00
73777,9.17,2026-03-10 05:22:33.80127+00
73778,9.71,2026-03-10 05:23:16.898965+00
73779,8.75,2026-03-10 05:24:42.249724+00
73780,9.34,2026-03-10 05:25:38.94859+00
73781,10.25,2026-03-10 05:26:30.154059+00
73782,9.8,2026-03-10 05:27:11.905507+00
73783,9.94,2026-03-10 05:28:17.122413+00
73784,9.24,2026-03-10 05:29:25.748846+00
73785,8.51,2026-03-10 05:30:09.231967+00
73786,8.49,2026-03-10 05:31:01.66525+00
73787,9.9,2026-03-10 05:32:08.314591+00
73788,8.68,2026-03-10 05:33:25.180363+00
73789,8.3,2026-03-10 05:34:33.101224+00
73790,9.03,2026-03-10 05:36:41.464799+00
73791,9.43,2026-03-10 05:37:43.357828+00
73792,9.98,2026-03-10 05:38:43.989157+00
73793,9.05,2026-03-10 05:39:46.401041+00
73794,9.87,2026-03-10 05:40:02.803855+00
73795,10.1,2026-03-10 05:41:22.395603+00
73796,9.43,2026-03-10 05:42:05.462367+00
73797,8.76,2026-03-10 05:43:35.538479+00
73798,9.19,2026-03-10 05:44:22.165922+00
73799,8.71,2026-03-10 05:45:45.328791+00
73800,9.42,2026-03-10 05:46:28.423891+00
73801,8.75,2026-03-10 05:47:00.817089+00
73802,9.85,2026-03-10 05:48:35.186405+00
73803,9.61,2026-03-10 05:49:09.024189+00
73804,9.32,2026-03-10 05:51:22.545495+00
73805,9.84,2026-03-10 05:52:28.815868+00
73806,9.64,2026-03-10 05:53:39.796424+00
73807,9.63,2026-03-10 05:54:30.412285+00
73808,10.12,2026-03-10 05:55:30.049779+00
73809,8.46,2026-03-10 05:56:02.531757+00
73810,8.42,2026-03-10 05:57:47.040286+00
73811,8.44,2026-03-10 05:58:06.200521+00
73812,8.52,2026-03-10 05:59:49.716846+00
73813,8.66,2026-03-10 06:00:17.988564+00
73814,9.7,2026-03-10 06:01:39.080993+00
73815,9.7,2026-03-10 06:02:31.009099+00
73816,9.76,2026-03-10 06:03:49.150364+00
73817,9.01,2026-03-10 06:04:13.479856+00
73818,9.52,2026-03-10 06:05:40.386613+00
73819,8.73,2026-03-10 06:07:41.649255+00
73820,8.32,2026-03-10 06:08:11.660805+00
73821,8.52,2026-03-10 06:09:32.74335+00
73822,8.4,2026-03-10 06:10:24.609824+00
73823,9.98,2026-03-10 06:11:19.059437+00
73824,9.81,2026-03-10 06:12:41.494047+00
73825,9.67,2026-03-10 06:13:08.277138+00
73826,10.22,2026-03-10 06:14:05.430853+00
73827,8.86,2026-03-10 06:15:38.711906+00
73828,9.43,2026-03-10 06:16:28.570658+00
73829,8.61,2026-03-10 06:17:20.493904+00
73830,8.97,2026-03-10 06:18:25.996951+00
73831,8.61,2026-03-10 06:19:09.133762+00
73832,10.2,2026-03-10 06:20:25.668953+00
73833,8.9,2026-03-10 06:21:16.898263+00
73834,9.04,2026-03-10 06:23:14.461155+00
73835,9.16,2026-03-10 06:24:40.251319+00
73836,8.65,2026-03-10 06:25:45.486626+00
73837,9.05,2026-03-10 06:26:15.006375+00
73838,9.61,2026-03-10 06:27:32.357692+00
73839,9.17,2026-03-10 06:28:49.33227+00
73840,8.64,2026-03-10 06:29:35.350629+00
73841,8.87,2026-03-10 06:30:36.610516+00
73842,8.85,2026-03-10 06:31:30.956158+00
73843,8.25,2026-03-10 06:32:35.593565+00
73844,8.88,2026-03-10 06:33:00.778708+00
73845,10.12,2026-03-10 06:34:28.514471+00
73846,9.96,2026-03-10 06:35:19.388479+00
73847,9.52,2026-03-10 06:36:08.126736+00
73848,10.05,2026-03-10 06:38:47.008445+00
73849,8.74,2026-03-10 06:39:36.953773+00
73850,10.15,2026-03-10 06:40:39.110911+00
73851,9.11,2026-03-10 06:41:39.214658+00
73852,8.94,2026-03-10 06:42:25.166853+00
73853,10.14,2026-03-10 06:43:42.288774+00
73854,9.4,2026-03-10 06:44:13.700176+00
73855,9.33,2026-03-10 06:45:31.285462+00
73856,9.34,2026-03-10 06:46:36.528806+00
73857,9.56,2026-03-10 06:47:12.691066+00
73858,8.2,2026-03-10 06:48:00.2151+00
73859,8.36,2026-03-10 06:49:11.282225+00
73860,8.59,2026-03-10 06:50:10.613405+00
73861,9.65,2026-03-10 06:51:28.010098+00
73862,9.91,2026-03-10 06:52:22.541703+00
73863,8.35,2026-03-10 06:54:48.735263+00
73864,9.78,2026-03-10 06:55:17.243556+00
73865,9.77,2026-03-10 06:56:25.87434+00
73866,9.23,2026-03-10 06:57:39.918452+00
73867,9.11,2026-03-10 06:58:20.758805+00
73868,10.01,2026-03-10 06:59:40.305244+00
73869,8.9,2026-03-10 07:00:19.468577+00
73870,9.31,2026-03-10 07:01:45.335358+00
73871,9.28,2026-03-10 07:02:14.404167+00
73872,8.49,2026-03-10 07:03:06.163398+00
73873,9.6,2026-03-10 07:04:46.382295+00
73874,9.57,2026-03-10 07:05:23.079429+00
73875,9.91,2026-03-10 07:06:07.479047+00
73876,9.16,2026-03-10 07:07:13.904507+00
73877,8.93,2026-03-10 07:09:03.124433+00
73878,9.18,2026-03-10 07:10:40.622823+00
73879,9.91,2026-03-10 07:11:35.267652+00
73880,9.18,2026-03-10 07:12:09.963262+00
73881,9.81,2026-03-10 07:13:43.997254+00
73882,8.91,2026-03-10 07:14:49.503875+00
73883,9.93,2026-03-10 07:15:31.146333+00
73884,8.54,2026-03-10 07:16:14.107164+00
73885,8.91,2026-03-10 07:17:26.65176+00
73886,9.42,2026-03-10 07:18:48.931543+00
73887,9.11,2026-03-10 07:19:39.151054+00
73888,9.79,2026-03-10 07:20:14.991181+00
73889,9.11,2026-03-10 07:21:36.1821+00
73890,9.49,2026-03-10 07:22:38.9197+00
73891,8.36,2026-03-10 07:23:09.823909+00
73892,9.67,2026-03-10 07:25:19.645284+00
73893,8.92,2026-03-10 07:26:26.096848+00
73894,9.73,2026-03-10 07:27:41.230911+00
73895,10,2026-03-10 07:28:40.992067+00
73896,8.56,2026-03-10 07:29:01.360926+00
73897,9.51,2026-03-10 07:30:09.041487+00
73898,9.29,2026-03-10 07:31:02.780164+00
73899,10.01,2026-03-10 07:32:26.487908+00
73900,8.34,2026-03-10 07:33:30.849537+00
73901,9.14,2026-03-10 07:34:49.045216+00
73902,9.06,2026-03-10 07:35:18.860506+00
73903,10.13,2026-03-10 07:36:40.957695+00
73904,8.95,2026-03-10 07:37:30.023934+00
73905,9.04,2026-03-10 07:39:10.529922+00
73906,8.24,2026-03-10 07:40:21.918763+00
73907,8.73,2026-03-10 07:41:31.898127+00
73908,8.72,2026-03-10 07:42:09.432616+00
73909,8.44,2026-03-10 07:43:42.884574+00
73910,8.47,2026-03-10 07:44:25.907385+00
73911,8.69,2026-03-10 07:45:06.608558+00
73912,8.49,2026-03-10 07:46:13.911372+00
73913,9.1,2026-03-10 07:47:48.235254+00
73914,9.95,2026-03-10 07:48:08.464375+00
73915,9.17,2026-03-10 07:49:18.813056+00
73916,9.91,2026-03-10 07:50:25.827467+00
73917,8.56,2026-03-10 07:51:09.75661+00
73918,10.32,2026-03-10 07:52:42.463401+00
73919,9.37,2026-03-10 07:54:03.904848+00
73920,9.69,2026-03-10 07:55:45.455123+00
73921,9.87,2026-03-10 07:56:29.704135+00
73922,9.08,2026-03-10 07:57:22.267341+00
73923,9.28,2026-03-10 07:58:33.461758+00
73924,8.92,2026-03-10 07:59:24.266816+00
73925,8.73,2026-03-10 08:00:14.18587+00
73926,8.94,2026-03-10 08:01:28.67553+00
73927,8.8,2026-03-10 08:03:13.549341+00
73928,9.04,2026-03-10 08:05:24.307695+00
73929,10.11,2026-03-10 08:06:25.18204+00
73930,10.29,2026-03-10 08:07:37.258835+00
73931,9.56,2026-03-10 08:08:30.114181+00
73932,9.65,2026-03-10 08:09:21.024107+00
73933,9.55,2026-03-10 08:10:23.35914+00
73934,10.17,2026-03-10 08:11:47.411394+00
73935,9.95,2026-03-10 08:12:29.103267+00
73936,8.9,2026-03-10 08:13:12.64922+00
73937,8.89,2026-03-10 08:14:46.007597+00
73938,9.32,2026-03-10 08:15:46.152197+00
73939,10.13,2026-03-10 08:16:34.251343+00
73940,8.64,2026-03-10 08:17:35.395974+00
73941,10.19,2026-03-10 08:19:09.302916+00
73942,10.33,2026-03-10 08:20:11.018265+00
73943,8.62,2026-03-10 08:21:27.802953+00
73944,10.03,2026-03-10 08:22:05.754208+00
73945,10.2,2026-03-10 08:23:39.293309+00
73946,9.99,2026-03-10 08:24:33.204798+00
73947,9.24,2026-03-10 08:25:33.852814+00
73948,10.27,2026-03-10 08:26:47.918476+00
73949,9.34,2026-03-10 08:27:28.444122+00
73950,8.65,2026-03-10 08:28:25.340412+00
73951,10.38,2026-03-10 08:29:35.327947+00
73952,10.11,2026-03-10 08:30:25.769381+00
73953,10.12,2026-03-10 08:31:02.182052+00
73954,9.51,2026-03-10 08:33:16.892228+00
73955,9.25,2026-03-10 08:34:04.308216+00
73956,10.23,2026-03-10 08:35:32.192702+00
73957,8.62,2026-03-10 08:36:12.825433+00
73958,9.76,2026-03-10 08:37:47.80195+00
73959,9.51,2026-03-10 08:38:11.827668+00
73960,8.65,2026-03-10 08:39:41.832325+00
73961,9.9,2026-03-10 08:40:29.895733+00
73962,10.06,2026-03-10 08:41:16.356526+00
73963,9.06,2026-03-10 08:42:45.890649+00
73964,9.98,2026-03-10 08:43:35.090594+00
73965,10.41,2026-03-10 08:44:10.324408+00
73966,10.48,2026-03-10 08:45:18.050187+00
73967,9.57,2026-03-10 08:47:29.409257+00
73968,8.88,2026-03-10 08:48:35.270559+00
73969,10.35,2026-03-10 08:49:09.817748+00
73970,9.03,2026-03-10 08:50:44.748806+00
73971,10.13,2026-03-10 08:51:36.978314+00
73972,10.69,2026-03-10 08:52:46.21516+00
73973,9.99,2026-03-10 08:53:46.112613+00
73974,8.75,2026-03-10 08:54:13.826116+00
73975,9.06,2026-03-10 08:55:17.29831+00
73976,8.92,2026-03-10 08:56:22.074952+00
73977,10.37,2026-03-10 08:57:38.437751+00
73978,9.38,2026-03-10 08:58:29.860364+00
73979,10.51,2026-03-10 08:59:06.240042+00
73980,10.26,2026-03-10 09:00:35.857315+00
73981,9.55,2026-03-10 09:01:02.568219+00
73982,10.55,2026-03-10 09:03:09.107203+00
73983,10.12,2026-03-10 09:04:01.973621+00
73984,9.06,2026-03-10 09:05:34.341012+00
73985,8.8,2026-03-10 09:06:26.243101+00
73986,10,2026-03-10 09:07:12.907389+00
73987,10.21,2026-03-10 09:08:09.825195+00
73988,10.67,2026-03-10 09:09:30.929922+00
73989,10.73,2026-03-10 09:10:12.101541+00
73990,9.25,2026-03-10 09:11:26.672288+00
73991,10.6,2026-03-10 09:12:22.378831+00
73992,9.56,2026-03-10 09:13:27.082281+00
73993,9.76,2026-03-10 09:14:15.868335+00
73994,10.75,2026-03-10 09:15:42.149276+00
73995,9.16,2026-03-10 09:16:16.264775+00
73996,8.99,2026-03-10 09:18:12.505122+00
73997,10.63,2026-03-10 09:19:03.593115+00
73998,10.23,2026-03-10 09:20:33.200362+00
73999,9.38,2026-03-10 09:21:12.978387+00
74000,10.49,2026-03-10 09:22:25.632577+00
74001,9.32,2026-03-10 09:23:08.385109+00
74002,8.96,2026-03-10 09:24:31.608883+00
74003,10.61,2026-03-10 09:25:15.755561+00
74004,10.54,2026-03-10 09:26:06.317087+00
74005,9.72,2026-03-10 09:27:22.664598+00
74006,10.56,2026-03-10 09:28:33.29746+00
74007,10.72,2026-03-10 09:29:46.241463+00
74008,9.77,2026-03-10 09:30:02.287541+00
74009,10.8,2026-03-10 09:31:47.172541+00
74010,10.42,2026-03-10 09:33:37.976677+00
74011,9.31,2026-03-10 09:34:07.971333+00
74012,10.2,2026-03-10 09:35:46.487427+00
74013,10.77,2026-03-10 09:36:20.671927+00
74014,10.52,2026-03-10 09:37:24.253274+00
74015,10.31,2026-03-10 09:38:19.593495+00
74016,10.15,2026-03-10 09:39:46.173263+00
74017,9.84,2026-03-10 09:40:14.785785+00
74018,9.56,2026-03-10 09:41:26.935183+00
74019,10.82,2026-03-10 09:42:03.690796+00
74020,10.41,2026-03-10 09:43:14.786501+00
74021,10.44,2026-03-10 09:44:17.574899+00
74022,10.51,2026-03-10 09:45:44.696213+00
74023,10.9,2026-03-10 09:47:44.12741+00
74024,10.4,2026-03-10 09:48:02.125354+00
74025,9.2,2026-03-10 09:49:47.702971+00
74026,9.47,2026-03-10 09:50:22.715984+00
74027,9.87,2026-03-10 09:51:41.087036+00
74028,9.79,2026-03-10 09:52:36.194017+00
74029,9.95,2026-03-10 09:53:38.753138+00
74030,9.42,2026-03-10 09:54:22.13956+00
74031,9.97,2026-03-10 09:55:22.715593+00
74032,10.06,2026-03-10 09:56:01.46349+00
74033,10.74,2026-03-10 09:57:43.491693+00
74034,9.76,2026-03-10 09:58:00.219573+00
74035,10,2026-03-10 09:59:07.337142+00
74036,9.5,2026-03-10 10:00:23.115277+00
74037,11.14,2026-03-10 10:02:38.453226+00
74038,11.13,2026-03-10 10:03:39.86864+00
74039,10.36,2026-03-10 10:04:38.881237+00
74040,9.95,2026-03-10 10:05:14.497118+00
74041,9.74,2026-03-10 10:06:42.981772+00
74042,9.73,2026-03-10 10:07:03.245012+00
74043,10.63,2026-03-10 10:08:36.837465+00
74044,9.79,2026-03-10 10:09:49.16254+00
74045,9.3,2026-03-10 10:10:08.746229+00
74046,11.05,2026-03-10 10:11:07.468933+00
74047,9.89,2026-03-10 10:12:43.859748+00
74048,9.68,2026-03-10 10:13:18.451079+00
74049,10.91,2026-03-10 10:14:01.905097+00
74050,10.08,2026-03-10 10:15:15.388353+00
74051,9.51,2026-03-10 10:16:41.576018+00
74052,10.89,2026-03-10 10:18:45.818486+00
74053,9.97,2026-03-10 10:19:39.185428+00
74054,10.37,2026-03-10 10:20:38.811475+00
74055,10.24,2026-03-10 10:21:32.421133+00
74056,9.66,2026-03-10 10:22:11.66895+00
74057,10.81,2026-03-10 10:23:26.684473+00
74058,11.11,2026-03-10 10:24:36.779087+00
74059,11.43,2026-03-10 10:25:04.074529+00
74060,9.55,2026-03-10 10:26:42.122026+00
74061,10.33,2026-03-10 10:27:24.360389+00
74062,10.05,2026-03-10 10:28:33.98173+00
74063,11.41,2026-03-10 10:29:25.684322+00
74064,10.64,2026-03-10 10:30:04.456415+00
74065,10.97,2026-03-10 10:32:04.293228+00
74066,10.74,2026-03-10 10:33:46.601335+00
74067,11.65,2026-03-10 10:34:42.942244+00
74068,11.09,2026-03-10 10:35:39.946648+00
74069,10.43,2026-03-10 10:36:27.600317+00
74070,11.34,2026-03-10 10:37:13.919611+00
74071,10.94,2026-03-10 10:38:26.757151+00
74072,10.49,2026-03-10 10:39:23.36481+00
74073,9.88,2026-03-10 10:40:42.421293+00
74074,9.94,2026-03-10 10:41:27.164806+00
74075,11.2,2026-03-10 10:42:43.590484+00
74076,10.29,2026-03-10 10:43:32.85708+00
74077,11.5,2026-03-10 10:44:32.683355+00
74078,10.93,2026-03-10 10:46:15.937214+00
74079,10.53,2026-03-10 10:47:43.051728+00
74080,11.47,2026-03-10 10:48:31.107016+00
74081,10.48,2026-03-10 10:49:24.477437+00
74082,11.03,2026-03-10 10:50:23.764674+00
74083,11.7,2026-03-10 10:51:03.321342+00
74084,10.54,2026-03-10 10:52:34.754707+00
74085,10.6,2026-03-10 10:53:33.025073+00
74086,10.38,2026-03-10 10:54:34.528575+00
74087,11.66,2026-03-10 10:55:13.180094+00
74088,11.47,2026-03-10 10:56:43.115506+00
74089,10.64,2026-03-10 10:57:44.304511+00
74090,10.76,2026-03-10 10:58:11.274325+00
74091,12.01,2026-03-10 10:59:40.329605+00
74092,10.65,2026-03-10 11:01:11.662055+00
74093,11.01,2026-03-10 11:02:09.03841+00
74094,11.45,2026-03-10 11:03:25.20496+00
74095,11.74,2026-03-10 11:04:39.403109+00
74096,10.4,2026-03-10 11:05:36.91998+00
74097,11.58,2026-03-10 11:06:42.598831+00
74098,11.15,2026-03-10 11:07:42.579676+00
74099,11.89,2026-03-10 11:08:32.951329+00
74100,12.22,2026-03-10 11:09:22.849044+00
74101,10.53,2026-03-10 11:10:27.210145+00
74102,11.23,2026-03-10 11:11:38.013326+00
74103,11.21,2026-03-10 11:12:26.278643+00
74104,10.91,2026-03-10 11:13:40.070429+00
74105,11.02,2026-03-10 11:14:00.120925+00
74106,12.46,2026-03-10 11:15:00.241852+00
74107,12.45,2026-03-10 11:17:10.98618+00
74108,12.46,2026-03-10 11:18:18.721663+00
74109,11.87,2026-03-10 11:19:32.208297+00
74110,12.33,2026-03-10 11:20:39.075401+00
74111,10.9,2026-03-10 11:21:05.147557+00
74112,12.11,2026-03-10 11:22:43.446263+00
74113,11.55,2026-03-10 11:23:13.846692+00
74114,10.54,2026-03-10 11:24:01.909398+00
74115,11.23,2026-03-10 11:25:01.201135+00
74116,11.93,2026-03-10 11:26:25.373101+00
74117,11.42,2026-03-10 11:27:34.387704+00
74118,10.85,2026-03-10 11:28:12.614952+00
74119,11.06,2026-03-10 11:29:20.906415+00
74120,10.54,2026-03-10 11:30:28.022001+00
74121,11.32,2026-03-10 11:32:22.664855+00
74122,10.54,2026-03-10 11:33:39.42894+00
74123,11.51,2026-03-10 11:34:28.369279+00
74124,11.82,2026-03-10 11:35:23.528627+00
74125,10.51,2026-03-10 11:36:09.940055+00
74126,12.05,2026-03-10 11:37:00.984199+00
74127,11.96,2026-03-10 11:38:16.562372+00
74128,11.63,2026-03-10 11:39:25.567062+00
74129,10.78,2026-03-10 11:40:35.151578+00
74130,10.8,2026-03-10 11:41:10.343791+00
74131,12.33,2026-03-10 11:42:21.757845+00
74132,11.94,2026-03-10 11:43:00.297421+00
74133,10.82,2026-03-10 11:44:18.42767+00
74134,12.57,2026-03-10 11:45:42.437711+00
74135,12.57,2026-03-10 11:47:06.476528+00
74136,12.35,2026-03-10 11:48:00.129259+00
74137,10.75,2026-03-10 11:49:18.476061+00
74138,11.77,2026-03-10 11:50:03.555857+00
74139,11.94,2026-03-10 11:51:47.878346+00
74140,11.74,2026-03-10 11:52:48.29852+00
74141,12.18,2026-03-10 11:53:37.946113+00
74142,11.46,2026-03-10 11:54:17.719114+00
74143,11.66,2026-03-10 11:55:36.618521+00
74144,11.66,2026-03-10 11:56:33.371119+00
74145,12.66,2026-03-10 11:57:37.361248+00
74146,11.6,2026-03-10 11:58:23.237321+00
74147,11.89,2026-03-10 11:59:20.110827+00
74148,12.3,2026-03-10 12:00:43.123242+00
74149,12.33,2026-03-10 12:02:21.987603+00
74150,12.78,2026-03-10 12:03:31.212235+00
74151,11.43,2026-03-10 12:04:33.640569+00
74152,11.22,2026-03-10 12:05:10.256969+00
74153,12.34,2026-03-10 12:06:38.388036+00
74154,11.17,2026-03-10 12:07:31.482151+00
74155,12.6,2026-03-10 12:08:48.478393+00
74156,11.02,2026-03-10 12:09:42.685535+00
74157,12.42,2026-03-10 12:10:20.297945+00
74158,11.05,2026-03-10 12:11:09.171313+00
74159,11.4,2026-03-10 12:12:25.623732+00
74160,12.33,2026-03-10 12:13:02.835233+00
74161,11.41,2026-03-10 12:14:27.29315+00
74162,12.47,2026-03-10 12:16:27.451878+00
74163,12.68,2026-03-10 12:17:38.875688+00
74164,12.29,2026-03-10 12:18:28.061086+00
74165,11.15,2026-03-10 12:19:28.188951+00
74166,12.35,2026-03-10 12:20:36.379015+00
74167,12.82,2026-03-10 12:21:16.239307+00
74168,11.48,2026-03-10 12:22:27.542098+00
74169,12.3,2026-03-10 12:23:35.817168+00
74170,11.17,2026-03-10 12:24:09.834988+00
74171,11.17,2026-03-10 12:25:03.683751+00
74172,11.22,2026-03-10 12:26:37.596169+00
74173,12.29,2026-03-10 12:27:48.971214+00
74174,10.98,2026-03-10 12:28:32.701896+00
74175,11.3,2026-03-10 12:29:20.49859+00
74176,12.12,2026-03-10 12:31:30.749543+00
74177,11.12,2026-03-10 12:32:43.880493+00
74178,12.42,2026-03-10 12:33:28.20927+00
74179,11.87,2026-03-10 12:34:05.368221+00
74180,11.38,2026-03-10 12:35:11.390127+00
74181,12.68,2026-03-10 12:36:13.210345+00
74182,11.62,2026-03-10 12:37:40.872007+00
74183,11.55,2026-03-10 12:38:14.892751+00
74184,11.69,2026-03-10 12:39:43.454523+00
74185,11.69,2026-03-10 12:40:38.207681+00
74186,12.63,2026-03-10 12:41:42.537216+00
74187,11.39,2026-03-10 12:42:43.847902+00
74188,11.75,2026-03-10 12:43:03.189322+00
74189,12.21,2026-03-10 12:44:40.628604+00
74190,11.61,2026-03-10 12:46:47.412518+00
74191,11.17,2026-03-10 12:47:01.29227+00
74192,13.05,2026-03-10 12:48:11.728008+00
74193,12.38,2026-03-10 12:49:48.380342+00
74194,12.32,2026-03-10 12:50:41.325871+00
74195,11.38,2026-03-10 12:51:38.147946+00
74196,12.54,2026-03-10 12:52:08.655687+00
74197,12.05,2026-03-10 12:53:33.246992+00
74198,12.32,2026-03-10 12:54:43.9009+00
74199,12.38,2026-03-10 12:55:41.117747+00
74200,12.39,2026-03-10 12:56:34.847872+00
74201,11.34,2026-03-10 12:57:12.787728+00
74202,12.34,2026-03-10 12:58:41.929053+00
74203,12.31,2026-03-10 13:00:45.078008+00
74204,11.95,2026-03-10 13:01:18.705224+00
74205,12.95,2026-03-10 13:02:49.703976+00
74206,12.53,2026-03-10 13:03:41.992716+00
74207,12.41,2026-03-10 13:04:21.964044+00
74208,12,2026-03-10 13:05:47.595196+00
74209,12.39,2026-03-10 13:06:27.473149+00
74210,12.84,2026-03-10 13:07:05.081152+00
74211,11.41,2026-03-10 13:08:29.004188+00
74212,12.86,2026-03-10 13:09:24.867248+00
74213,11.29,2026-03-10 13:10:05.809612+00
74214,13.16,2026-03-10 13:11:22.05964+00
74215,11.46,2026-03-10 13:12:45.454411+00
74216,12.77,2026-03-10 13:13:16.768214+00
74217,12.69,2026-03-10 13:15:38.990742+00
74218,12.92,2026-03-10 13:16:07.349413+00
74219,13,2026-03-10 13:17:29.078968+00
74220,12.17,2026-03-10 13:18:34.982696+00
74221,12.03,2026-03-10 13:19:01.664902+00
74222,11.48,2026-03-10 13:20:07.614035+00
74223,11.32,2026-03-10 13:21:01.500229+00
74224,12.35,2026-03-10 13:22:34.256691+00
74225,12.12,2026-03-10 13:23:46.958271+00
74226,12.63,2026-03-10 13:24:13.768764+00
74227,11.61,2026-03-10 13:25:17.287041+00
74228,11.35,2026-03-10 13:26:20.87976+00
74229,11.95,2026-03-10 13:27:19.363423+00
74230,11.42,2026-03-10 13:29:12.44239+00
74231,12.21,2026-03-10 13:31:35.422275+00
74232,11.63,2026-03-10 13:32:14.402461+00
74233,12.75,2026-03-10 13:33:37.334911+00
74234,11.91,2026-03-10 13:34:23.928162+00
74235,12.28,2026-03-10 13:35:05.414201+00
74236,13.36,2026-03-10 13:36:04.990635+00
74237,13.3,2026-03-10 13:37:32.29603+00
74238,12.69,2026-03-10 13:38:13.884596+00
74239,12.44,2026-03-10 13:39:23.807828+00
74240,13.1,2026-03-10 13:40:26.943419+00
74241,12.04,2026-03-10 13:41:36.653192+00
74242,12.01,2026-03-10 13:43:11.83043+00
74243,12.98,2026-03-10 13:44:44.805053+00
74244,12.96,2026-03-10 13:45:40.688582+00
74245,12.02,2026-03-10 13:46:14.785921+00
74246,13.2,2026-03-10 13:47:14.366377+00
74247,12.15,2026-03-10 13:48:21.24302+00
74248,13.37,2026-03-10 13:49:12.182127+00
74249,12.27,2026-03-10 13:50:40.064075+00
74250,12.83,2026-03-10 13:51:41.188989+00
74251,12.41,2026-03-10 13:52:43.323421+00
74252,12.6,2026-03-10 13:53:43.549555+00
74253,13.05,2026-03-10 13:54:06.548889+00
74254,13.84,2026-03-10 13:55:09.731811+00
74255,13.61,2026-03-10 13:57:39.696369+00
74256,13.04,2026-03-10 13:58:14.402832+00
74257,12.69,2026-03-10 13:59:38.948947+00
74258,13.08,2026-03-10 14:00:32.225202+00
74259,13.85,2026-03-10 14:01:31.456283+00
74260,13.5,2026-03-10 14:02:30.19238+00
74261,14.28,2026-03-10 14:03:40.322632+00
74262,14.04,2026-03-10 14:04:36.963889+00
74263,13.01,2026-03-10 14:05:11.127386+00
74264,12.56,2026-03-10 14:06:42.812486+00
74265,12.4,2026-03-10 14:07:29.754639+00
74266,13.23,2026-03-10 14:08:29.543098+00
74267,12.68,2026-03-10 14:09:12.078377+00
74268,12.39,2026-03-10 14:10:39.748648+00
74269,13.86,2026-03-10 14:12:32.01738+00
74270,13.28,2026-03-10 14:13:04.866713+00
74271,14.22,2026-03-10 14:14:33.284217+00
74272,12.51,2026-03-10 14:15:31.143026+00
74273,13.12,2026-03-10 14:16:28.623909+00
74274,13.82,2026-03-10 14:17:08.929356+00
74275,12.85,2026-03-10 14:18:37.368524+00
74276,14.01,2026-03-10 14:19:29.892688+00
74277,12.34,2026-03-10 14:20:24.763672+00
74278,13.26,2026-03-10 14:21:00.491576+00
74279,13.28,2026-03-10 14:22:01.569592+00
74280,13.78,2026-03-10 14:23:36.407829+00
74281,12.91,2026-03-10 14:24:39.335673+00
74282,12.71,2026-03-10 14:26:07.573093+00
74283,12.58,2026-03-10 14:27:10.590373+00
74284,12.74,2026-03-10 14:28:41.729708+00
74285,13.06,2026-03-10 14:29:42.497893+00
74286,12.49,2026-03-10 14:30:29.005728+00
74287,13.53,2026-03-10 14:31:44.840428+00
74288,12.54,2026-03-10 14:32:15.80815+00
74289,12.29,2026-03-10 14:33:31.548526+00
74290,13.01,2026-03-10 14:34:09.053946+00
74291,13.91,2026-03-10 14:35:11.491972+00
74292,13.97,2026-03-10 14:36:02.067063+00
74293,13.66,2026-03-10 14:37:17.183568+00
74294,13.79,2026-03-10 14:38:45.624825+00
74295,14.16,2026-03-10 14:39:00.304508+00
74296,13.07,2026-03-10 14:41:18.594666+00
74297,12.93,2026-03-10 14:42:45.856691+00
74298,13.39,2026-03-10 14:43:47.025008+00
74299,12.59,2026-03-10 14:44:18.047004+00
74300,12.36,2026-03-10 14:45:34.211431+00
74301,12.39,2026-03-10 14:46:27.158407+00
74302,12.22,2026-03-10 14:47:19.731097+00
74303,13.6,2026-03-10 14:48:20.623405+00
74304,12.27,2026-03-10 14:49:47.211642+00
74305,13.23,2026-03-10 14:50:12.862694+00
74306,12.18,2026-03-10 14:51:12.605555+00
74307,12.38,2026-03-10 14:52:43.819977+00
74308,13.89,2026-03-10 14:53:37.007396+00
74309,12.28,2026-03-10 14:55:38.761258+00
74310,13.48,2026-03-10 14:56:28.889065+00
74311,13.24,2026-03-10 14:57:03.022837+00
74312,12.96,2026-03-10 14:58:05.856049+00
74313,12.8,2026-03-10 14:59:06.970387+00
74314,12.86,2026-03-10 15:00:22.755275+00
74315,13.61,2026-03-10 15:01:38.984192+00
74316,12.92,2026-03-10 15:02:33.95704+00
74317,12.4,2026-03-10 15:03:35.912746+00
74318,12.12,2026-03-10 15:04:17.012545+00
74319,12.54,2026-03-10 15:05:17.977133+00
74320,12.14,2026-03-10 15:06:01.203937+00
74321,13.72,2026-03-10 15:07:39.94701+00
74322,13.15,2026-03-10 15:08:07.077977+00
74323,12.46,2026-03-10 15:10:47.613964+00
74324,13.11,2026-03-10 15:11:12.334549+00
74325,12.35,2026-03-10 15:12:11.546038+00
74326,12.69,2026-03-10 15:13:08.911161+00
74327,12.06,2026-03-10 15:14:21.522584+00
74328,12.83,2026-03-10 15:15:47.22301+00
74329,13.21,2026-03-10 15:16:02.492978+00
74330,13.18,2026-03-10 15:17:46.031189+00
74331,12.3,2026-03-10 15:18:27.772135+00
74332,13.62,2026-03-10 15:19:42.400418+00
74333,13.59,2026-03-10 15:20:22.180238+00
74334,12.38,2026-03-10 15:21:34.5361+00
74335,13.04,2026-03-10 15:22:29.263808+00
74336,13.02,2026-03-10 15:24:24.297624+00
74337,13.96,2026-03-10 15:25:09.140531+00
74338,13.01,2026-03-10 15:26:08.012835+00
74339,14,2026-03-10 15:27:19.588477+00
74340,13.46,2026-03-10 15:28:14.506614+00
74341,13.98,2026-03-10 15:29:30.627952+00
74342,13.36,2026-03-10 15:30:37.317791+00
74343,13.68,2026-03-10 15:31:17.284766+00
74344,12.26,2026-03-10 15:32:43.656351+00
74345,12.43,2026-03-10 15:33:10.355262+00
74346,13.55,2026-03-10 15:34:46.828102+00
74347,13.49,2026-03-10 15:35:13.534402+00
74348,12.41,2026-03-10 15:36:32.842983+00
74349,12.12,2026-03-10 15:37:17.997552+00
74350,12.43,2026-03-10 15:39:42.179416+00
74351,13.06,2026-03-10 15:40:16.465511+00
74352,12.52,2026-03-10 15:41:10.22741+00
74353,13.28,2026-03-10 15:42:47.085659+00
74354,12.85,2026-03-10 15:43:04.409559+00
74355,12.62,2026-03-10 15:44:00.660844+00
74356,12.55,2026-03-10 15:45:09.22628+00
74357,12.64,2026-03-10 15:46:44.068342+00
74358,13.52,2026-03-10 15:47:29.185088+00
74359,12.89,2026-03-10 15:48:47.809577+00
74360,13.22,2026-03-10 15:50:27.694858+00
74361,12.6,2026-03-10 15:51:25.129992+00
74362,12.93,2026-03-10 15:52:06.040233+00
74363,13.45,2026-03-10 15:53:02.751691+00
74364,12.16,2026-03-10 15:55:17.008517+00
74365,12.55,2026-03-10 15:56:40.019531+00
74366,11.97,2026-03-10 15:57:06.940402+00
74367,12.68,2026-03-10 15:59:11.645595+00
74368,12.28,2026-03-10 16:00:28.264157+00
74369,13.03,2026-03-10 16:01:03.218566+00
74370,12.08,2026-03-10 16:02:04.528519+00
74371,11.86,2026-03-10 16:03:43.34975+00
74372,13.19,2026-03-10 16:04:01.986304+00
74373,12.1,2026-03-10 16:05:14.089197+00
74374,12.99,2026-03-10 16:06:25.700119+00
74375,12.27,2026-03-10 16:07:32.27868+00
74376,12.09,2026-03-10 16:08:03.638596+00
74377,12.39,2026-03-10 16:09:26.261036+00
74378,12.83,2026-03-10 16:10:09.284795+00
74379,12.08,2026-03-10 16:12:17.364397+00
74380,11.95,2026-03-10 16:13:36.151805+00
74381,13.5,2026-03-10 16:14:45.44954+00
74382,13.32,2026-03-10 16:15:19.552661+00
74383,12.01,2026-03-10 16:16:49.874566+00
74384,11.62,2026-03-10 16:17:04.261359+00
74385,12.34,2026-03-10 16:18:21.893018+00
74386,11.98,2026-03-10 16:19:19.17686+00
74387,13.1,2026-03-10 16:20:23.032372+00
74388,11.61,2026-03-10 16:21:13.849663+00
74389,13.47,2026-03-10 16:22:27.189964+00
74390,12.42,2026-03-10 16:23:17.593645+00
74391,13.35,2026-03-10 16:24:33.399966+00
74392,12.98,2026-03-10 16:25:04.878704+00
74393,12.71,2026-03-10 16:26:14.65136+00
74394,11.6,2026-03-10 16:28:05.154597+00
74395,12.05,2026-03-10 16:29:27.205301+00
74396,11.25,2026-03-10 16:30:29.631935+00
74397,11.29,2026-03-10 16:31:30.09382+00
74398,11.82,2026-03-10 16:32:28.477848+00
74399,12.61,2026-03-10 16:33:05.673566+00
74400,11.39,2026-03-10 16:34:39.02636+00
74401,11.36,2026-03-10 16:35:11.515718+00
74402,11.89,2026-03-10 16:36:30.257203+00
74403,11.64,2026-03-10 16:37:45.787756+00
74404,11.56,2026-03-10 16:38:11.375073+00
74405,13.11,2026-03-10 16:39:23.927155+00
74406,13.16,2026-03-10 16:40:31.663796+00
74407,12.55,2026-03-10 16:42:39.32471+00
74408,13.07,2026-03-10 16:43:15.335475+00
74409,12.6,2026-03-10 16:44:27.369403+00
74410,11.93,2026-03-10 16:45:48.339238+00
74411,12.4,2026-03-10 16:46:27.271462+00
74412,11.99,2026-03-10 16:47:38.174063+00
74413,12.37,2026-03-10 16:48:47.213098+00
74414,12.41,2026-03-10 16:49:08.32901+00
74415,11.85,2026-03-10 16:50:18.349773+00
74416,11.89,2026-03-10 16:51:08.018063+00
74417,11.69,2026-03-10 16:52:23.248236+00
74418,11.51,2026-03-10 16:53:10.389745+00
74419,12.15,2026-03-10 16:54:07.855056+00
74420,11.27,2026-03-10 16:55:38.894431+00
74421,11.63,2026-03-10 16:57:43.074924+00
74422,12.03,2026-03-10 16:58:33.47973+00
74423,12.17,2026-03-10 16:59:46.899146+00
74424,11.14,2026-03-10 17:00:23.315821+00
74425,12.89,2026-03-10 17:01:04.705141+00
74426,11.14,2026-03-10 17:02:19.515176+00
74427,12.79,2026-03-10 17:03:45.647177+00
74428,10.97,2026-03-10 17:04:07.432331+00
74429,12.81,2026-03-10 17:05:16.618636+00
74430,11.96,2026-03-10 17:06:43.591032+00
74431,11.04,2026-03-10 17:07:32.978113+00
74432,11.31,2026-03-10 17:08:41.154708+00
74433,12.24,2026-03-10 17:09:38.490738+00
74434,11.18,2026-03-10 17:11:49.987714+00
74435,12.55,2026-03-10 17:12:07.609685+00
74436,11.83,2026-03-10 17:13:34.179262+00
74437,12.22,2026-03-10 17:14:09.428922+00
74438,11.88,2026-03-10 17:15:46.739086+00
74439,11.09,2026-03-10 17:16:10.06195+00
74440,12.07,2026-03-10 17:17:18.685177+00
74441,11.36,2026-03-10 17:18:38.573824+00
74442,11.78,2026-03-10 17:19:29.243236+00
74443,11.81,2026-03-10 17:20:39.304106+00
74444,11.84,2026-03-10 17:21:31.289302+00
74445,11.35,2026-03-10 17:22:15.726848+00
74446,11.34,2026-03-10 17:23:28.524792+00
74447,11.46,2026-03-10 17:25:37.560012+00
74448,10.95,2026-03-10 17:26:33.434063+00
74449,12.19,2026-03-10 17:27:36.947686+00
74450,11.53,2026-03-10 17:28:07.103913+00
74451,11.59,2026-03-10 17:29:28.341109+00
74452,11.17,2026-03-10 17:30:12.234315+00
74453,11.39,2026-03-10 17:31:01.76284+00
74454,12.01,2026-03-10 17:32:48.508356+00
74455,11.62,2026-03-10 17:33:34.734443+00
74456,11.56,2026-03-10 17:34:15.709053+00
74457,11.63,2026-03-10 17:35:03.374983+00
74458,11.78,2026-03-10 17:36:30.867799+00
74459,11.58,2026-03-10 17:37:01.307433+00
74460,11.39,2026-03-10 17:39:05.741342+00
74461,10.57,2026-03-10 17:40:18.4214+00
74462,11.25,2026-03-10 17:41:20.056522+00
74463,12.05,2026-03-10 17:42:19.703814+00
74464,11.79,2026-03-10 17:43:44.580693+00
74465,10.49,2026-03-10 17:44:36.062261+00
74466,10.29,2026-03-10 17:45:45.884832+00
74467,11.36,2026-03-10 17:46:34.914011+00
74468,11.96,2026-03-10 17:47:14.696153+00
74469,11.29,2026-03-10 17:48:44.95893+00
74470,12.05,2026-03-10 17:49:44.398466+00
74471,11.09,2026-03-10 17:50:46.245938+00
74472,10.76,2026-03-10 17:51:24.595358+00
74473,10.95,2026-03-10 17:53:13.576111+00
74474,10.13,2026-03-10 17:54:48.349106+00
74475,11.74,2026-03-10 17:55:28.473361+00
74476,11.14,2026-03-10 17:56:00.969815+00
74477,10.77,2026-03-10 17:57:39.236312+00
74478,10.4,2026-03-10 17:58:21.960078+00
74479,10.68,2026-03-10 17:59:21.244617+00
74480,11.05,2026-03-10 18:00:01.999786+00
74481,10.2,2026-03-10 18:01:31.405988+00
74482,10.03,2026-03-10 18:02:41.51417+00
74483,10.79,2026-03-10 18:03:06.958377+00
74484,10.29,2026-03-10 18:04:25.943818+00
74485,10.54,2026-03-10 18:05:13.767531+00
74486,11.11,2026-03-10 18:06:17.265367+00
74487,10.21,2026-03-10 18:07:02.725102+00
74488,11.23,2026-03-10 18:09:10.606138+00
74489,11.89,2026-03-10 18:11:46.057523+00
74490,10.61,2026-03-10 18:12:16.025679+00
74491,11.63,2026-03-10 18:13:13.567353+00
74492,11.62,2026-03-10 18:14:07.531304+00
74493,9.91,2026-03-10 18:15:11.568978+00
74494,10.37,2026-03-10 18:16:31.384174+00
74495,11.74,2026-03-10 18:17:48.646279+00
74496,11.74,2026-03-10 18:18:47.11841+00
74497,11.03,2026-03-10 18:19:24.833513+00
74498,10.45,2026-03-10 18:20:10.951152+00
74499,10.83,2026-03-10 18:21:14.844669+00
74500,11.1,2026-03-10 18:22:07.552345+00
74501,10.74,2026-03-10 18:24:44.986667+00
74502,9.95,2026-03-10 18:25:48.825652+00
74503,10.15,2026-03-10 18:26:18.443199+00
74504,11.18,2026-03-10 18:27:14.552163+00
74505,10.99,2026-03-10 18:28:10.439541+00
74506,10.79,2026-03-10 18:29:08.045577+00
74507,9.93,2026-03-10 18:30:21.393932+00
74508,10.93,2026-03-10 18:31:43.581822+00
74509,10.37,2026-03-10 18:32:07.600457+00
74510,10.06,2026-03-10 18:33:39.690111+00
74511,11.14,2026-03-10 18:34:44.513093+00
74512,10.4,2026-03-10 18:35:20.9419+00
74513,10.08,2026-03-10 18:36:34.431527+00
74514,11.23,2026-03-10 18:38:44.823896+00
74515,10.05,2026-03-10 18:39:10.320551+00
74516,11.53,2026-03-10 18:40:42.235566+00
74517,10.82,2026-03-10 18:41:21.10989+00
74518,10.91,2026-03-10 18:42:48.801641+00
74519,10.71,2026-03-10 18:43:47.257493+00
74520,11.55,2026-03-10 18:44:42.428585+00
74521,10.6,2026-03-10 18:45:24.173472+00
74522,11.42,2026-03-10 18:46:24.275278+00
74523,11.67,2026-03-10 18:47:08.857256+00
74524,10.71,2026-03-10 18:48:04.335279+00
74525,10.15,2026-03-10 18:49:40.18343+00
74526,11.37,2026-03-10 18:50:32.542148+00
74527,11.03,2026-03-10 18:51:02.213658+00
74528,10.52,2026-03-10 18:53:05.818131+00
74529,9.9,2026-03-10 18:54:09.262884+00
74530,9.9,2026-03-10 18:55:02.407438+00
74531,11.58,2026-03-10 18:56:20.630139+00
74532,10.23,2026-03-10 18:57:15.748693+00
74533,10.56,2026-03-10 18:58:27.794919+00
74534,11.12,2026-03-10 18:59:21.08984+00
74535,10.63,2026-03-10 19:00:05.058976+00
74536,11.18,2026-03-10 19:01:39.129381+00
74537,10.51,2026-03-10 19:02:03.785627+00
74538,11,2026-03-10 19:03:48.921931+00
74539,11.43,2026-03-10 19:04:28.158984+00
74540,10.54,2026-03-10 19:05:12.094175+00
74541,10.19,2026-03-10 19:06:22.583423+00
74542,10.62,2026-03-10 19:08:31.724676+00
74543,10.8,2026-03-10 19:09:07.291838+00
74544,9.74,2026-03-10 19:10:01.54366+00
74545,11.22,2026-03-10 19:11:43.413966+00
74546,11.69,2026-03-10 19:12:00.088161+00
74547,11.17,2026-03-10 19:13:23.064376+00
74548,10.14,2026-03-10 19:14:28.546665+00
74549,10.02,2026-03-10 19:15:07.204296+00
74550,10.57,2026-03-10 19:16:25.86899+00
74551,10.7,2026-03-10 19:17:19.305136+00
74552,9.67,2026-03-10 19:18:09.885517+00
74553,11.54,2026-03-10 19:19:28.197288+00
74554,11.08,2026-03-10 19:21:24.920866+00
74555,10.72,2026-03-10 19:22:09.450461+00
74556,11.22,2026-03-10 19:23:43.742798+00
74557,10.8,2026-03-10 19:24:27.586133+00
74558,10.44,2026-03-10 19:25:48.721056+00
74559,9.81,2026-03-10 19:26:16.044044+00
74560,11.09,2026-03-10 19:27:06.454821+00
74561,10.61,2026-03-10 19:28:12.684656+00
74562,10.83,2026-03-10 19:29:17.765974+00
74563,10.2,2026-03-10 19:30:01.301111+00
74564,9.8,2026-03-10 19:31:39.193774+00
74565,10.18,2026-03-10 19:32:17.916505+00
74566,9.93,2026-03-10 19:33:24.163763+00
74567,10.27,2026-03-10 19:34:34.61423+00
74568,10.36,2026-03-10 19:36:37.070451+00
74569,10.35,2026-03-10 19:37:05.176332+00
74570,10.68,2026-03-10 19:38:01.671202+00
74571,9.89,2026-03-10 19:39:43.927379+00
74572,9.8,2026-03-10 19:40:23.945459+00
74573,10.93,2026-03-10 19:41:24.286949+00
74574,9.95,2026-03-10 19:42:40.38385+00
74575,10.22,2026-03-10 19:43:29.229733+00
74576,9.89,2026-03-10 19:44:38.612686+00
74577,9.97,2026-03-10 19:45:20.759739+00
74578,11.45,2026-03-10 19:46:05.890156+00
74579,10.34,2026-03-10 19:47:23.517453+00
74580,10.71,2026-03-10 19:49:04.25997+00
74581,10.67,2026-03-10 19:50:46.025211+00
74582,10.78,2026-03-10 19:51:21.840005+00
74583,11.51,2026-03-10 19:52:48.786871+00
74584,11.53,2026-03-10 19:53:33.393408+00
74585,11.44,2026-03-10 19:54:37.296395+00
74586,10.52,2026-03-10 19:55:30.885081+00
74587,9.81,2026-03-10 19:56:28.504504+00
74588,11.42,2026-03-10 19:57:22.328684+00
74589,9.6,2026-03-10 19:58:00.66317+00
74590,9.6,2026-03-10 19:59:26.156454+00
74591,10.47,2026-03-10 20:00:49.302667+00
74592,11.38,2026-03-10 20:01:47.345296+00
74593,11.2,2026-03-10 20:02:35.178411+00
74594,9.82,2026-03-10 20:04:21.449277+00
74595,10.63,2026-03-10 20:05:05.42214+00
74596,10.89,2026-03-10 20:06:11.64751+00
74597,9.87,2026-03-10 20:07:26.856823+00
74598,10.45,2026-03-10 20:08:46.23432+00
74599,10.83,2026-03-10 20:09:44.846004+00
74600,10.52,2026-03-10 20:10:42.769893+00
74601,10.52,2026-03-10 20:11:15.882351+00
74602,10.65,2026-03-10 20:12:23.1863+00
74603,10.48,2026-03-10 20:13:21.772082+00
74604,9.62,2026-03-10 20:14:45.09974+00
74605,11.03,2026-03-10 20:15:36.680492+00
74606,10.9,2026-03-10 20:16:47.979344+00
74607,10.33,2026-03-10 20:17:36.033363+00
74608,10.63,2026-03-10 20:19:24.019437+00
74609,10.11,2026-03-10 20:20:10.512843+00
74610,9.61,2026-03-10 20:21:01.830568+00
74611,10.43,2026-03-10 20:22:12.593229+00
74612,11.26,2026-03-10 20:23:09.478535+00
74613,10.1,2026-03-10 20:24:30.126782+00
74614,11.35,2026-03-10 20:25:20.916174+00
74615,11.05,2026-03-10 20:26:21.156172+00
74616,11.19,2026-03-10 20:27:27.3502+00
74617,9.88,2026-03-10 20:28:30.115029+00
74618,9.99,2026-03-10 20:29:08.621339+00
74619,9.73,2026-03-10 20:30:09.609605+00
74620,9.97,2026-03-10 20:31:06.824201+00
74621,10.46,2026-03-10 20:32:22.092168+00
74622,11.12,2026-03-10 20:34:07.583459+00
74623,11.41,2026-03-10 20:35:13.840821+00
74624,10.98,2026-03-10 20:36:08.396144+00
74625,10.42,2026-03-10 20:37:09.998631+00
74626,11.05,2026-03-10 20:38:02.582472+00
74627,11.28,2026-03-10 20:39:16.74328+00
74628,9.93,2026-03-10 20:40:04.319371+00
74629,11.24,2026-03-10 20:41:21.97051+00
74630,11.33,2026-03-10 20:42:03.668598+00
74631,10.78,2026-03-10 20:43:19.636244+00
74632,11.12,2026-03-10 20:44:37.248546+00
74633,10.59,2026-03-10 20:45:23.553568+00
74634,10.56,2026-03-10 20:46:44.642497+00
74635,10.2,2026-03-10 20:47:24.716587+00
74636,10.02,2026-03-10 20:48:07.10091+00
74637,9.96,2026-03-10 20:50:34.898158+00
74638,10.16,2026-03-10 20:51:21.735502+00
74639,11.76,2026-03-10 20:52:36.213813+00
74640,10.45,2026-03-10 20:53:48.540765+00
74641,11.72,2026-03-10 20:54:21.009719+00
74642,9.88,2026-03-10 20:55:09.511097+00
74643,10.49,2026-03-10 20:56:26.42168+00
74644,10.14,2026-03-10 20:57:14.297716+00
74645,10.08,2026-03-10 20:58:06.907864+00
74646,11.11,2026-03-10 20:59:02.848192+00
74647,10.43,2026-03-10 21:00:35.931301+00
74648,11.09,2026-03-10 21:01:28.855063+00
74649,11.77,2026-03-10 21:02:46.613725+00
74650,11.13,2026-03-10 21:04:38.176468+00
74651,11.02,2026-03-10 21:05:38.154777+00
74652,10.09,2026-03-10 21:06:19.514617+00
74653,11.67,2026-03-10 21:07:26.929356+00
74654,11.03,2026-03-10 21:08:00.522733+00
74655,10.45,2026-03-10 21:09:37.234366+00
74656,10.74,2026-03-10 21:10:47.919402+00
74657,10.63,2026-03-10 21:11:08.098339+00
74658,10.98,2026-03-10 21:12:28.667988+00
74659,11.04,2026-03-10 21:13:00.2014+00
74660,9.98,2026-03-10 21:14:06.601941+00
74661,11.43,2026-03-10 21:15:49.014466+00
74662,10.08,2026-03-10 21:16:47.981639+00
74663,10.12,2026-03-10 21:18:11.839625+00
74664,9.81,2026-03-10 21:19:25.328131+00
74665,9.95,2026-03-10 21:20:04.917846+00
74666,10.54,2026-03-10 21:21:25.090465+00
74667,11.49,2026-03-10 21:22:30.373874+00
74668,10.19,2026-03-10 21:23:25.397606+00
74669,10.61,2026-03-10 21:24:07.568811+00
74670,11.43,2026-03-10 21:26:30.042798+00
74671,11.4,2026-03-10 21:27:31.983857+00
74672,10.35,2026-03-10 21:28:19.986725+00
74673,10.42,2026-03-10 21:30:45.789117+00
74674,11.08,2026-03-10 21:31:06.133772+00
74675,11.68,2026-03-10 21:32:26.005692+00
74676,10.55,2026-03-10 21:33:22.836106+00
74677,11.76,2026-03-10 21:34:18.507038+00
74678,11.33,2026-03-10 21:35:28.242163+00
74679,11.49,2026-03-10 21:36:14.819986+00
74680,10.09,2026-03-10 21:37:13.426902+00
74681,10.43,2026-03-10 21:38:48.370761+00
74682,9.94,2026-03-10 21:39:40.680898+00
74683,9.91,2026-03-10 21:40:34.089159+00
74684,9.98,2026-03-10 21:41:27.50823+00
74685,10.55,2026-03-10 21:43:18.382463+00
74686,11.6,2026-03-10 21:44:00.892665+00
74687,10.5,2026-03-10 21:45:10.885666+00
74688,10.3,2026-03-10 21:46:20.488723+00
74689,10.04,2026-03-10 21:47:28.173188+00
74690,11.29,2026-03-10 21:48:12.40447+00
74691,10.53,2026-03-10 21:49:02.201944+00
74692,10.72,2026-03-10 21:50:25.692494+00
74693,10.75,2026-03-10 21:51:00.317748+00
74694,10.44,2026-03-10 21:52:09.143119+00
74695,10.2,2026-03-10 21:53:00.449666+00
74696,11.15,2026-03-10 21:54:21.618647+00
74697,11.16,2026-03-10 21:55:18.988383+00
74698,9.85,2026-03-10 21:56:25.794185+00
74699,10.72,2026-03-10 21:58:35.389143+00
74700,11,2026-03-10 21:59:17.987372+00
74701,11.46,2026-03-10 22:00:06.937996+00
74702,10.28,2026-03-10 22:01:25.381221+00
74703,11.04,2026-03-10 22:02:00.452325+00
74704,11.56,2026-03-10 22:03:30.612527+00
74705,10.91,2026-03-10 22:04:32.178775+00
74706,11.26,2026-03-10 22:05:16.026936+00
74707,9.8,2026-03-10 22:06:25.017849+00
74708,10.32,2026-03-10 22:07:00.253931+00
74709,10.6,2026-03-10 22:08:10.897816+00
74710,11.64,2026-03-10 22:09:26.980134+00
74711,10.42,2026-03-10 22:10:33.096325+00
74712,10,2026-03-10 22:11:13.990917+00
74713,9.92,2026-03-10 22:13:34.684074+00
74714,10.63,2026-03-10 22:14:12.83826+00
74715,10.47,2026-03-10 22:15:03.408301+00
74716,10.79,2026-03-10 22:16:40.007272+00
74717,10.34,2026-03-10 22:17:24.993072+00
74718,10.54,2026-03-10 22:18:08.248215+00
74719,10.26,2026-03-10 22:19:26.386951+00
74720,10.64,2026-03-10 22:20:08.454495+00
74721,9.98,2026-03-10 22:21:39.123815+00
74722,10.3,2026-03-10 22:22:22.700492+00
74723,11.48,2026-03-10 22:23:44.702887+00
74724,11.57,2026-03-10 22:24:21.245541+00
74725,10.74,2026-03-10 22:25:48.998988+00
74726,11.47,2026-03-10 22:26:24.60278+00
74727,10.73,2026-03-10 22:27:22.525732+00
74728,10.38,2026-03-10 22:29:05.555373+00
74729,10.68,2026-03-10 22:30:19.964015+00
74730,10.39,2026-03-10 22:31:30.237472+00
74731,11.27,2026-03-10 22:32:33.493114+00
74732,11.26,2026-03-10 22:33:05.730485+00
74733,11.46,2026-03-10 22:34:08.350544+00
74734,11.18,2026-03-10 22:35:45.63474+00
74735,10.42,2026-03-10 22:36:38.986388+00
74736,11.38,2026-03-10 22:37:38.619118+00
74737,9.9,2026-03-10 22:38:27.372262+00
74738,11.01,2026-03-10 22:39:34.757705+00
74739,10.73,2026-03-10 22:40:49.229223+00
74740,10.31,2026-03-10 22:41:33.931946+00
74741,9.99,2026-03-10 22:43:41.052969+00
74742,11.27,2026-03-10 22:44:30.495232+00
74743,11.02,2026-03-10 22:45:29.679103+00
74744,10.88,2026-03-10 22:46:11.370864+00
74745,10.83,2026-03-10 22:47:38.396248+00
74746,10.45,2026-03-10 22:48:33.169121+00
74747,11.19,2026-03-10 22:49:40.475471+00
74748,9.89,2026-03-10 22:50:37.631978+00
74749,10.2,2026-03-10 22:51:41.752688+00
74750,10.88,2026-03-10 22:52:21.309449+00
74751,11.45,2026-03-10 22:53:44.51577+00
74752,10.31,2026-03-10 22:54:14.556591+00
74753,10.68,2026-03-10 22:55:40.797586+00
74754,9.65,2026-03-10 22:56:27.102111+00
74755,11.39,2026-03-10 22:58:26.801088+00
74756,9.54,2026-03-10 22:59:48.57968+00
74757,10.81,2026-03-10 23:00:30.782231+00
74758,10.56,2026-03-10 23:01:19.277129+00
74759,9.92,2026-03-10 23:02:00.727362+00
74760,9.85,2026-03-10 23:03:47.237625+00
74761,10.93,2026-03-10 23:04:28.747585+00
74762,9.9,2026-03-10 23:05:36.882193+00
74763,11.13,2026-03-10 23:06:44.476522+00
74764,10.66,2026-03-10 23:07:41.057039+00
74765,11.23,2026-03-10 23:08:11.861671+00
74766,11.17,2026-03-10 23:09:27.215196+00
74767,10.06,2026-03-10 23:10:16.969069+00
74768,11.32,2026-03-10 23:11:00.384886+00
74769,10.98,2026-03-10 23:12:09.707387+00
74770,9.41,2026-03-10 23:13:34.535213+00
74771,10.49,2026-03-10 23:14:24.538011+00
74772,10.81,2026-03-10 23:16:07.587195+00
74773,9.49,2026-03-10 23:17:23.869425+00
74774,9.62,2026-03-10 23:18:45.545424+00
74775,11.26,2026-03-10 23:19:43.787798+00
74776,9.39,2026-03-10 23:20:35.677639+00
74777,10.57,2026-03-10 23:21:20.983322+00
74778,10.92,2026-03-10 23:22:15.620934+00
74779,10.16,2026-03-10 23:23:26.232364+00
74780,10.36,2026-03-10 23:24:38.596778+00
74781,10.59,2026-03-10 23:25:37.151627+00
74782,10.28,2026-03-10 23:26:17.388873+00
74783,11.05,2026-03-10 23:27:44.116744+00
74784,11,2026-03-10 23:28:40.547971+00
74785,11.08,2026-03-10 23:29:33.590626+00
74786,10.28,2026-03-10 23:31:25.019172+00
74787,10.03,2026-03-10 23:32:09.226586+00
74788,11.06,2026-03-10 23:33:17.030007+00
74789,11.16,2026-03-10 23:34:05.400323+00
74790,10.36,2026-03-10 23:35:36.888165+00
74791,10.8,2026-03-10 23:36:09.315017+00
74792,10.63,2026-03-10 23:37:00.606036+00
74793,11.14,2026-03-10 23:38:35.754936+00
74794,9.24,2026-03-10 23:39:28.204905+00
74795,10.63,2026-03-10 23:40:43.567855+00
74796,9.89,2026-03-10 23:41:49.911213+00
74797,10.73,2026-03-10 23:42:39.771352+00
74798,10.11,2026-03-10 23:43:42.075994+00
74799,10.15,2026-03-10 23:44:27.615964+00
74800,10.68,2026-03-10 23:46:19.309274+00
74801,10.82,2026-03-10 23:47:10.198174+00
74802,10.85,2026-03-10 23:48:33.752717+00
74803,10.23,2026-03-10 23:49:17.891281+00
74804,9.88,2026-03-10 23:50:14.603204+00
74805,9.74,2026-03-10 23:51:21.998737+00
74806,10.08,2026-03-10 23:52:47.157697+00
74807,9.96,2026-03-10 23:53:42.751219+00
74808,11.03,2026-03-10 23:54:38.807664+00
74809,10.24,2026-03-10 23:55:20.437767+00
74810,9.21,2026-03-10 23:56:21.276045+00
74811,9.23,2026-03-10 23:57:46.504201+00
74812,11.07,2026-03-10 23:58:07.520155+00
74813,9.92,2026-03-10 23:59:19.695769+00
74814,10.61,2026-03-11 00:00:04.927789+00
74815,10.46,2026-03-11 00:02:30.465891+00
74816,9.3,2026-03-11 00:03:08.164076+00
74817,9.7,2026-03-11 00:04:23.047867+00
74818,10.01,2026-03-11 00:05:06.016781+00
74819,10.78,2026-03-11 00:06:48.285239+00
74820,10.17,2026-03-11 00:07:40.956603+00
74821,10.94,2026-03-11 00:08:21.788429+00
74822,10.52,2026-03-11 00:09:43.260291+00
74823,9.25,2026-03-11 00:10:40.531354+00
74824,10.89,2026-03-11 00:11:08.452597+00
74825,9.47,2026-03-11 00:12:04.12243+00
74826,10.11,2026-03-11 00:13:23.84743+00
74827,9.97,2026-03-11 00:14:46.93529+00
74828,10.5,2026-03-11 00:15:30.445371+00
74829,9.01,2026-03-11 00:17:47.227968+00
74830,9.64,2026-03-11 00:18:33.418858+00
74831,9.33,2026-03-11 00:19:25.298366+00
74832,9.75,2026-03-11 00:20:34.507176+00
74833,9.92,2026-03-11 00:21:48.40648+00
74834,9.26,2026-03-11 00:22:49.149824+00
74835,9.8,2026-03-11 00:23:28.295732+00
74836,10.2,2026-03-11 00:24:32.042891+00
74837,9.15,2026-03-11 00:25:42.517247+00
74838,10.4,2026-03-11 00:26:16.780261+00
74839,9.74,2026-03-11 00:27:33.869309+00
74840,9.87,2026-03-11 00:28:44.47245+00
74841,9.41,2026-03-11 00:29:14.608445+00
74842,10.47,2026-03-11 00:30:17.413262+00
74843,9.8,2026-03-11 00:32:26.018178+00
74844,10.84,2026-03-11 00:33:46.053977+00
74845,10.69,2026-03-11 00:34:36.267402+00
74846,9.96,2026-03-11 00:35:48.716108+00
74847,9.22,2026-03-11 00:36:00.604559+00
74848,9.18,2026-03-11 00:37:34.854886+00
74849,10.88,2026-03-11 00:38:39.823359+00
74850,9.14,2026-03-11 00:39:12.749773+00
74851,10.32,2026-03-11 00:40:36.532057+00
74852,9.52,2026-03-11 00:41:49.279208+00
74853,10.89,2026-03-11 00:42:11.62223+00
74854,10.11,2026-03-11 00:43:38.679574+00
74855,10.75,2026-03-11 00:44:05.111285+00
74856,10.82,2026-03-11 00:45:03.508245+00
74857,9.23,2026-03-11 00:47:17.387103+00
74858,9.88,2026-03-11 00:48:20.819729+00
74859,10.17,2026-03-11 00:49:18.145647+00
74860,10.88,2026-03-11 00:50:41.119928+00
74861,8.99,2026-03-11 00:51:15.705801+00
74862,10.51,2026-03-11 00:52:03.078104+00
74863,9.81,2026-03-11 00:53:24.614036+00
74864,9.75,2026-03-11 00:54:48.819905+00
74865,9.42,2026-03-11 00:55:05.194703+00
74866,9.52,2026-03-11 00:56:23.980423+00
74867,9.89,2026-03-11 00:57:30.9513+00
74868,9.59,2026-03-11 00:58:24.024462+00
74869,9.69,2026-03-11 00:59:09.639206+00
74870,10.69,2026-03-11 01:00:32.28132+00
74871,9.13,2026-03-11 01:01:25.995774+00
74872,10.39,2026-03-11 01:03:40.060962+00
74873,9.38,2026-03-11 01:04:01.850323+00
74874,9.08,2026-03-11 01:05:03.46268+00
74875,9.86,2026-03-11 01:06:18.927891+00
74876,8.96,2026-03-11 01:07:16.8045+00
74877,10.27,2026-03-11 01:08:17.300824+00
74878,10.68,2026-03-11 01:09:26.112496+00
74879,9.54,2026-03-11 01:10:16.982549+00
74880,8.8,2026-03-11 01:11:30.171599+00
74881,10.35,2026-03-11 01:12:11.062373+00
74882,10.16,2026-03-11 01:13:22.255983+00
74883,9.37,2026-03-11 01:14:36.015341+00
74884,10.27,2026-03-11 01:15:19.562364+00
74885,10.04,2026-03-11 01:17:49.220661+00
74886,9.02,2026-03-11 01:18:27.083064+00
74887,9.24,2026-03-11 01:19:24.822515+00
74888,10.61,2026-03-11 01:20:27.985825+00
74889,10.74,2026-03-11 01:21:40.602085+00
74890,9.87,2026-03-11 01:22:17.828108+00
74891,10.27,2026-03-11 01:23:35.81615+00
74892,9.16,2026-03-11 01:24:14.885802+00
74893,8.96,2026-03-11 01:25:10.207102+00
74894,8.88,2026-03-11 01:26:12.032443+00
74895,8.96,2026-03-11 01:27:12.168013+00
74896,8.89,2026-03-11 01:28:25.395244+00
74897,9.7,2026-03-11 01:29:34.16406+00
74898,9.92,2026-03-11 01:30:15.616044+00
74899,9.41,2026-03-11 01:32:46.771642+00
74900,8.84,2026-03-11 01:33:25.521844+00
74901,8.87,2026-03-11 01:34:36.502701+00
74902,8.74,2026-03-11 01:35:19.335341+00
74903,8.85,2026-03-11 01:36:49.385094+00
74904,10.63,2026-03-11 01:37:30.182369+00
74905,10.03,2026-03-11 01:38:13.224058+00
74906,9.92,2026-03-11 01:39:19.066093+00
74907,10.32,2026-03-11 01:40:35.577064+00
74908,9.06,2026-03-11 01:41:48.634905+00
74909,9.18,2026-03-11 01:42:21.027971+00
74910,9.83,2026-03-11 01:43:24.20998+00
74911,9.91,2026-03-11 01:44:20.731357+00
74912,9.74,2026-03-11 01:45:21.324844+00
74913,10.44,2026-03-11 01:47:32.001693+00
74914,8.97,2026-03-11 01:48:39.535148+00
74915,10.24,2026-03-11 01:49:42.434482+00
74916,8.57,2026-03-11 01:50:39.636976+00
74917,9.49,2026-03-11 01:51:32.954943+00
74918,10.24,2026-03-11 01:52:14.79387+00
74919,9.46,2026-03-11 01:53:15.130667+00
74920,8.78,2026-03-11 01:54:10.937723+00
74921,9.85,2026-03-11 01:55:07.053382+00
74922,10.1,2026-03-11 01:56:17.951671+00
74923,9.52,2026-03-11 01:57:27.717072+00
74924,9.76,2026-03-11 01:58:47.861954+00
74925,10,2026-03-11 01:59:05.705834+00
74926,8.86,2026-03-11 02:00:24.542939+00
74927,10.18,2026-03-11 02:01:00.80927+00
74928,10.03,2026-03-11 02:03:37.179033+00
74929,9.88,2026-03-11 02:04:17.807301+00
74930,10.16,2026-03-11 02:05:39.78952+00
74931,9.27,2026-03-11 02:06:27.945167+00
74932,8.64,2026-03-11 02:07:48.137298+00
74933,10.15,2026-03-11 02:08:38.954406+00
74934,9.66,2026-03-11 02:09:26.793066+00
74935,9.42,2026-03-11 02:10:02.504711+00
74936,8.58,2026-03-11 02:11:08.318111+00
74937,10.49,2026-03-11 02:12:28.890646+00
74938,9.98,2026-03-11 02:13:38.375657+00
74939,9.67,2026-03-11 02:14:37.079449+00
74940,10.41,2026-03-11 02:15:06.04968+00
74941,8.92,2026-03-11 02:16:40.195117+00
74942,9.8,2026-03-11 02:18:01.36763+00
74943,9.12,2026-03-11 02:19:27.676843+00
74944,9.75,2026-03-11 02:20:42.22525+00
74945,9.24,2026-03-11 02:21:05.276729+00
74946,9.63,2026-03-11 02:22:42.253063+00
74947,8.64,2026-03-11 02:23:06.323479+00
74948,8.69,2026-03-11 02:24:06.437421+00
74949,10.46,2026-03-11 02:25:16.623906+00
74950,9.66,2026-03-11 02:26:48.172129+00
74951,9.41,2026-03-11 02:27:01.791765+00
74952,9.86,2026-03-11 02:28:34.717246+00
74953,9.83,2026-03-11 02:29:46.533968+00
74954,9.06,2026-03-11 02:30:11.456599+00
74955,8.82,2026-03-11 02:31:10.230983+00
74956,8.75,2026-03-11 02:33:12.172847+00
74957,10.35,2026-03-11 02:34:26.425695+00
74958,9.47,2026-03-11 02:35:16.372894+00
74959,8.64,2026-03-11 02:36:20.471312+00
74960,10.4,2026-03-11 02:37:02.17337+00
74961,9.66,2026-03-11 02:38:08.285886+00
74962,9.57,2026-03-11 02:39:21.110309+00
74963,9.01,2026-03-11 02:40:09.066506+00
74964,9.81,2026-03-11 02:41:30.604027+00
74965,10.17,2026-03-11 02:42:09.76396+00
74966,10.01,2026-03-11 02:43:33.463647+00
74967,9.75,2026-03-11 02:44:42.518171+00
74968,8.62,2026-03-11 02:45:38.232635+00
74969,9.2,2026-03-11 02:46:23.155518+00
74970,8.87,2026-03-11 02:48:45.48714+00
74971,9.48,2026-03-11 02:49:42.795695+00
74972,9.65,2026-03-11 02:50:38.431142+00
74973,9.34,2026-03-11 02:51:09.325364+00
74974,9.58,2026-03-11 02:52:05.782729+00
74975,9.17,2026-03-11 02:53:29.765913+00
74976,8.9,2026-03-11 02:54:19.588319+00
74977,9.57,2026-03-11 02:55:23.784015+00
74978,8.8,2026-03-11 02:56:43.174163+00
74979,10.03,2026-03-11 02:57:33.789284+00
74980,9.03,2026-03-11 02:58:23.74404+00
74981,10.37,2026-03-11 02:59:42.988995+00
74982,9.65,2026-03-11 03:00:00.334548+00
74983,10.42,2026-03-11 03:01:21.6177+00
74984,8.74,2026-03-11 03:03:45.927351+00
74985,8.68,2026-03-11 03:04:36.488856+00
74986,9.41,2026-03-11 03:05:09.982016+00
74987,9.68,2026-03-11 03:06:15.950105+00
74988,8.87,2026-03-11 03:07:32.491418+00
74989,9.14,2026-03-11 03:08:16.926995+00
74990,8.99,2026-03-11 03:09:19.770173+00
74991,10.1,2026-03-11 03:10:15.058414+00
74992,9.13,2026-03-11 03:11:35.322514+00
74993,10.24,2026-03-11 03:12:37.195021+00
74994,9.93,2026-03-11 03:13:13.92705+00
74995,9.32,2026-03-11 03:14:43.984768+00
74996,10.26,2026-03-11 03:15:35.04136+00
74997,10.12,2026-03-11 03:16:38.851489+00
74998,9.68,2026-03-11 03:17:26.113491+00
74999,10.31,2026-03-11 03:19:07.021667+00
75000,10.43,2026-03-11 03:20:07.482417+00
75001,10.6,2026-03-11 03:21:10.847606+00
75002,8.92,2026-03-11 03:22:44.998321+00
75003,10.16,2026-03-11 03:23:26.523972+00
75004,8.76,2026-03-11 03:24:05.485639+00
75005,9.65,2026-03-11 03:25:41.049336+00
75006,10.57,2026-03-11 03:26:41.025318+00
75007,10.38,2026-03-11 03:27:25.444425+00
75008,9.29,2026-03-11 03:28:11.286884+00
75009,10.63,2026-03-11 03:29:18.508798+00
75010,8.83,2026-03-11 03:30:36.102643+00
75011,9.6,2026-03-11 03:31:17.093332+00
75012,9.11,2026-03-11 03:32:14.862613+00
75013,10.79,2026-03-11 03:34:44.703974+00
75014,9.78,2026-03-11 03:35:04.691235+00
75015,10.03,2026-03-11 03:36:20.05235+00
75016,9.32,2026-03-11 03:37:29.61502+00
75017,10.4,2026-03-11 03:38:20.004661+00
75018,10.1,2026-03-11 03:39:03.269271+00
75019,9.2,2026-03-11 03:40:33.340399+00
75020,8.86,2026-03-11 03:41:34.46989+00
75021,10.78,2026-03-11 03:42:48.534189+00
75022,9.27,2026-03-11 03:43:03.663317+00
75023,10.72,2026-03-11 03:44:47.480728+00
75024,10.37,2026-03-11 03:45:14.737317+00
75025,9.51,2026-03-11 03:46:11.769432+00
75026,8.9,2026-03-11 03:47:05.343542+00
75027,9.17,2026-03-11 03:49:46.596983+00
75028,10.66,2026-03-11 03:50:21.510805+00
75029,10.55,2026-03-11 03:51:30.79292+00
75030,9.4,2026-03-11 03:52:13.951664+00
75031,10.33,2026-03-11 03:53:33.246433+00
75032,9.96,2026-03-11 03:54:23.097307+00
75033,9.79,2026-03-11 03:55:06.105825+00
75034,10.79,2026-03-11 03:56:38.182354+00
75035,9.81,2026-03-11 03:57:49.51005+00
75036,10.33,2026-03-11 03:58:47.312109+00
75037,10.02,2026-03-11 03:59:18.889506+00
75038,9.48,2026-03-11 04:00:26.922494+00
75039,10.2,2026-03-11 04:01:23.100303+00
75040,9.63,2026-03-11 04:02:16.73815+00
75041,10.89,2026-03-11 04:04:14.739833+00
75042,9.81,2026-03-11 04:05:49.857613+00
75043,10.17,2026-03-11 04:06:30.25271+00
75044,9.95,2026-03-11 04:07:28.371468+00
75045,9.57,2026-03-11 04:08:27.565552+00
75046,9.09,2026-03-11 04:09:45.019141+00
75047,8.96,2026-03-11 04:10:12.875911+00
75048,9.22,2026-03-11 04:11:01.496407+00
75049,9.63,2026-03-11 04:12:47.550136+00
75050,9.7,2026-03-11 04:13:24.099169+00
75051,10.62,2026-03-11 04:14:43.825658+00
75052,10.54,2026-03-11 04:15:36.354193+00
75053,9.38,2026-03-11 04:16:06.335442+00
75054,9.79,2026-03-11 04:17:23.489727+00
75055,9.76,2026-03-11 04:19:36.235301+00
75056,10.22,2026-03-11 04:20:02.787361+00
75057,10.44,2026-03-11 04:21:17.543361+00
75058,10.29,2026-03-11 04:22:48.689585+00
75059,10.63,2026-03-11 04:23:32.773278+00
75060,9.74,2026-03-11 04:24:13.292757+00
75061,10.52,2026-03-11 04:25:47.386205+00
75062,9.63,2026-03-11 04:26:17.510046+00
75063,10.58,2026-03-11 04:27:33.110287+00
75064,9.64,2026-03-11 04:28:22.473573+00
75065,10.74,2026-03-11 04:29:44.678254+00
75066,9.33,2026-03-11 04:30:49.001542+00
75067,9.67,2026-03-11 04:31:12.910374+00
75068,10.28,2026-03-11 04:32:03.172811+00
75069,9.16,2026-03-11 04:34:34.78619+00
75070,10.05,2026-03-11 04:35:46.244464+00
75071,10.81,2026-03-11 04:36:26.555812+00
75072,10.66,2026-03-11 04:37:41.23664+00
75073,10.33,2026-03-11 04:38:48.869101+00
75074,10.74,2026-03-11 04:39:35.499041+00
75075,10.16,2026-03-11 04:40:16.944796+00
75076,9.31,2026-03-11 04:41:23.265567+00
75077,9.22,2026-03-11 04:42:17.518017+00
75078,10.6,2026-03-11 04:43:38.144273+00
75079,10.19,2026-03-11 04:44:46.626531+00
75080,10.8,2026-03-11 04:45:13.18244+00
75081,10.33,2026-03-11 04:46:15.029086+00
75082,10.99,2026-03-11 04:48:00.441847+00
75083,10.77,2026-03-11 04:49:28.879611+00
75084,10.45,2026-03-11 04:50:41.396887+00
75085,9.85,2026-03-11 04:51:12.701473+00
75086,10.7,2026-03-11 04:52:39.144576+00
75087,11.04,2026-03-11 04:53:06.028278+00
75088,9.4,2026-03-11 04:54:03.001853+00
75089,9.71,2026-03-11 04:55:09.660886+00
75090,9.34,2026-03-11 04:56:43.985274+00
75091,10.04,2026-03-11 04:57:49.685802+00
75092,10.8,2026-03-11 04:58:42.037378+00
75093,9.42,2026-03-11 04:59:23.52463+00
75094,9.71,2026-03-11 05:00:14.882877+00
75095,10.19,2026-03-11 05:01:06.905154+00
75096,10.8,2026-03-11 05:02:29.946595+00
75097,10.32,2026-03-11 05:04:05.244539+00
75098,9.71,2026-03-11 05:05:46.646652+00
75099,10.44,2026-03-11 05:06:02.969873+00
75100,10.49,2026-03-11 05:07:27.971046+00
75101,10.36,2026-03-11 05:08:03.45216+00
75102,9.38,2026-03-11 05:09:30.319609+00
75103,10.19,2026-03-11 05:10:25.59494+00
75104,9.43,2026-03-11 05:11:04.621162+00
75105,10.84,2026-03-11 05:12:00.669242+00
75106,9.84,2026-03-11 05:13:00.043851+00
75107,10.67,2026-03-11 05:14:08.574015+00
75108,11.22,2026-03-11 05:15:15.835097+00
75109,10.51,2026-03-11 05:16:42.247053+00
75110,11.03,2026-03-11 05:17:26.462918+00
75111,9.83,2026-03-11 05:18:03.288509+00
75112,10.3,2026-03-11 05:20:30.515285+00
75113,10.33,2026-03-11 05:21:31.340573+00
75114,10.1,2026-03-11 05:22:26.73686+00
75115,10.46,2026-03-11 05:23:31.846913+00
75116,10.1,2026-03-11 05:24:01.763914+00
75117,9.51,2026-03-11 05:25:19.560856+00
75118,9.74,2026-03-11 05:26:49.44247+00
75119,10.52,2026-03-11 05:27:05.707557+00
75120,9.39,2026-03-11 05:28:18.499372+00
75121,10.91,2026-03-11 05:29:28.436541+00
75122,10.91,2026-03-11 05:30:42.836379+00
75123,10.3,2026-03-11 05:31:42.208685+00
75124,9.61,2026-03-11 05:32:18.680392+00
75125,9.44,2026-03-11 05:34:26.594367+00
75126,11.07,2026-03-11 05:35:24.804702+00
75127,11.14,2026-03-11 05:36:19.363824+00
75128,10.32,2026-03-11 05:37:34.979525+00
75129,9.45,2026-03-11 05:38:26.561154+00
75130,10.75,2026-03-11 05:39:30.360333+00
75131,10.64,2026-03-11 05:40:08.52089+00
75132,10.73,2026-03-11 05:41:00.878508+00
75133,10.03,2026-03-11 05:42:28.168831+00
75134,10.27,2026-03-11 05:43:40.760002+00
75135,11.06,2026-03-11 05:44:31.65092+00
75136,11.26,2026-03-11 05:45:16.883855+00
75137,10.11,2026-03-11 05:46:16.954113+00
75138,10.27,2026-03-11 05:47:08.069864+00
75139,10.32,2026-03-11 05:49:45.46529+00
75140,10.77,2026-03-11 05:50:13.829138+00
75141,9.93,2026-03-11 05:51:08.434049+00
75142,11.31,2026-03-11 05:52:27.964207+00
75143,9.72,2026-03-11 05:53:10.081567+00
75144,9.81,2026-03-11 05:54:07.02984+00
75145,10.74,2026-03-11 05:55:49.778312+00
75146,10.67,2026-03-11 05:56:21.376439+00
75147,9.65,2026-03-11 05:57:33.100311+00
75148,10.73,2026-03-11 05:58:41.912954+00
75149,10.5,2026-03-11 05:59:39.720557+00
75150,10.1,2026-03-11 06:00:09.822173+00
75151,10.12,2026-03-11 06:01:43.017772+00
75152,10.03,2026-03-11 06:02:07.259032+00
75153,10.32,2026-03-11 06:04:39.709808+00
75154,10.8,2026-03-11 06:05:13.16778+00
75155,11.25,2026-03-11 06:06:09.174105+00
75156,9.95,2026-03-11 06:07:15.696527+00
75157,10.27,2026-03-11 06:08:45.72292+00
75158,9.78,2026-03-11 06:09:14.167865+00
75159,10.64,2026-03-11 06:10:28.63276+00
75160,11.2,2026-03-11 06:11:29.290072+00
75161,10.75,2026-03-11 06:12:06.302939+00
75162,10.12,2026-03-11 06:13:31.893667+00
75163,9.93,2026-03-11 06:14:45.084484+00
75164,10.97,2026-03-11 06:15:05.827187+00
75165,10.4,2026-03-11 06:16:03.991347+00
75166,10.68,2026-03-11 06:17:35.162112+00
75167,10.75,2026-03-11 06:18:21.416632+00
75168,10.8,2026-03-11 06:20:11.342992+00
75169,10.82,2026-03-11 06:21:42.382893+00
75170,10.2,2026-03-11 06:22:00.839558+00
75171,10.27,2026-03-11 06:23:09.94043+00
75172,10.07,2026-03-11 06:24:20.060326+00
75173,9.69,2026-03-11 06:25:02.0441+00
75174,11.19,2026-03-11 06:26:09.195284+00
75175,9.42,2026-03-11 06:27:20.306163+00
75176,9.5,2026-03-11 06:28:20.645755+00
75177,10.94,2026-03-11 06:29:45.471415+00
75178,9.34,2026-03-11 06:30:10.609836+00
75179,9.81,2026-03-11 06:31:35.938401+00
75180,10.59,2026-03-11 06:33:29.522224+00
75181,9.03,2026-03-11 06:34:43.790867+00
75182,9.25,2026-03-11 06:35:04.65824+00
75183,9.12,2026-03-11 06:36:20.958248+00
75184,10.6,2026-03-11 06:37:04.9475+00
75185,10.79,2026-03-11 06:38:35.273328+00
75186,9.98,2026-03-11 06:39:24.286923+00
75187,9.19,2026-03-11 06:40:03.128347+00
75188,9.32,2026-03-11 06:41:14.26435+00
75189,10.82,2026-03-11 06:42:49.769077+00
75190,9.09,2026-03-11 06:43:31.971725+00
75191,10.65,2026-03-11 06:44:31.649355+00
75192,10.15,2026-03-11 06:45:16.007082+00
75193,9.2,2026-03-11 06:46:29.160646+00
75194,9.34,2026-03-11 06:48:30.470988+00
75195,9.84,2026-03-11 06:49:48.373601+00
75196,8.94,2026-03-11 06:50:00.984124+00
75197,9.15,2026-03-11 06:51:01.500529+00
75198,10.6,2026-03-11 06:52:46.637785+00
75199,9.12,2026-03-11 06:53:37.047673+00
75200,8.91,2026-03-11 06:54:18.872255+00
75201,9.78,2026-03-11 06:55:29.339914+00
75202,9.97,2026-03-11 06:56:32.387923+00
75203,9.88,2026-03-11 06:57:15.519515+00
75204,9.16,2026-03-11 06:58:38.059246+00
75205,10.01,2026-03-11 06:59:48.09748+00
75206,8.73,2026-03-11 07:00:20.787514+00
75207,10.26,2026-03-11 07:01:09.526058+00
75208,9.73,2026-03-11 07:02:49.225108+00
75209,8.99,2026-03-11 07:04:45.839068+00
75210,9.03,2026-03-11 07:05:05.958763+00
75211,9.29,2026-03-11 07:06:08.809348+00
75212,10.17,2026-03-11 07:07:20.858132+00
75213,8.53,2026-03-11 07:08:14.052983+00
75214,9.21,2026-03-11 07:09:41.756031+00
75215,9.81,2026-03-11 07:10:24.365829+00
75216,9.04,2026-03-11 07:11:01.586555+00
75217,9.34,2026-03-11 07:12:44.48288+00
75218,9.16,2026-03-11 07:13:08.728563+00
75219,8.72,2026-03-11 07:14:10.329533+00
75220,10.1,2026-03-11 07:15:22.486923+00
75221,9.73,2026-03-11 07:16:06.858775+00
75222,10.07,2026-03-11 07:18:14.227139+00
75223,8.63,2026-03-11 07:19:00.088666+00
75224,9.37,2026-03-11 07:20:24.57967+00
75225,8.83,2026-03-11 07:21:04.44937+00
75226,9.63,2026-03-11 07:22:28.469555+00
75227,9.78,2026-03-11 07:23:25.885542+00
75228,9.55,2026-03-11 07:24:07.977109+00
75229,8.44,2026-03-11 07:25:26.841631+00
75230,8.99,2026-03-11 07:26:36.46424+00
75231,9.4,2026-03-11 07:27:22.38701+00
75232,9.75,2026-03-11 07:28:11.553465+00
75233,9.9,2026-03-11 07:29:42.750791+00
75234,8.93,2026-03-11 07:30:44.891665+00
75235,9.37,2026-03-11 07:32:46.784957+00
75236,10.18,2026-03-11 07:33:29.726488+00
75237,9.02,2026-03-11 07:34:44.151367+00
75238,10.08,2026-03-11 07:35:22.392595+00
75239,9.04,2026-03-11 07:36:07.881596+00
75240,9.13,2026-03-11 07:37:30.492633+00
75241,9.46,2026-03-11 07:38:34.277988+00
75242,10,2026-03-11 07:39:37.013461+00
75243,10.18,2026-03-11 07:40:21.165198+00
75244,8.95,2026-03-11 07:41:02.520356+00
75245,9.49,2026-03-11 07:42:48.722485+00
75246,8.65,2026-03-11 07:43:11.798354+00
75247,10.12,2026-03-11 07:45:08.963916+00
75248,9.32,2026-03-11 07:46:45.289613+00
75249,9.83,2026-03-11 07:47:21.535254+00
75250,10.25,2026-03-11 07:48:48.453952+00
75251,10.18,2026-03-11 07:49:46.698376+00
75252,10.25,2026-03-11 07:50:39.757456+00
75253,8.74,2026-03-11 07:51:32.704075+00
75254,8.61,2026-03-11 07:52:00.444808+00
75255,10.06,2026-03-11 07:53:34.096964+00
75256,9.95,2026-03-11 07:54:24.438423+00
75257,9.73,2026-03-11 07:55:46.892514+00
75258,10.03,2026-03-11 07:56:30.386022+00
75259,9.6,2026-03-11 07:57:28.359092+00
75260,8.98,2026-03-11 07:58:23.421912+00
75261,9.87,2026-03-11 08:01:49.871833+00
75262,10.2,2026-03-11 08:02:32.775586+00
75263,9.17,2026-03-11 08:03:33.024619+00
75264,9.99,2026-03-11 08:04:11.020358+00
75265,8.68,2026-03-11 08:05:10.575604+00
75266,9.1,2026-03-11 08:06:13.228388+00
75267,9.27,2026-03-11 08:07:06.960664+00
75268,9.23,2026-03-11 08:08:37.202293+00
75269,9.99,2026-03-11 08:09:15.149185+00
75270,8.71,2026-03-11 08:10:18.163322+00
75271,9.84,2026-03-11 08:11:31.838608+00
75272,9.45,2026-03-11 08:13:16.354441+00
75273,8.64,2026-03-11 08:14:06.838668+00
75274,10.27,2026-03-11 08:15:06.167055+00
75275,9.94,2026-03-11 08:16:02.192156+00
75276,9.62,2026-03-11 08:17:34.909911+00
75277,9.69,2026-03-11 08:18:49.689918+00
75278,10.37,2026-03-11 08:19:11.434269+00
75279,9.8,2026-03-11 08:20:06.495944+00
75280,9.66,2026-03-11 08:21:19.949987+00
75281,8.94,2026-03-11 08:22:26.627411+00
75282,9.75,2026-03-11 08:23:03.853464+00
75283,9.16,2026-03-11 08:24:12.775011+00
75284,9.39,2026-03-11 08:25:38.245679+00
75285,9.27,2026-03-11 08:26:07.582387+00
75286,9.69,2026-03-11 08:27:38.767155+00
75287,9.99,2026-03-11 08:29:04.810021+00
75288,10.4,2026-03-11 08:30:00.72584+00
75289,9.1,2026-03-11 08:31:31.427606+00
75290,8.87,2026-03-11 08:32:40.681448+00
75291,8.63,2026-03-11 08:33:33.625557+00
75292,9.26,2026-03-11 08:34:46.447737+00
75293,9.04,2026-03-11 08:35:28.080933+00
75294,9.33,2026-03-11 08:36:02.068038+00
75295,10.48,2026-03-11 08:37:37.304588+00
75296,9.09,2026-03-11 08:38:11.984931+00
75297,9.79,2026-03-11 08:39:42.340141+00
75298,8.65,2026-03-11 08:40:32.840359+00
75299,8.9,2026-03-11 08:41:03.970748+00
75300,9.04,2026-03-11 08:42:06.12962+00
75301,9.53,2026-03-11 08:44:29.057012+00
75302,9.12,2026-03-11 08:45:21.01372+00
75303,8.73,2026-03-11 08:46:18.442317+00
75304,9.86,2026-03-11 08:47:14.205052+00
75305,10.65,2026-03-11 08:48:19.326516+00
75306,10.47,2026-03-11 08:49:23.128448+00
75307,9.81,2026-03-11 08:50:23.734201+00
75308,8.92,2026-03-11 08:51:05.561653+00
75309,10.54,2026-03-11 08:52:35.455999+00
75310,9.16,2026-03-11 08:53:18.892276+00
75311,9.13,2026-03-11 08:54:49.020401+00
75312,10.01,2026-03-11 08:55:02.64787+00
75313,9.06,2026-03-11 08:56:24.740816+00
75314,9.82,2026-03-11 08:57:26.048397+00
75315,10.12,2026-03-11 08:59:39.753285+00
75316,9.28,2026-03-11 09:01:12.875886+00
75317,10.56,2026-03-11 09:02:20.954888+00
75318,10.66,2026-03-11 09:03:31.736597+00
75319,9.77,2026-03-11 09:04:03.580616+00
75320,8.99,2026-03-11 09:05:08.757382+00
75321,8.93,2026-03-11 09:06:32.790338+00
75322,9.73,2026-03-11 09:07:28.540646+00
75323,10.38,2026-03-11 09:08:49.454536+00
75324,9.86,2026-03-11 09:09:05.452311+00
75325,9.7,2026-03-11 09:10:43.878017+00
75326,9.35,2026-03-11 09:11:42.471617+00
75327,10.45,2026-03-11 09:12:30.885178+00
75328,9.3,2026-03-11 09:14:19.767049+00
75329,10.22,2026-03-11 09:15:06.34847+00
75330,10.4,2026-03-11 09:16:20.207347+00
75331,9.4,2026-03-11 09:17:27.633173+00
75332,8.98,2026-03-11 09:18:12.596726+00
75333,10.37,2026-03-11 09:19:34.310409+00
75334,9.58,2026-03-11 09:20:04.752764+00
75335,10.72,2026-03-11 09:21:33.100213+00
75336,10.19,2026-03-11 09:22:08.097729+00
75337,10.48,2026-03-11 09:23:41.181574+00
75338,10.73,2026-03-11 09:26:30.211166+00
75339,9.53,2026-03-11 09:27:39.001046+00
75340,10.58,2026-03-11 09:28:43.709011+00
75341,9.39,2026-03-11 09:29:04.57273+00
75342,9.11,2026-03-11 09:30:25.380076+00
75343,9.33,2026-03-11 09:31:17.099223+00
75344,9.57,2026-03-11 09:32:16.385446+00
75345,10.45,2026-03-11 09:33:42.185744+00
75346,10.48,2026-03-11 09:34:25.264911+00
75347,9.05,2026-03-11 09:35:43.152889+00
75348,10.38,2026-03-11 09:36:05.997199+00
75349,9.43,2026-03-11 09:37:14.907289+00
75350,9.38,2026-03-11 09:38:00.510162+00
75351,9.4,2026-03-11 09:39:45.159193+00
75352,9.15,2026-03-11 09:40:20.454696+00
75353,9.32,2026-03-11 09:42:00.663412+00
75354,10.27,2026-03-11 09:43:18.532156+00
75355,10.4,2026-03-11 09:44:17.067333+00
75356,9.38,2026-03-11 09:45:41.949809+00
75357,9.56,2026-03-11 09:46:23.737114+00
75358,10.13,2026-03-11 09:47:14.520335+00
75359,10.81,2026-03-11 09:48:42.755899+00
75360,10.33,2026-03-11 09:49:37.750841+00
75361,9.77,2026-03-11 09:50:49.642122+00
75362,10.94,2026-03-11 09:51:16.865757+00
75363,10.63,2026-03-11 09:52:04.920997+00
75364,10.32,2026-03-11 09:53:02.860141+00
75365,9.58,2026-03-11 09:54:19.127769+00
75366,10.64,2026-03-11 09:56:40.537802+00
75367,10.07,2026-03-11 09:57:41.23572+00
75368,9.74,2026-03-11 09:58:05.043448+00
75369,9.92,2026-03-11 09:59:37.808189+00
75370,10.11,2026-03-11 10:00:23.523731+00
75371,10.94,2026-03-11 10:01:48.972112+00
75372,10.9,2026-03-11 10:02:42.398884+00
75373,9.49,2026-03-11 10:03:01.472728+00
75374,10.95,2026-03-11 10:04:31.748814+00
75375,9.67,2026-03-11 10:05:40.293256+00
75376,10.03,2026-03-11 10:06:37.098576+00
75377,10.28,2026-03-11 10:07:09.950781+00
75378,10.27,2026-03-11 10:08:37.064462+00
75379,9.73,2026-03-11 10:09:32.445997+00
75380,9.94,2026-03-11 10:10:05.358141+00
75381,10.75,2026-03-11 10:12:36.560152+00
75382,9.85,2026-03-11 10:13:41.29998+00
75383,9.52,2026-03-11 10:14:33.086266+00
75384,9.7,2026-03-11 10:15:34.555721+00
75385,9.69,2026-03-11 10:16:20.830304+00
75386,11.03,2026-03-11 10:17:31.698023+00
75387,11.18,2026-03-11 10:18:10.473275+00
75388,10.05,2026-03-11 10:19:17.674091+00
75389,9.76,2026-03-11 10:20:17.621617+00
75390,9.51,2026-03-11 10:21:04.922161+00
75391,9.58,2026-03-11 10:22:20.481578+00
75392,10.41,2026-03-11 10:23:05.060334+00
75393,9.86,2026-03-11 10:24:44.496943+00
75394,11.18,2026-03-11 10:26:26.789069+00
75395,10.17,2026-03-11 10:27:36.564259+00
75396,9.57,2026-03-11 10:28:33.681007+00
75397,9.63,2026-03-11 10:29:06.61866+00
75398,10.27,2026-03-11 10:30:28.839434+00
75399,11.37,2026-03-11 10:31:09.06267+00
75400,10.1,2026-03-11 10:32:43.727275+00
75401,10.04,2026-03-11 10:33:27.749427+00
75402,10.98,2026-03-11 10:34:46.084223+00
75403,11.29,2026-03-11 10:35:34.315529+00
75404,10.28,2026-03-11 10:36:11.496146+00
75405,10.35,2026-03-11 10:37:09.476491+00
75406,11.01,2026-03-11 10:38:21.714173+00
75407,10.48,2026-03-11 10:39:31.576596+00
75408,11.21,2026-03-11 10:40:39.992292+00
75409,9.89,2026-03-11 10:42:22.564988+00
75410,11.52,2026-03-11 10:43:32.46479+00
75411,11.17,2026-03-11 10:44:22.904111+00
75412,11.61,2026-03-11 10:45:26.888899+00
75413,10.9,2026-03-11 10:46:40.816729+00
75414,10.91,2026-03-11 10:47:45.698503+00
75415,10,2026-03-11 10:48:05.973298+00
75416,10.35,2026-03-11 10:49:09.588093+00
75417,11.97,2026-03-11 10:50:04.778722+00
75418,10.91,2026-03-11 10:51:02.999456+00
75419,11.46,2026-03-11 10:52:27.559031+00
75420,10.1,2026-03-11 10:53:12.431109+00
75421,10.23,2026-03-11 10:54:17.409323+00
75422,11.66,2026-03-11 10:55:01.449169+00
75423,11.18,2026-03-11 10:56:09.128535+00
75424,11.42,2026-03-11 10:58:10.150776+00
75425,11.13,2026-03-11 10:59:30.474062+00
75426,11.11,2026-03-11 11:00:24.177063+00
75427,11.84,2026-03-11 11:01:37.127834+00
75428,11.76,2026-03-11 11:02:42.772571+00
75429,11.97,2026-03-11 11:03:37.197167+00
75430,11.71,2026-03-11 11:04:31.354407+00
75431,10.7,2026-03-11 11:05:04.493766+00
75432,11.15,2026-03-11 11:06:08.615911+00
75433,11.07,2026-03-11 11:07:47.747335+00
75434,11.08,2026-03-11 11:08:20.50507+00
75435,10.56,2026-03-11 11:09:49.393392+00
75436,10.46,2026-03-11 11:10:20.11695+00
75437,10.89,2026-03-11 11:12:24.983192+00
75438,11.79,2026-03-11 11:13:26.357625+00
75439,10.22,2026-03-11 11:14:03.136974+00
75440,12.23,2026-03-11 11:15:28.15984+00
75441,10.92,2026-03-11 11:16:34.479704+00
75442,10.48,2026-03-11 11:17:29.892877+00
75443,12.02,2026-03-11 11:18:17.507158+00
75444,12.18,2026-03-11 11:19:00.408843+00
75445,12.07,2026-03-11 11:20:49.319273+00
75446,10.58,2026-03-11 11:21:40.377626+00
75447,11.21,2026-03-11 11:22:10.311323+00
75448,11.22,2026-03-11 11:23:04.707142+00
75449,10.89,2026-03-11 11:24:27.034064+00
75450,12.22,2026-03-11 11:25:43.566078+00
75451,12.07,2026-03-11 11:26:21.631581+00
75452,11.47,2026-03-11 11:28:49.150348+00
75453,10.76,2026-03-11 11:29:29.077962+00
75454,11.72,2026-03-11 11:30:04.795215+00
75455,11.15,2026-03-11 11:31:28.50956+00
75456,11.5,2026-03-11 11:32:33.541179+00
75457,11.75,2026-03-11 11:33:48.078778+00
75458,12.24,2026-03-11 11:34:18.255582+00
75459,11.1,2026-03-11 11:35:48.968532+00
75460,11.11,2026-03-11 11:36:24.012673+00
75461,10.61,2026-03-11 11:37:10.699091+00
75462,11.95,2026-03-11 11:38:05.325275+00
75463,10.52,2026-03-11 11:39:17.286014+00
75464,11.48,2026-03-11 11:40:38.549559+00
75465,11.96,2026-03-11 11:41:42.845207+00
75466,11.62,2026-03-11 11:43:26.077338+00
75467,10.86,2026-03-11 11:44:37.417194+00
75468,11.88,2026-03-11 11:45:16.413375+00
75469,11.73,2026-03-11 11:46:09.63272+00
75470,11.58,2026-03-11 11:47:36.833862+00
75471,11.88,2026-03-11 11:48:00.316862+00
75472,12.04,2026-03-11 11:49:24.247867+00
75473,12.48,2026-03-11 11:50:08.761263+00
75474,11.34,2026-03-11 11:51:22.738095+00
75475,12.19,2026-03-11 11:52:14.767517+00
75476,12,2026-03-11 11:53:40.05469+00
75477,11.95,2026-03-11 11:54:47.671496+00
75478,11.8,2026-03-11 11:55:25.125777+00
75479,11.41,2026-03-11 11:56:22.920656+00
75480,11.69,2026-03-11 11:58:37.691683+00
75481,11.13,2026-03-11 11:59:34.291438+00
75482,11.42,2026-03-11 12:00:43.229715+00
75483,12.25,2026-03-11 12:01:21.87011+00
75484,11.09,2026-03-11 12:02:05.210162+00
75485,11.79,2026-03-11 12:03:48.913946+00
75486,10.98,2026-03-11 12:04:20.040162+00
75487,10.7,2026-03-11 12:05:39.690639+00
75488,11.09,2026-03-11 12:06:07.62495+00
75489,11.24,2026-03-11 12:07:38.660925+00
75490,11.53,2026-03-11 12:08:18.288125+00
75491,11.57,2026-03-11 12:09:12.987193+00
75492,10.72,2026-03-11 12:10:45.306825+00
75493,12.35,2026-03-11 12:11:18.539837+00
75494,12.57,2026-03-11 12:13:20.888965+00
75495,10.68,2026-03-11 12:14:43.134992+00
75496,11.87,2026-03-11 12:15:32.724812+00
75497,11.27,2026-03-11 12:16:34.861061+00
75498,11.79,2026-03-11 12:17:42.640861+00
75499,11.35,2026-03-11 12:18:30.17226+00
75500,11.55,2026-03-11 12:19:34.30398+00
75501,12.57,2026-03-11 12:20:39.658175+00
75502,12.74,2026-03-11 12:21:49.767953+00
75503,11.69,2026-03-11 12:22:08.753884+00
75504,11.8,2026-03-11 12:23:35.147596+00
75505,11.67,2026-03-11 12:24:45.966983+00
75506,12.76,2026-03-11 12:25:03.39182+00
75507,11.22,2026-03-11 12:26:13.260671+00
75508,11.27,2026-03-11 12:27:47.193553+00
75509,11.85,2026-03-11 12:29:23.806134+00
75510,11.84,2026-03-11 12:30:38.383235+00
75511,12.69,2026-03-11 12:31:49.163159+00
75512,12.35,2026-03-11 12:32:18.658495+00
75513,11.36,2026-03-11 12:33:14.69409+00
75514,12.76,2026-03-11 12:34:36.764986+00
75515,11.6,2026-03-11 12:35:43.201267+00
75516,12.96,2026-03-11 12:36:02.822525+00
75517,11.4,2026-03-11 12:37:40.550131+00
75518,12.2,2026-03-11 12:38:14.410707+00
75519,12.46,2026-03-11 12:39:48.020289+00
75520,12.05,2026-03-11 12:40:33.571581+00
75521,12.01,2026-03-11 12:41:19.228528+00
75522,11.28,2026-03-11 12:43:26.735519+00
75523,12.7,2026-03-11 12:44:36.944099+00
75524,12.62,2026-03-11 12:45:31.464311+00
75525,12.98,2026-03-11 12:46:07.472808+00
75526,12.67,2026-03-11 12:47:38.056637+00
75527,11.94,2026-03-11 12:48:30.801145+00
75528,12.99,2026-03-11 12:49:19.685988+00
75529,11.83,2026-03-11 12:50:44.309689+00
75530,11.59,2026-03-11 12:51:44.282125+00
75531,11.9,2026-03-11 12:52:14.273111+00
75532,12.84,2026-03-11 12:53:02.182548+00
75533,12.4,2026-03-11 12:54:26.6928+00
75534,12.56,2026-03-11 12:55:21.773607+00
75535,12.27,2026-03-11 12:56:43.146336+00
75536,13.09,2026-03-11 12:58:46.793941+00
75537,11.59,2026-03-11 12:59:08.416625+00
75538,12.57,2026-03-11 13:00:43.448735+00
75539,11.61,2026-03-11 13:01:04.722281+00
75540,11.99,2026-03-11 13:02:23.140646+00
75541,11.85,2026-03-11 13:03:11.364444+00
75542,12.9,2026-03-11 13:04:37.084196+00
75543,12.62,2026-03-11 13:05:33.158268+00
75544,11.31,2026-03-11 13:06:05.130247+00
75545,11.76,2026-03-11 13:07:02.247484+00
75546,11.64,2026-03-11 13:08:22.630715+00
75547,12.09,2026-03-11 13:09:28.596154+00
75548,13.22,2026-03-11 13:10:26.104518+00
75549,13.25,2026-03-11 13:11:35.158999+00
75550,11.58,2026-03-11 13:13:06.544685+00
75551,12.42,2026-03-11 13:14:42.211315+00
75552,12.69,2026-03-11 13:15:13.879388+00
75553,12.92,2026-03-11 13:16:27.314609+00
75554,12.97,2026-03-11 13:17:42.358608+00
75555,12.52,2026-03-11 13:18:30.045823+00
75556,11.49,2026-03-11 13:19:27.207263+00
75557,12.61,2026-03-11 13:20:12.918617+00
75558,13.18,2026-03-11 13:21:18.528356+00
75559,12.73,2026-03-11 13:22:02.673471+00
75560,12.64,2026-03-11 13:23:18.941591+00
75561,12.83,2026-03-11 13:24:38.563065+00
75562,11.91,2026-03-11 13:25:23.550289+00
75563,12.53,2026-03-11 13:26:41.473254+00
75564,12.64,2026-03-11 13:28:36.887092+00
75565,12.63,2026-03-11 13:29:16.130284+00
75566,13.39,2026-03-11 13:30:19.613694+00
75567,13.35,2026-03-11 13:31:33.062533+00
75568,13,2026-03-11 13:32:40.909663+00
75569,12.62,2026-03-11 13:33:27.70944+00
75570,12.78,2026-03-11 13:34:05.802571+00
75571,11.47,2026-03-11 13:35:32.376504+00
75572,11.72,2026-03-11 13:36:44.360736+00
75573,12.58,2026-03-11 13:37:38.23843+00
75574,13.31,2026-03-11 13:38:31.561177+00
75575,13.27,2026-03-11 13:39:28.521362+00
75576,12.2,2026-03-11 13:40:16.75459+00
75577,12.58,2026-03-11 13:41:01.063598+00
75578,13.13,2026-03-11 13:43:13.733942+00
75579,12.58,2026-03-11 13:44:10.093668+00
75580,12.71,2026-03-11 13:45:12.833622+00
75581,12.36,2026-03-11 13:46:08.525639+00
75582,12.09,2026-03-11 13:47:08.093583+00
75583,11.94,2026-03-11 13:48:09.061436+00
75584,12.76,2026-03-11 13:49:22.803563+00
75585,13.57,2026-03-11 13:50:28.699967+00
75586,13.35,2026-03-11 13:51:20.687631+00
75587,12.21,2026-03-11 13:52:29.920827+00
75588,12.63,2026-03-11 13:53:38.537895+00
75589,13.12,2026-03-11 13:54:05.93664+00
75590,12.29,2026-03-11 13:55:47.305016+00
75591,12.9,2026-03-11 13:56:38.603606+00
75592,12.37,2026-03-11 13:57:22.216998+00
75593,12.78,2026-03-11 13:59:42.384706+00
75594,11.95,2026-03-11 14:00:36.160821+00
75595,13.38,2026-03-11 14:01:47.169864+00
75596,11.88,2026-03-11 14:02:31.762038+00
75597,12.15,2026-03-11 14:03:47.849259+00
75598,11.72,2026-03-11 14:04:24.138384+00
75599,13.12,2026-03-11 14:05:46.719536+00
75600,12.93,2026-03-11 14:06:39.496327+00
75601,12.31,2026-03-11 14:07:24.032499+00
75602,13.41,2026-03-11 14:08:32.795176+00
75603,13.61,2026-03-11 14:09:13.399433+00
75604,11.81,2026-03-11 14:10:34.560712+00
75605,11.84,2026-03-11 14:12:32.687198+00
75606,12.81,2026-03-11 14:13:35.08642+00
75607,13.41,2026-03-11 14:14:13.004687+00
75608,11.81,2026-03-11 14:15:39.472467+00
75609,12.12,2026-03-11 14:16:05.547298+00
75610,12.51,2026-03-11 14:17:06.853599+00
75611,12.94,2026-03-11 14:18:22.560518+00
75612,13.42,2026-03-11 14:19:05.583403+00
75613,11.6,2026-03-11 14:20:09.486817+00
75614,13.52,2026-03-11 14:21:06.980401+00
75615,13.38,2026-03-11 14:22:24.481721+00
75616,12.91,2026-03-11 14:23:22.640881+00
75617,13.32,2026-03-11 14:24:41.362521+00
75618,13.15,2026-03-11 14:26:39.372546+00
75619,12.33,2026-03-11 14:27:29.677212+00
75620,12.9,2026-03-11 14:28:17.335647+00
75621,12.68,2026-03-11 14:29:12.313987+00
75622,12.13,2026-03-11 14:30:43.453789+00
75623,13.19,2026-03-11 14:31:43.766624+00
75624,12.03,2026-03-11 14:32:00.111193+00
75625,11.49,2026-03-11 14:33:09.40581+00
75626,12.52,2026-03-11 14:34:10.015048+00
75627,12.71,2026-03-11 14:35:46.535825+00
75628,13.05,2026-03-11 14:36:00.896849+00
75629,11.66,2026-03-11 14:37:27.755288+00
75630,13.13,2026-03-11 14:38:43.848648+00
75631,12.31,2026-03-11 14:39:11.489079+00
75632,13.14,2026-03-11 14:41:27.54147+00
75633,12.01,2026-03-11 14:42:42.227561+00
75634,12.92,2026-03-11 14:43:21.363152+00
75635,11.5,2026-03-11 14:44:07.929216+00
75636,11.96,2026-03-11 14:45:32.146576+00
75637,12.35,2026-03-11 14:46:14.211157+00
75638,13.07,2026-03-11 14:47:16.162013+00
75639,11.65,2026-03-11 14:48:42.928036+00
75640,13.16,2026-03-11 14:49:23.064296+00
75641,12.38,2026-03-11 14:50:11.880513+00
75642,13.29,2026-03-11 14:51:49.701181+00
75643,12.37,2026-03-11 14:52:20.496496+00
75644,11.46,2026-03-11 14:53:29.19544+00
75645,12.65,2026-03-11 14:54:03.503467+00
75646,12.84,2026-03-11 14:55:45.945193+00
75647,12.45,2026-03-11 14:57:01.189262+00
75648,11.33,2026-03-11 14:58:38.055531+00
75649,12.53,2026-03-11 14:59:26.03154+00
75650,12.96,2026-03-11 15:00:01.000937+00
75651,12.03,2026-03-11 15:01:30.537813+00
75652,11.73,2026-03-11 15:02:32.089128+00
75653,12.59,2026-03-11 15:03:12.043229+00
75654,12.87,2026-03-11 15:04:34.058212+00
75655,13.12,2026-03-11 15:05:04.097155+00
75656,11.53,2026-03-11 15:06:08.053685+00
75657,12.8,2026-03-11 15:07:28.077437+00
75658,12.97,2026-03-11 15:08:06.668298+00
75659,11.62,2026-03-11 15:09:36.189867+00
75660,12.21,2026-03-11 15:11:17.699298+00
75661,12.28,2026-03-11 15:12:42.834581+00
75662,11.52,2026-03-11 15:13:30.675217+00
75663,12.27,2026-03-11 15:14:03.979857+00
75664,12.99,2026-03-11 15:15:48.866555+00
75665,12.45,2026-03-11 15:16:39.801668+00
75666,12.98,2026-03-11 15:17:19.721035+00
75667,11.28,2026-03-11 15:18:17.334192+00
75668,12.12,2026-03-11 15:19:39.362555+00
75669,12.22,2026-03-11 15:20:08.312678+00
75670,11.73,2026-03-11 15:21:45.500922+00
75671,12.84,2026-03-11 15:22:14.224794+00
75672,12.03,2026-03-11 15:23:33.310437+00
75673,11.35,2026-03-11 15:24:10.872289+00
75674,11.65,2026-03-11 15:25:44.11371+00
75675,12.52,2026-03-11 15:27:07.758653+00
75676,12.4,2026-03-11 15:28:02.894613+00
75677,11.54,2026-03-11 15:29:01.088778+00
75678,11.74,2026-03-11 15:30:13.536159+00
75679,12.48,2026-03-11 15:31:13.412801+00
75680,11.15,2026-03-11 15:32:17.836477+00
75681,11.57,2026-03-11 15:33:05.060007+00
75682,11.73,2026-03-11 15:34:49.805895+00
75683,10.99,2026-03-11 15:35:42.402047+00
75684,11.43,2026-03-11 15:36:19.286055+00
75685,11.06,2026-03-11 15:37:14.21914+00
75686,11.8,2026-03-11 15:38:30.374938+00
75687,12.76,2026-03-11 15:39:44.482672+00
75688,11.84,2026-03-11 15:40:13.36669+00
75689,10.95,2026-03-11 15:42:13.621889+00
75690,11.25,2026-03-11 15:43:11.86289+00
75691,12.78,2026-03-11 15:44:47.988751+00
75692,11.12,2026-03-11 15:45:07.502542+00
75693,12.29,2026-03-11 15:46:07.496383+00
75694,12.49,2026-03-11 15:47:28.143757+00
75695,12.25,2026-03-11 15:48:18.586257+00
75696,11.11,2026-03-11 15:49:20.869689+00
75697,11.11,2026-03-11 15:50:16.879075+00
75698,11.73,2026-03-11 15:51:13.397492+00
75699,11.24,2026-03-11 15:52:24.054053+00
75700,11.11,2026-03-11 15:53:11.547689+00
75701,11.74,2026-03-11 15:54:44.260469+00
75702,11.71,2026-03-11 15:55:05.330764+00
75703,11.77,2026-03-11 15:56:29.028297+00
75704,10.83,2026-03-11 15:58:17.82738+00
75705,11.43,2026-03-11 15:59:30.313532+00
75706,10.97,2026-03-11 16:00:29.014429+00
75707,10.95,2026-03-11 16:01:40.854052+00
75708,11.02,2026-03-11 16:02:05.7952+00
75709,10.96,2026-03-11 16:03:38.825994+00
75710,11.59,2026-03-11 16:04:45.531266+00
75711,11.6,2026-03-11 16:05:03.160688+00
75712,10.35,2026-03-11 16:06:16.281437+00
75713,10.78,2026-03-11 16:07:37.117298+00
75714,10.32,2026-03-11 16:08:46.112796+00
75715,11.99,2026-03-11 16:09:41.019046+00
75716,10.79,2026-03-11 16:10:02.86053+00
75717,10.23,2026-03-11 16:12:41.32466+00
75718,11.39,2026-03-11 16:13:40.238495+00
75719,11.76,2026-03-11 16:14:33.597988+00
75720,11.7,2026-03-11 16:15:04.502659+00
75721,11.26,2026-03-11 16:16:39.311076+00
75722,10.83,2026-03-11 16:17:42.437371+00
75723,11.21,2026-03-11 16:18:28.740178+00
75724,10.9,2026-03-11 16:19:38.495951+00
75725,12.17,2026-03-11 16:20:41.407163+00
75726,11.97,2026-03-11 16:21:22.371272+00
75727,12.16,2026-03-11 16:22:14.682665+00
75728,10.51,2026-03-11 16:23:42.002976+00
75729,10.63,2026-03-11 16:24:32.437268+00
75730,11.52,2026-03-11 16:26:37.868171+00
75731,11.39,2026-03-11 16:27:00.417274+00
75732,10.61,2026-03-11 16:28:48.15797+00
75733,11.15,2026-03-11 16:29:05.210352+00
75734,11.09,2026-03-11 16:30:20.922525+00
75735,10.83,2026-03-11 16:31:25.754324+00
75736,11.87,2026-03-11 16:32:45.003514+00
75737,11.54,2026-03-11 16:33:18.75417+00
75738,10.89,2026-03-11 16:34:26.957154+00
75739,10.94,2026-03-11 16:35:26.764652+00
75740,11.78,2026-03-11 16:36:10.72868+00
75741,10.35,2026-03-11 16:37:11.700906+00
75742,11.77,2026-03-11 16:38:49.875697+00
75743,11.17,2026-03-11 16:40:30.268377+00
75744,10.24,2026-03-11 16:41:47.235362+00
75745,11.03,2026-03-11 16:42:30.82323+00
75746,11.75,2026-03-11 16:43:35.39767+00
75747,10.3,2026-03-11 16:44:06.312709+00
75748,11.1,2026-03-11 16:45:10.575664+00
75749,11.93,2026-03-11 16:46:34.308992+00
75750,10.57,2026-03-11 16:47:01.903848+00
75751,11.65,2026-03-11 16:48:05.703797+00
75752,11.95,2026-03-11 16:49:29.900982+00
75753,10.56,2026-03-11 16:50:34.006684+00
75754,10.89,2026-03-11 16:51:42.955232+00
75755,10.54,2026-03-11 16:52:10.04751+00
75756,10.33,2026-03-11 16:54:28.764531+00
75757,11.57,2026-03-11 16:55:41.087297+00
75758,11.86,2026-03-11 16:56:08.69783+00
75759,11.31,2026-03-11 16:57:31.342592+00
75760,11.11,2026-03-11 16:58:10.609905+00
75761,11.43,2026-03-11 16:59:02.482373+00
75762,10.76,2026-03-11 17:00:48.343214+00
75763,10.85,2026-03-11 17:01:33.681411+00
75764,10.92,2026-03-11 17:02:33.240635+00
75765,11.73,2026-03-11 17:03:16.159537+00
75766,12.31,2026-03-11 17:04:47.833482+00
75767,12.26,2026-03-11 17:05:28.549882+00
75768,12.26,2026-03-11 17:06:30.855091+00
75769,10.79,2026-03-11 17:08:26.524183+00
75770,11.51,2026-03-11 17:09:45.244248+00
75771,11.82,2026-03-11 17:10:35.703087+00
75772,12.34,2026-03-11 17:11:48.941378+00
75773,10.59,2026-03-11 17:12:09.506732+00
75774,11.77,2026-03-11 17:13:04.890002+00
75775,11.14,2026-03-11 17:14:21.749062+00
75776,10.6,2026-03-11 17:15:09.072379+00
75777,11.6,2026-03-11 17:16:40.216004+00
75778,11.35,2026-03-11 17:17:23.048978+00
75779,10.8,2026-03-11 17:18:45.50991+00
75780,11.17,2026-03-11 17:19:07.419335+00
75781,11.36,2026-03-11 17:20:34.191076+00
75782,10.47,2026-03-11 17:21:19.703403+00
75783,12.19,2026-03-11 17:23:20.363935+00
75784,11.49,2026-03-11 17:24:27.661594+00
75785,10.78,2026-03-11 17:25:09.844614+00
75786,11.39,2026-03-11 17:26:31.959798+00
75787,11.53,2026-03-11 17:27:05.633326+00
75788,10.53,2026-03-11 17:28:16.514118+00
75789,10.74,2026-03-11 17:29:25.687608+00
75790,10.46,2026-03-11 17:30:22.239452+00
75791,11.36,2026-03-11 17:31:38.762471+00
75792,11.26,2026-03-11 17:32:23.306589+00
75793,10.97,2026-03-11 17:33:24.978949+00
75794,10.87,2026-03-11 17:34:46.451292+00
75795,10.75,2026-03-11 17:36:48.113477+00
75796,10.8,2026-03-11 17:37:36.937403+00
75797,11.72,2026-03-11 17:38:06.04172+00
75798,11.51,2026-03-11 17:39:07.860723+00
75799,11.81,2026-03-11 17:40:28.992115+00
75800,11.1,2026-03-11 17:41:23.231039+00
75801,11.97,2026-03-11 17:42:12.185272+00
75802,11.81,2026-03-11 17:43:18.845184+00
75803,10.28,2026-03-11 17:44:19.301939+00
75804,10.53,2026-03-11 17:45:08.00318+00
75805,9.81,2026-03-11 17:46:24.700653+00
75806,10.35,2026-03-11 17:47:16.045123+00
75807,10.13,2026-03-11 17:48:08.628039+00
75808,11.7,2026-03-11 17:49:14.790814+00
75809,10.67,2026-03-11 17:51:25.852849+00
75810,11.56,2026-03-11 17:52:43.378882+00
75811,10.81,2026-03-11 17:53:34.713306+00
75812,11.21,2026-03-11 17:54:47.728204+00
75813,11.7,2026-03-11 17:55:26.48083+00
75814,9.92,2026-03-11 17:56:10.72807+00
75815,10.5,2026-03-11 17:57:15.921129+00
75816,10.32,2026-03-11 17:58:46.244432+00
75817,11.1,2026-03-11 17:59:37.653064+00
75818,9.83,2026-03-11 18:00:32.620697+00
75819,10.95,2026-03-11 18:01:21.145596+00
75820,11.06,2026-03-11 18:02:20.813861+00
75821,9.87,2026-03-11 18:03:48.107539+00
75822,11.05,2026-03-11 18:05:20.747324+00
75823,10.98,2026-03-11 18:06:31.802854+00
75824,11.32,2026-03-11 18:07:35.047024+00
75825,10.58,2026-03-11 18:08:27.619532+00
75826,11.37,2026-03-11 18:09:48.391647+00
75827,11.18,2026-03-11 18:10:47.517655+00
75828,10.36,2026-03-11 18:11:24.151217+00
75829,10.81,2026-03-11 18:12:47.049898+00
75830,10.3,2026-03-11 18:13:44.472474+00
75831,10.13,2026-03-11 18:14:38.66464+00
75832,10.65,2026-03-11 18:15:27.667617+00
75833,11.06,2026-03-11 18:16:05.170162+00
75834,9.41,2026-03-11 18:18:13.04912+00
75835,10.29,2026-03-11 18:19:27.602584+00
75836,10.48,2026-03-11 18:20:17.700102+00
75837,10.32,2026-03-11 18:21:34.14616+00
75838,10.55,2026-03-11 18:22:29.132076+00
75839,9.61,2026-03-11 18:23:29.223285+00
75840,9.69,2026-03-11 18:24:22.16641+00
75841,10.61,2026-03-11 18:25:00.041155+00
75842,11.02,2026-03-11 18:26:30.283464+00
75843,10.29,2026-03-11 18:27:01.227498+00
75844,11.24,2026-03-11 18:28:01.529624+00
75845,10.57,2026-03-11 18:29:41.582844+00
75846,11.51,2026-03-11 18:30:19.009517+00
75847,9.8,2026-03-11 18:32:36.032286+00
75848,10.07,2026-03-11 18:33:03.253643+00
75849,10.51,2026-03-11 18:34:03.732598+00
75850,10.45,2026-03-11 18:35:31.891488+00
75851,10.48,2026-03-11 18:36:29.887553+00
75852,10.37,2026-03-11 18:37:04.686712+00
75853,10.65,2026-03-11 18:38:20.715379+00
75854,10.19,2026-03-11 18:39:36.035545+00
75855,10.84,2026-03-11 18:40:25.000832+00
75856,11.05,2026-03-11 18:41:11.868854+00
75857,10.74,2026-03-11 18:42:20.877873+00
75858,9.95,2026-03-11 18:43:39.189827+00
75859,11.2,2026-03-11 18:44:01.855726+00
75860,10.74,2026-03-11 18:45:33.472329+00
75861,10.12,2026-03-11 18:47:03.76838+00
75862,10.68,2026-03-11 18:48:44.84357+00
75863,9.66,2026-03-11 18:49:21.454802+00
75864,10.11,2026-03-11 18:50:32.638467+00
75865,10.82,2026-03-11 18:51:17.273218+00
75866,11.16,2026-03-11 18:52:13.906146+00
75867,11.03,2026-03-11 18:53:05.792138+00
75868,10.01,2026-03-11 18:54:05.818376+00
75869,10.08,2026-03-11 18:55:45.327419+00
75870,10.39,2026-03-11 18:56:14.486787+00
75871,9.91,2026-03-11 18:57:04.542127+00
75872,10.07,2026-03-11 18:58:29.470246+00
75873,9.93,2026-03-11 18:59:12.345904+00
75874,10.07,2026-03-11 19:00:43.661895+00
75875,10.37,2026-03-11 19:02:13.003461+00
75876,10.23,2026-03-11 19:03:23.547724+00
75877,10.63,2026-03-11 19:04:42.504788+00
75878,10.2,2026-03-11 19:05:29.729815+00
75879,10.11,2026-03-11 19:06:09.564579+00
75880,11.29,2026-03-11 19:07:18.65256+00
75881,9.75,2026-03-11 19:08:12.533796+00
75882,10.66,2026-03-11 19:09:06.356217+00
75883,9.52,2026-03-11 19:10:20.869744+00
75884,10.81,2026-03-11 19:11:06.38494+00
75885,10.88,2026-03-11 19:12:30.490869+00
75886,10.3,2026-03-11 19:13:16.512762+00
75887,10.11,2026-03-11 19:14:48.7156+00
75888,9.55,2026-03-11 19:16:11.667235+00
75889,10.69,2026-03-11 19:17:09.051736+00
75890,10,2026-03-11 19:18:35.816359+00
75891,9.83,2026-03-11 19:19:04.091042+00
75892,10.16,2026-03-11 19:20:34.284119+00
75893,10.99,2026-03-11 19:21:04.037798+00
75894,10.68,2026-03-11 19:22:38.87302+00
75895,9.37,2026-03-11 19:23:17.476187+00
75896,10.47,2026-03-11 19:24:39.683125+00
75897,9.45,2026-03-11 19:25:35.791309+00
75898,10.09,2026-03-11 19:26:35.823522+00
75899,9.34,2026-03-11 19:27:25.882446+00
75900,10.17,2026-03-11 19:28:38.376319+00
75901,10.35,2026-03-11 19:29:23.198884+00
75902,9.33,2026-03-11 19:31:02.30986+00
75903,9.87,2026-03-11 19:32:32.493047+00
75904,8.99,2026-03-11 19:33:42.384046+00
75905,9.96,2026-03-11 19:34:13.645736+00
75906,10.71,2026-03-11 19:35:45.444834+00
75907,9.54,2026-03-11 19:36:08.363859+00
75908,10.74,2026-03-11 19:37:49.645605+00
75909,9.53,2026-03-11 19:38:16.96299+00
75910,9.04,2026-03-11 19:39:47.164956+00
75911,10.61,2026-03-11 19:40:35.59613+00
75912,9.09,2026-03-11 19:41:41.389892+00
75913,9.84,2026-03-11 19:42:11.117+00
75914,9.12,2026-03-11 19:43:34.864216+00
75915,9.94,2026-03-11 19:44:09.061108+00
75916,10.42,2026-03-11 19:46:11.040627+00
75917,10.11,2026-03-11 19:47:40.766212+00
75918,9.21,2026-03-11 19:48:10.534235+00
75919,9.91,2026-03-11 19:49:15.060069+00
75920,8.5,2026-03-11 19:50:34.230312+00
75921,9.94,2026-03-11 19:51:45.745848+00
75922,9.64,2026-03-11 19:52:14.706354+00
75923,10.13,2026-03-11 19:53:02.666915+00
75924,8.64,2026-03-11 19:54:42.597829+00
75925,9.87,2026-03-11 19:55:42.655703+00
75926,10.11,2026-03-11 19:56:46.112688+00
75927,10.18,2026-03-11 19:57:32.377145+00
75928,8.82,2026-03-11 19:58:37.249344+00
75929,9.75,2026-03-11 20:00:03.070847+00
75930,9.61,2026-03-11 20:01:25.376866+00
75931,8.33,2026-03-11 20:03:34.554941+00
75932,10.03,2026-03-11 20:04:48.362424+00
75933,9.68,2026-03-11 20:05:17.015069+00
75934,9.71,2026-03-11 20:06:15.582369+00
75935,9.08,2026-03-11 20:07:44.49181+00
75936,9.79,2026-03-11 20:08:28.109913+00
75937,9.99,2026-03-11 20:09:35.453905+00
75938,9.02,2026-03-11 20:11:18.578041+00
75939,8.68,2026-03-11 20:12:45.256297+00
75940,9.23,2026-03-11 20:13:02.736553+00
75941,9.32,2026-03-11 20:14:03.65972+00
75942,9.1,2026-03-11 20:15:04.931574+00
75943,9.05,2026-03-11 20:16:23.891783+00
75944,9.05,2026-03-11 20:17:27.679364+00
75945,10,2026-03-11 20:18:17.936912+00
75946,8.25,2026-03-11 20:19:02.498278+00
75947,9.22,2026-03-11 20:20:36.431811+00
75948,9.92,2026-03-11 20:21:21.849146+00
75949,8.94,2026-03-11 20:22:29.239045+00
75950,8.63,2026-03-11 20:23:23.567071+00
75951,9.03,2026-03-11 20:25:15.19609+00
75952,9.83,2026-03-11 20:26:10.275425+00
75953,9.3,2026-03-11 20:27:22.722403+00
75954,9.77,2026-03-11 20:28:40.526624+00
75955,8.37,2026-03-11 20:29:15.189682+00
75956,8.45,2026-03-11 20:30:25.656568+00
75957,8.97,2026-03-11 20:31:48.329827+00
75958,9.81,2026-03-11 20:32:13.13609+00
75959,9.48,2026-03-11 20:33:06.821219+00
75960,8.54,2026-03-11 20:34:46.927541+00
75961,8.12,2026-03-11 20:35:13.646923+00
75962,8.34,2026-03-11 20:36:38.00086+00
75963,9.89,2026-03-11 20:37:03.527215+00
75964,8.06,2026-03-11 20:38:21.618935+00
75965,8.51,2026-03-11 20:40:00.203864+00
75966,9.21,2026-03-11 20:41:42.440192+00
75967,9.36,2026-03-11 20:42:04.308872+00
75968,9.37,2026-03-11 20:43:15.338305+00
75969,9.4,2026-03-11 20:44:12.231748+00
75970,8.2,2026-03-11 20:45:19.226721+00
75971,8.51,2026-03-11 20:46:06.713487+00
75972,8.89,2026-03-11 20:47:40.064472+00
75973,8.06,2026-03-11 20:48:09.043912+00
75974,9.64,2026-03-11 20:49:44.011218+00
75975,9.17,2026-03-11 20:50:35.220047+00
75976,9.73,2026-03-11 20:51:08.468425+00
75977,9.52,2026-03-11 20:52:26.962871+00
75978,9.19,2026-03-11 20:54:44.41607+00
75979,9.07,2026-03-11 20:55:34.457749+00
75980,9.7,2026-03-11 20:56:19.832667+00
75981,9.56,2026-03-11 20:57:27.725267+00
75982,8.03,2026-03-11 20:58:04.727805+00
75983,9.15,2026-03-11 20:59:39.492313+00
75984,7.79,2026-03-11 21:00:39.661579+00
75985,7.76,2026-03-11 21:01:42.484372+00
75986,7.74,2026-03-11 21:02:29.611895+00
75987,9.03,2026-03-11 21:03:44.229224+00
75988,8.04,2026-03-11 21:04:15.001135+00
75989,9.12,2026-03-11 21:05:12.02416+00
75990,8.17,2026-03-11 21:06:15.944552+00
75991,8.6,2026-03-11 21:07:12.685809+00
75992,8.74,2026-03-11 21:09:08.204701+00
75993,9.66,2026-03-11 21:10:16.355438+00
75994,8.44,2026-03-11 21:11:20.598275+00
75995,8.59,2026-03-11 21:12:43.603558+00
75996,8.3,2026-03-11 21:13:23.013736+00
75997,8.57,2026-03-11 21:14:19.482348+00
75998,8.94,2026-03-11 21:15:26.656699+00
75999,8.55,2026-03-11 21:16:32.389912+00
76000,9.14,2026-03-11 21:17:13.035491+00
76001,7.91,2026-03-11 21:18:44.664914+00
76002,8.91,2026-03-11 21:19:44.465784+00
76003,9.51,2026-03-11 21:20:02.085523+00
76004,8.47,2026-03-11 21:21:25.347725+00
76005,8.74,2026-03-11 21:23:23.633181+00
76006,9.47,2026-03-11 21:24:35.517668+00
76007,8.43,2026-03-11 21:25:34.740698+00
76008,7.83,2026-03-11 21:26:24.357455+00
76009,9.16,2026-03-11 21:27:43.140845+00
76010,9.19,2026-03-11 21:28:30.188134+00
76011,8.49,2026-03-11 21:29:24.277975+00
76012,9,2026-03-11 21:30:20.622761+00
76013,9.26,2026-03-11 21:31:32.436202+00
76014,8.35,2026-03-11 21:32:25.022188+00
76015,9.53,2026-03-11 21:33:18.73297+00
76016,8.43,2026-03-11 21:34:06.527336+00
76017,9.7,2026-03-11 21:35:35.917392+00
76018,8.66,2026-03-11 21:36:47.568727+00
76019,9.69,2026-03-11 21:37:41.70753+00
76020,9.51,2026-03-11 21:39:29.747253+00
76021,8.18,2026-03-11 21:40:38.000032+00
76022,8.94,2026-03-11 21:41:32.045002+00
76023,7.78,2026-03-11 21:42:34.950331+00
76024,7.85,2026-03-11 21:43:16.373533+00
76025,8.99,2026-03-11 21:45:01.152515+00
76026,8.62,2026-03-11 21:46:49.912349+00
76027,9.13,2026-03-11 21:47:30.301832+00
76028,8.79,2026-03-11 21:48:20.688654+00
76029,8.29,2026-03-11 21:49:00.767312+00
76030,8.93,2026-03-11 21:51:13.77283+00
76031,8,2026-03-11 21:52:33.104928+00
76032,9.31,2026-03-11 21:53:48.744069+00
76033,8.57,2026-03-11 21:54:00.637982+00
76034,8.67,2026-03-11 21:55:29.163723+00
76035,8.37,2026-03-11 21:56:19.767752+00
76036,9.21,2026-03-11 21:57:20.110204+00
76037,9.32,2026-03-11 21:58:01.160087+00
76038,7.71,2026-03-11 21:59:45.010189+00
76039,8.32,2026-03-11 22:00:16.169486+00
76040,7.87,2026-03-11 22:01:08.652192+00
76041,8.65,2026-03-11 22:02:38.573023+00
76042,8.9,2026-03-11 22:03:43.737022+00
76043,7.93,2026-03-11 22:04:09.105583+00
76044,8.29,2026-03-11 22:05:37.577974+00
76045,8.98,2026-03-11 22:07:08.770429+00
76046,9.01,2026-03-11 22:08:08.932427+00
76047,8.1,2026-03-11 22:09:46.245501+00
76048,9.37,2026-03-11 22:10:35.608978+00
76049,7.73,2026-03-11 22:11:49.713052+00
76050,9.26,2026-03-11 22:12:47.253276+00
76051,8.35,2026-03-11 22:13:46.557191+00
76052,9.4,2026-03-11 22:14:42.147583+00
76053,7.63,2026-03-11 22:15:20.108642+00
76054,7.84,2026-03-11 22:16:25.311804+00
76055,9.15,2026-03-11 22:17:47.05302+00
76056,9.42,2026-03-11 22:18:15.531086+00
76057,7.99,2026-03-11 22:19:17.151703+00
76058,7.5,2026-03-11 22:20:31.106861+00
76059,8.74,2026-03-11 22:22:45.764638+00
76060,8.13,2026-03-11 22:23:08.68713+00
76061,8.51,2026-03-11 22:24:22.389552+00
76062,8.22,2026-03-11 22:25:09.282537+00
76063,7.75,2026-03-11 22:26:40.212003+00
76064,9.14,2026-03-11 22:27:00.760206+00
76065,8.26,2026-03-11 22:28:19.572572+00
76066,8.25,2026-03-11 22:29:15.550031+00
76067,8.97,2026-03-11 22:30:39.734285+00
76068,9.06,2026-03-11 22:31:14.254579+00
76069,7.36,2026-03-11 22:32:47.949064+00
76070,9.25,2026-03-11 22:33:18.202142+00
76071,8.68,2026-03-11 22:36:37.100074+00
76072,8.4,2026-03-11 22:37:10.467756+00
76073,8.54,2026-03-11 22:38:46.549719+00
76074,7.7,2026-03-11 22:39:47.513797+00
76075,8.87,2026-03-11 22:40:01.235389+00
76076,8.2,2026-03-11 22:41:29.676768+00
76077,9.2,2026-03-11 22:42:45.253368+00
76078,8.66,2026-03-11 22:43:08.850695+00
76079,7.52,2026-03-11 22:44:23.701445+00
76080,7.33,2026-03-11 22:45:36.698124+00
76081,7.65,2026-03-11 22:46:14.609837+00
76082,8.52,2026-03-11 22:47:13.21077+00
76083,7.81,2026-03-11 22:49:25.889788+00
76084,7.55,2026-03-11 22:50:31.115515+00
76085,7.58,2026-03-11 22:51:15.945456+00
76086,7.76,2026-03-11 22:52:01.964655+00
76087,7.32,2026-03-11 22:53:40.623282+00
76088,7.74,2026-03-11 22:54:26.344292+00
76089,7.27,2026-03-11 22:55:00.67669+00
76090,8.48,2026-03-11 22:56:12.610664+00
76091,7.38,2026-03-11 22:57:07.798515+00
76092,8.62,2026-03-11 22:58:24.248383+00
76093,8.81,2026-03-11 22:59:40.398324+00
76094,7.45,2026-03-11 23:00:47.028245+00
76095,7.06,2026-03-11 23:01:16.455024+00
76096,7.75,2026-03-11 23:02:09.384874+00
76097,7.19,2026-03-11 23:04:31.477805+00
76098,8.93,2026-03-11 23:05:39.479908+00
76099,8.65,2026-03-11 23:06:27.593712+00
76100,8.41,2026-03-11 23:07:18.094972+00
76101,7.52,2026-03-11 23:08:09.107625+00
76102,8.4,2026-03-11 23:09:11.793489+00
76103,8.14,2026-03-11 23:10:15.617048+00
76104,7.04,2026-03-11 23:11:18.194542+00
76105,7.09,2026-03-11 23:12:00.060139+00
76106,7.64,2026-03-11 23:13:22.80147+00
76107,7.23,2026-03-11 23:14:44.470019+00
76108,7.54,2026-03-11 23:15:17.395442+00
76109,7.43,2026-03-11 23:17:45.288029+00
76110,7.03,2026-03-11 23:18:13.237746+00
76111,7.03,2026-03-11 23:19:03.601564+00
76112,8.51,2026-03-11 23:20:32.474997+00
76113,7.27,2026-03-11 23:21:11.277763+00
76114,8.07,2026-03-11 23:22:01.774684+00
76115,7.28,2026-03-11 23:23:02.555241+00
76116,8.33,2026-03-11 23:24:17.144842+00
76117,8.8,2026-03-11 23:25:43.740733+00
76118,7.15,2026-03-11 23:26:39.870984+00
76119,8.28,2026-03-11 23:27:19.475876+00
76120,7.97,2026-03-11 23:28:26.615731+00
76121,7.74,2026-03-11 23:29:32.822852+00
76122,8.69,2026-03-11 23:30:04.715995+00
76123,8.02,2026-03-11 23:32:02.995106+00
76124,7.98,2026-03-11 23:33:38.847819+00
76125,7.44,2026-03-11 23:34:36.229595+00
76126,7.53,2026-03-11 23:35:41.974088+00
76127,7.04,2026-03-11 23:36:23.098192+00
76128,7.88,2026-03-11 23:37:34.083775+00
76129,7.19,2026-03-11 23:38:45.245244+00
76130,6.82,2026-03-11 23:39:40.210195+00
76131,7.68,2026-03-11 23:40:17.645022+00
76132,7.77,2026-03-11 23:41:16.030763+00
76133,7.67,2026-03-11 23:42:22.447673+00
76134,7.72,2026-03-11 23:43:25.749583+00
76135,7.42,2026-03-11 23:44:34.228258+00
76136,8.59,2026-03-11 23:45:14.557452+00
76137,6.76,2026-03-11 23:47:47.185085+00
76138,8.28,2026-03-11 23:48:04.571138+00
76139,6.82,2026-03-11 23:49:16.57413+00
76140,8.12,2026-03-11 23:50:04.59686+00
76141,7.06,2026-03-11 23:51:23.347029+00
76142,8.24,2026-03-11 23:52:36.847958+00
76143,7.1,2026-03-11 23:53:41.354242+00
76144,6.96,2026-03-11 23:54:17.632548+00
76145,6.91,2026-03-11 23:55:09.84352+00
76146,7.43,2026-03-11 23:56:00.582811+00
76147,8.29,2026-03-11 23:57:01.618983+00
76148,7.16,2026-03-11 23:58:41.431572+00
76149,7.92,2026-03-11 23:59:00.417708+00
76150,7.06,2026-03-12 00:00:35.913162+00
76151,7.54,2026-03-12 00:02:26.186855+00
76152,6.84,2026-03-12 00:03:01.624388+00
76153,6.74,2026-03-12 00:04:39.532659+00
76154,7.03,2026-03-12 00:05:25.699579+00
76155,7.91,2026-03-12 00:06:44.397885+00
76156,6.98,2026-03-12 00:07:17.050951+00
76157,8.41,2026-03-12 00:08:36.987728+00
76158,8.3,2026-03-12 00:09:27.456534+00
76159,7.22,2026-03-12 00:10:07.835608+00
76160,7.07,2026-03-12 00:11:33.579769+00
76161,8.27,2026-03-12 00:12:49.599356+00
76162,6.78,2026-03-12 00:13:36.115418+00
76163,8.37,2026-03-12 00:14:05.605658+00
76164,7.7,2026-03-12 00:15:30.529171+00
76165,8.34,2026-03-12 00:17:01.23156+00
76166,7,2026-03-12 00:18:34.974224+00
76167,7.7,2026-03-12 00:19:30.177035+00
76168,6.84,2026-03-12 00:20:27.873775+00
76169,7.56,2026-03-12 00:21:49.382612+00
76170,7.43,2026-03-12 00:22:30.677718+00
76171,7.33,2026-03-12 00:23:08.707654+00
76172,8.34,2026-03-12 00:24:39.207065+00
76173,7.71,2026-03-12 00:25:49.23744+00
76174,7.18,2026-03-12 00:26:33.79123+00
76175,6.85,2026-03-12 00:27:06.344045+00
76176,7.49,2026-03-12 00:28:29.348672+00
76177,7.25,2026-03-12 00:29:36.677331+00
76178,8.2,2026-03-12 00:30:31.362256+00
76179,6.41,2026-03-12 00:32:20.886189+00
76180,8.05,2026-03-12 00:33:22.145107+00
76181,7.29,2026-03-12 00:34:32.199239+00
76182,6.66,2026-03-12 00:35:34.580003+00
76183,7.62,2026-03-12 00:36:07.748956+00
76184,7.74,2026-03-12 00:37:05.730987+00
76185,8.28,2026-03-12 00:38:03.285167+00
76186,7.74,2026-03-12 00:39:38.285544+00
76187,7.84,2026-03-12 00:40:13.189155+00
76188,8.21,2026-03-12 00:41:41.726015+00
76189,6.5,2026-03-12 00:42:12.65374+00
76190,6.62,2026-03-12 00:43:32.558316+00
76191,7.59,2026-03-12 00:44:04.517187+00
76192,7.19,2026-03-12 00:45:27.881969+00
76193,6.85,2026-03-12 00:47:34.503958+00
76194,6.9,2026-03-12 00:48:39.772729+00
76195,6.81,2026-03-12 00:49:40.576357+00
76196,8.19,2026-03-12 00:50:35.765042+00
76197,6.91,2026-03-12 00:51:16.933599+00
76198,8.01,2026-03-12 00:52:26.235214+00
76199,7.79,2026-03-12 00:53:34.280403+00
76200,6.64,2026-03-12 00:54:42.070721+00
76201,6.9,2026-03-12 00:55:21.587185+00
76202,7.52,2026-03-12 00:56:36.244149+00
76203,6.48,2026-03-12 00:57:35.695173+00
76204,7.78,2026-03-12 00:58:39.20331+00
76205,6.59,2026-03-12 00:59:34.981686+00
76206,6.61,2026-03-12 01:00:48.092618+00
76207,7.87,2026-03-12 01:02:49.160835+00
76208,6.34,2026-03-12 01:03:32.11649+00
76209,6.94,2026-03-12 01:04:42.086734+00
76210,6.35,2026-03-12 01:05:20.590467+00
76211,8.08,2026-03-12 01:06:45.382912+00
76212,6.61,2026-03-12 01:07:18.689949+00
76213,7.99,2026-03-12 01:08:47.995638+00
76214,6.79,2026-03-12 01:09:28.544792+00
76215,7.88,2026-03-12 01:10:04.277844+00
76216,6.56,2026-03-12 01:11:45.895068+00
76217,6.77,2026-03-12 01:12:05.969785+00
76218,7.76,2026-03-12 01:13:20.867889+00
76219,7.41,2026-03-12 01:14:05.591004+00
76220,6.77,2026-03-12 01:15:38.221041+00
76221,6.75,2026-03-12 01:17:10.492919+00
76222,8.01,2026-03-12 01:18:04.947667+00
76223,6.97,2026-03-12 01:19:23.265176+00
76224,7.19,2026-03-12 01:20:48.11584+00
76225,7.16,2026-03-12 01:21:47.303551+00
76226,7.45,2026-03-12 01:22:12.659959+00
76227,6.89,2026-03-12 01:23:22.710444+00
76228,7.14,2026-03-12 01:24:42.51405+00
76229,6.85,2026-03-12 01:25:38.897708+00
76230,6.74,2026-03-12 01:26:08.376853+00
76231,7.3,2026-03-12 01:27:29.602484+00
76232,6.24,2026-03-12 01:28:01.723973+00
76233,7.98,2026-03-12 01:29:10.032864+00
76234,6.85,2026-03-12 01:30:35.67074+00
76235,7.8,2026-03-12 01:32:13.010057+00
76236,6.47,2026-03-12 01:33:15.055125+00
76237,7.21,2026-03-12 01:34:39.423772+00
76238,6.54,2026-03-12 01:35:23.964745+00
76239,6.89,2026-03-12 01:36:41.436457+00
76240,6.4,2026-03-12 01:37:46.919462+00
76241,7.86,2026-03-12 01:38:08.993331+00
76242,7.35,2026-03-12 01:39:42.110022+00
76243,7.43,2026-03-12 01:40:11.262382+00
76244,6.22,2026-03-12 01:41:09.900792+00
76245,6.58,2026-03-12 01:42:22.319024+00
76246,7.38,2026-03-12 01:43:18.869426+00
76247,7.94,2026-03-12 01:44:39.362354+00
76248,6.5,2026-03-12 01:45:47.464769+00
76249,8,2026-03-12 01:47:00.003387+00
76250,7.19,2026-03-12 01:48:26.887916+00
76251,7.41,2026-03-12 01:49:30.110574+00
76252,6.64,2026-03-12 01:50:12.319376+00
76253,6.53,2026-03-12 01:51:24.326857+00
76254,7.2,2026-03-12 01:52:25.733692+00
76255,7.96,2026-03-12 01:53:19.423917+00
76256,6.2,2026-03-12 01:54:29.985558+00
76257,6.24,2026-03-12 01:55:07.303618+00
76258,7.09,2026-03-12 01:56:43.936017+00
76259,7.4,2026-03-12 01:57:05.833979+00
76260,7.19,2026-03-12 01:58:46.703229+00
76261,7.57,2026-03-12 01:59:30.207553+00
76262,6.21,2026-03-12 02:00:46.570612+00
76263,7.72,2026-03-12 02:01:13.040043+00
76264,7.43,2026-03-12 02:03:26.400603+00
76265,6.66,2026-03-12 02:04:22.983735+00
76266,7.78,2026-03-12 02:05:04.4864+00
76267,7.63,2026-03-12 02:06:21.050332+00
76268,6.19,2026-03-12 02:07:46.971162+00
76269,6.46,2026-03-12 02:08:41.942028+00
76270,6.62,2026-03-12 02:09:14.705429+00
76271,7.17,2026-03-12 02:10:33.712797+00
76272,6.94,2026-03-12 02:11:05.333797+00
76273,7.86,2026-03-12 02:12:32.252275+00
76274,6.08,2026-03-12 02:13:34.350644+00
76275,7.09,2026-03-12 02:14:04.313907+00
76276,7.58,2026-03-12 02:15:16.409658+00
76277,7.09,2026-03-12 02:16:14.510239+00
76278,7.58,2026-03-12 02:18:34.95396+00
76279,7.02,2026-03-12 02:19:27.847908+00
76280,7.81,2026-03-12 02:20:45.793774+00
76281,6.99,2026-03-12 02:21:04.022514+00
76282,7.11,2026-03-12 02:22:20.713855+00
76283,6.39,2026-03-12 02:23:26.207653+00
76284,6.33,2026-03-12 02:24:07.353193+00
76285,6.09,2026-03-12 02:25:40.835098+00
76286,7.94,2026-03-12 02:26:26.847873+00
76287,6.54,2026-03-12 02:27:06.724732+00
76288,6.14,2026-03-12 02:28:49.186307+00
76289,7.78,2026-03-12 02:29:49.221045+00
76290,6.69,2026-03-12 02:30:18.543586+00
76291,6.49,2026-03-12 02:31:10.165827+00
76292,6.38,2026-03-12 02:32:43.861587+00
76293,7.76,2026-03-12 02:34:00.937021+00
76294,7.92,2026-03-12 02:35:35.691041+00
76295,7.63,2026-03-12 02:36:36.891408+00
76296,6.83,2026-03-12 02:37:10.772664+00
76297,7.48,2026-03-12 02:38:40.453695+00
76298,6.57,2026-03-12 02:39:17.521721+00
76299,6.25,2026-03-12 02:40:41.299869+00
76300,6.99,2026-03-12 02:41:34.671266+00
76301,6.44,2026-03-12 02:42:20.447855+00
76302,7.34,2026-03-12 02:43:35.416548+00
76303,6.31,2026-03-12 02:44:02.821721+00
76304,7.88,2026-03-12 02:45:22.03816+00
76305,6.67,2026-03-12 02:46:38.910377+00
76306,7.1,2026-03-12 02:47:11.909865+00
76307,7.85,2026-03-12 02:49:34.50715+00
76308,6.51,2026-03-12 02:50:15.224428+00
76309,6.5,2026-03-12 02:51:18.450416+00
76310,7.21,2026-03-12 02:52:13.286936+00
76311,7.93,2026-03-12 02:53:14.754311+00
76312,7.57,2026-03-12 02:54:09.092084+00
76313,7.72,2026-03-12 02:55:43.927248+00
76314,7.84,2026-03-12 02:56:27.451699+00
76315,7.02,2026-03-12 02:57:10.033708+00
76316,6.15,2026-03-12 02:58:43.909033+00
76317,7.61,2026-03-12 02:59:11.019456+00
76318,7.66,2026-03-12 03:00:03.022766+00
76319,7.74,2026-03-12 03:01:10.920648+00
76320,7.9,2026-03-12 03:02:20.878864+00
76321,7.68,2026-03-12 03:03:32.420223+00
76322,6.93,2026-03-12 03:05:26.524398+00
76323,6.27,2026-03-12 03:06:42.090764+00
76324,6.9,2026-03-12 03:07:11.585261+00
76325,7.22,2026-03-12 03:08:25.656718+00
76326,7.43,2026-03-12 03:09:27.826293+00
76327,7.3,2026-03-12 03:10:33.313198+00
76328,6.03,2026-03-12 03:11:19.422039+00
76329,6.94,2026-03-12 03:12:15.912374+00
76330,7.88,2026-03-12 03:13:47.084238+00
76331,7.67,2026-03-12 03:14:13.610752+00
76332,7.64,2026-03-12 03:15:46.150067+00
76333,7.23,2026-03-12 03:16:29.772059+00
76334,6.53,2026-03-12 03:17:28.134257+00
76335,6.73,2026-03-12 03:18:28.902415+00
76336,7.03,2026-03-12 03:20:45.440756+00
76337,6.1,2026-03-12 03:21:19.578815+00
76338,6.3,2026-03-12 03:22:45.595883+00
76339,7.57,2026-03-12 03:23:28.704693+00
76340,6.79,2026-03-12 03:24:45.548683+00
76341,6.82,2026-03-12 03:25:19.733394+00
76342,7.61,2026-03-12 03:26:27.451753+00
76343,7.48,2026-03-12 03:27:24.534558+00
76344,6.87,2026-03-12 03:28:32.873266+00
76345,6.94,2026-03-12 03:29:47.058996+00
76346,6.16,2026-03-12 03:30:01.015402+00
76347,7.19,2026-03-12 03:31:10.042304+00
76348,6.36,2026-03-12 03:32:16.214711+00
76349,7.17,2026-03-12 03:33:27.566673+00
76350,6.26,2026-03-12 03:35:08.342608+00
76351,7.6,2026-03-12 03:36:21.239069+00
76352,6.77,2026-03-12 03:37:36.771063+00
76353,7.85,2026-03-12 03:38:45.374983+00
76354,6.1,2026-03-12 03:39:02.869265+00
76355,6.8,2026-03-12 03:40:42.680009+00
76356,8.07,2026-03-12 03:41:35.71414+00
76357,7.94,2026-03-12 03:42:39.300501+00
76358,7.5,2026-03-12 03:43:30.943185+00
76359,7.78,2026-03-12 03:44:38.000811+00
76360,8.15,2026-03-12 03:45:20.689669+00
76361,6.72,2026-03-12 03:46:10.580549+00
76362,7.96,2026-03-12 03:47:05.395991+00
76363,7.87,2026-03-12 03:48:31.872689+00
76364,7.96,2026-03-12 03:50:01.096066+00
76365,7.41,2026-03-12 03:51:32.20628+00
76366,7.17,2026-03-12 03:52:11.175287+00
76367,6.3,2026-03-12 03:54:43.178629+00
76368,7.14,2026-03-12 03:55:17.626016+00
76369,7.61,2026-03-12 03:56:13.483417+00
76370,7.25,2026-03-12 03:57:21.257877+00
76371,7.29,2026-03-12 03:58:45.263172+00
76372,7.95,2026-03-12 03:59:42.392975+00
76373,7.46,2026-03-12 04:01:25.144989+00
76374,7.25,2026-03-12 04:02:45.486869+00
76375,7.16,2026-03-12 04:03:24.762417+00
76376,7.87,2026-03-12 04:04:27.828122+00
76377,7.29,2026-03-12 04:05:23.236921+00
76378,6.86,2026-03-12 04:06:43.033909+00
76379,7.09,2026-03-12 04:07:29.558666+00
76380,6.88,2026-03-12 04:08:19.933486+00
76381,7.97,2026-03-12 04:09:22.44683+00
76382,8.11,2026-03-12 04:10:19.15074+00
76383,6.37,2026-03-12 04:11:37.969494+00
76384,7.8,2026-03-12 04:12:33.298944+00
76385,7.01,2026-03-12 04:13:07.976078+00
76386,8.16,2026-03-12 04:14:33.190471+00
76387,6.62,2026-03-12 04:16:49.125696+00
76388,7.04,2026-03-12 04:17:40.634172+00
76389,7.65,2026-03-12 04:18:33.952529+00
76390,8.02,2026-03-12 04:19:11.969875+00
76391,7.53,2026-03-12 04:20:12.009534+00
76392,7.04,2026-03-12 04:21:26.645993+00
76393,7.35,2026-03-12 04:22:23.173408+00
76394,7.56,2026-03-12 04:23:07.158308+00
76395,6.45,2026-03-12 04:24:02.204072+00
76396,7.06,2026-03-12 04:25:34.380628+00
76397,6.58,2026-03-12 04:26:31.574142+00
76398,7.93,2026-03-12 04:27:43.98959+00
76399,7.48,2026-03-12 04:28:42.811108+00
76400,7.91,2026-03-12 04:29:15.707964+00
76401,7.58,2026-03-12 04:31:30.637789+00
76402,7.45,2026-03-12 04:32:19.92925+00
76403,6.72,2026-03-12 04:33:39.209403+00
76404,7.19,2026-03-12 04:34:45.317798+00
76405,7,2026-03-12 04:35:38.573305+00
76406,7.23,2026-03-12 04:36:06.508172+00
76407,8.23,2026-03-12 04:37:47.837054+00
76408,8.36,2026-03-12 04:38:25.497511+00
76409,7.56,2026-03-12 04:39:47.971413+00
76410,6.75,2026-03-12 04:40:33.326765+00
76411,7.15,2026-03-12 04:41:04.561261+00
76412,7.62,2026-03-12 04:42:12.180596+00
76413,7.98,2026-03-12 04:43:12.823953+00
76414,8.19,2026-03-12 04:44:32.357632+00
76415,6.6,2026-03-12 04:45:10.171754+00
76416,8.03,2026-03-12 04:47:40.503737+00
76417,8.26,2026-03-12 04:48:11.664586+00
76418,8.03,2026-03-12 04:49:43.122686+00
76419,7.72,2026-03-12 04:50:02.259574+00
76420,8.23,2026-03-12 04:51:14.402438+00
76421,7.93,2026-03-12 04:52:43.522866+00
76422,8.12,2026-03-12 04:53:43.957656+00
76423,7.32,2026-03-12 04:54:03.026405+00
76424,7.48,2026-03-12 04:55:34.333942+00
76425,7.58,2026-03-12 04:56:09.166578+00
76426,7.61,2026-03-12 04:57:25.723127+00
76427,6.53,2026-03-12 04:58:08.547824+00
76428,7.22,2026-03-12 04:59:05.967157+00
76429,7.42,2026-03-12 05:00:01.627978+00
76430,7.21,2026-03-12 05:02:38.860977+00
76431,8.1,2026-03-12 05:03:44.823509+00
76432,7.45,2026-03-12 05:04:44.492513+00
76433,7.99,2026-03-12 05:05:30.154554+00
76434,7.38,2026-03-12 05:06:16.854425+00
76435,8.29,2026-03-12 05:07:41.842484+00
76436,8.04,2026-03-12 05:08:08.04791+00
76437,7.99,2026-03-12 05:09:26.857772+00
76438,7.5,2026-03-12 05:10:30.779113+00
76439,8.19,2026-03-12 05:11:27.3843+00
76440,6.83,2026-03-12 05:12:16.718612+00
76441,7.25,2026-03-12 05:13:32.675856+00
76442,8.1,2026-03-12 05:14:11.897245+00
76443,7.65,2026-03-12 05:15:00.465323+00
76444,7.22,2026-03-12 05:16:00.142808+00
76445,7.12,2026-03-12 05:18:49.011321+00
76446,8.55,2026-03-12 05:19:10.236043+00
76447,6.61,2026-03-12 05:20:30.920247+00
76448,8.56,2026-03-12 05:21:28.303579+00
76449,8.38,2026-03-12 05:22:06.619967+00
76450,6.97,2026-03-12 05:23:08.372372+00
76451,6.62,2026-03-12 05:24:47.959429+00
76452,7.75,2026-03-12 05:25:05.867033+00
76453,7.31,2026-03-12 05:26:46.622624+00
76454,8.46,2026-03-12 05:27:30.94796+00
76455,7.96,2026-03-12 05:28:42.904705+00
76456,6.81,2026-03-12 05:29:29.436421+00
76457,7.85,2026-03-12 05:30:47.842486+00
76458,7.43,2026-03-12 05:31:18.563945+00
76459,7.25,2026-03-12 05:32:15.798978+00
76460,8.77,2026-03-12 05:34:44.472127+00
76461,8.49,2026-03-12 05:35:04.624694+00
76462,7.45,2026-03-12 05:36:19.513574+00
76463,7.98,2026-03-12 05:37:11.422114+00
76464,7.51,2026-03-12 05:38:48.557213+00
76465,7.75,2026-03-12 05:39:36.910184+00
76466,6.9,2026-03-12 05:40:22.675048+00
76467,8.54,2026-03-12 05:41:27.983459+00
76468,8.34,2026-03-12 05:42:21.292209+00
76469,7.65,2026-03-12 05:43:49.001829+00
76470,7.97,2026-03-12 05:44:41.617896+00
76471,8.37,2026-03-12 05:45:37.449438+00
76472,8.5,2026-03-12 05:46:33.255279+00
76473,8.26,2026-03-12 05:47:04.971066+00
76474,7.6,2026-03-12 05:48:40.263769+00
76475,8.39,2026-03-12 05:50:40.327852+00
76476,8.4,2026-03-12 05:51:37.608378+00
76477,7.15,2026-03-12 05:52:43.737484+00
76478,7.51,2026-03-12 05:53:35.64347+00
76479,8.31,2026-03-12 05:54:15.203533+00
76480,7.68,2026-03-12 05:55:30.040452+00
76481,8.38,2026-03-12 05:56:29.740297+00
76482,8.64,2026-03-12 05:57:35.24012+00
76483,7.98,2026-03-12 05:58:17.355568+00
76484,8.16,2026-03-12 05:59:12.542015+00
76485,8.26,2026-03-12 06:00:48.210706+00
76486,7.66,2026-03-12 06:01:19.547735+00
76487,7.14,2026-03-12 06:02:40.492362+00
76488,7.79,2026-03-12 06:03:29.573776+00
76489,7.59,2026-03-12 06:05:41.133761+00
76490,7.87,2026-03-12 06:06:09.876728+00
76491,7.28,2026-03-12 06:07:07.923047+00
76492,7.16,2026-03-12 06:08:18.271944+00
76493,8.51,2026-03-12 06:09:03.980824+00
76494,8.52,2026-03-12 06:10:32.003681+00
76495,8.62,2026-03-12 06:11:01.694581+00
76496,8.9,2026-03-12 06:12:41.536978+00
76497,8.95,2026-03-12 06:13:33.113238+00
76498,7.81,2026-03-12 06:14:45.310046+00
76499,8.48,2026-03-12 06:15:01.846935+00
76500,7.24,2026-03-12 06:16:32.329997+00
76501,8.56,2026-03-12 06:17:08.139523+00
76502,8.1,2026-03-12 06:18:03.568058+00
76503,8.59,2026-03-12 06:20:42.249309+00
76504,8.52,2026-03-12 06:21:38.994851+00
76505,8.74,2026-03-12 06:22:08.041108+00
76506,8.85,2026-03-12 06:23:12.997936+00
76507,7.66,2026-03-12 06:24:13.222041+00
76508,9.02,2026-03-12 06:25:26.831145+00
76509,8.49,2026-03-12 06:26:46.523285+00
76510,7.39,2026-03-12 06:27:36.013768+00
76511,8.6,2026-03-12 06:28:02.123256+00
76512,8.33,2026-03-12 06:29:10.51355+00
76513,8.45,2026-03-12 06:30:42.386311+00
76514,8.73,2026-03-12 06:31:42.63521+00
76515,9,2026-03-12 06:32:01.759253+00
76516,8.56,2026-03-12 06:33:35.421851+00
76517,8.24,2026-03-12 06:35:07.868784+00
76518,9.17,2026-03-12 06:36:35.81099+00
76519,7.55,2026-03-12 06:37:37.06473+00
76520,8.61,2026-03-12 06:38:37.988906+00
76521,8.84,2026-03-12 06:39:49.95562+00
76522,8.52,2026-03-12 06:40:32.073755+00
76523,9.09,2026-03-12 06:41:28.068911+00
76524,9.14,2026-03-12 06:42:14.018403+00
76525,8.48,2026-03-12 06:43:26.36159+00
76526,7.57,2026-03-12 06:44:10.346391+00
76527,8.36,2026-03-12 06:45:03.823371+00
76528,8.22,2026-03-12 06:46:28.996918+00
76529,8.72,2026-03-12 06:47:03.824843+00
76530,7.37,2026-03-12 06:48:49.164082+00
76531,9.17,2026-03-12 06:50:04.839594+00
76532,8.51,2026-03-12 06:51:05.718148+00
76533,9.16,2026-03-12 06:52:21.092628+00
76534,8.31,2026-03-12 06:53:22.750337+00
76535,9.1,2026-03-12 06:54:24.560602+00
76536,7.65,2026-03-12 06:55:13.681032+00
76537,9.05,2026-03-12 06:56:40.361009+00
76538,7.36,2026-03-12 06:57:07.514702+00
76539,8.48,2026-03-12 06:58:15.93128+00
76540,8.26,2026-03-12 06:59:43.531105+00
76541,8.38,2026-03-12 07:00:17.604977+00
76542,8.93,2026-03-12 07:01:37.020755+00
76543,8.92,2026-03-12 07:02:21.315308+00
76544,8.14,2026-03-12 07:04:21.860555+00
76545,9.34,2026-03-12 07:05:00.680448+00
76546,7.54,2026-03-12 07:06:29.610708+00
76547,8.55,2026-03-12 07:07:48.622204+00
76548,8.45,2026-03-12 07:08:41.042979+00
76549,8.98,2026-03-12 07:09:45.746278+00
76550,8.38,2026-03-12 07:10:32.600984+00
76551,7.59,2026-03-12 07:11:02.890804+00
76552,7.46,2026-03-12 07:12:17.225854+00
76553,7.49,2026-03-12 07:13:11.642149+00
76554,9.33,2026-03-12 07:14:20.445788+00
76555,8.07,2026-03-12 07:15:07.84956+00
76556,9.19,2026-03-12 07:16:32.3749+00
76557,8.47,2026-03-12 07:17:43.335566+00
76558,9.1,2026-03-12 07:19:13.73227+00
76559,8.26,2026-03-12 07:20:29.071236+00
76560,9.57,2026-03-12 07:21:43.836687+00
76561,7.69,2026-03-12 07:22:28.25856+00
76562,8.52,2026-03-12 07:23:39.746486+00
76563,9.38,2026-03-12 07:24:21.885934+00
76564,8.28,2026-03-12 07:25:15.723387+00
76565,9.28,2026-03-12 07:26:21.7444+00
76566,9.02,2026-03-12 07:27:43.009328+00
76567,9.13,2026-03-12 07:28:02.175293+00
76568,8.33,2026-03-12 07:29:29.929656+00
76569,9,2026-03-12 07:30:21.926849+00
76570,9,2026-03-12 07:31:27.703314+00
76571,9.1,2026-03-12 07:33:26.255223+00
76572,8.37,2026-03-12 07:34:48.021877+00
76573,9.68,2026-03-12 07:35:41.941652+00
76574,9.46,2026-03-12 07:36:31.928899+00
76575,8.71,2026-03-12 07:37:43.295842+00
76576,8.86,2026-03-12 07:38:23.371602+00
76577,8.92,2026-03-12 07:39:06.442874+00
76578,9.48,2026-03-12 07:40:47.080145+00
76579,8.24,2026-03-12 07:41:20.468285+00
76580,9.63,2026-03-12 07:42:35.212179+00
76581,9.66,2026-03-12 07:43:48.482203+00
76582,9.57,2026-03-12 07:44:06.249436+00
76583,8.5,2026-03-12 07:45:23.295557+00
76584,9.8,2026-03-12 07:46:31.020277+00
76585,8.56,2026-03-12 07:48:31.778761+00
76586,8.97,2026-03-12 07:49:25.399678+00
76587,9.13,2026-03-12 07:50:26.300644+00
76588,9.32,2026-03-12 07:51:07.993414+00
76589,8.59,2026-03-12 07:52:05.612688+00
76590,9.5,2026-03-12 07:53:42.987828+00
76591,8.46,2026-03-12 07:54:30.280419+00
76592,9.38,2026-03-12 07:55:17.707992+00
76593,9.8,2026-03-12 07:56:47.941952+00
76594,9.34,2026-03-12 07:57:16.50306+00
76595,8.43,2026-03-12 07:58:21.342451+00
76596,8.43,2026-03-12 07:59:07.593747+00
76597,9.06,2026-03-12 08:00:47.415092+00
76598,8.76,2026-03-12 08:01:34.026005+00
76599,9.42,2026-03-12 08:02:18.555838+00
76600,8.85,2026-03-12 08:04:14.806141+00
76601,9.24,2026-03-12 08:05:49.752246+00
76602,9.97,2026-03-12 08:06:14.794758+00
76603,9.88,2026-03-12 08:07:20.918044+00
76604,9.44,2026-03-12 08:08:26.154796+00
76605,9.7,2026-03-12 08:09:24.575105+00
76606,8.72,2026-03-12 08:10:46.672328+00
76607,9.54,2026-03-12 08:11:35.890759+00
76608,10.25,2026-03-12 08:12:18.025173+00
76609,9.95,2026-03-12 08:13:07.317624+00
76610,8.63,2026-03-12 08:14:04.073894+00
76611,9.02,2026-03-12 08:15:02.121823+00
76612,8.72,2026-03-12 08:16:39.632981+00
76613,9.28,2026-03-12 08:17:12.286392+00
76614,9.69,2026-03-12 08:19:48.482824+00
76615,10.16,2026-03-12 08:20:33.04423+00
76616,10.15,2026-03-12 08:21:07.563205+00
76617,9.21,2026-03-12 08:22:27.538292+00
76618,10.47,2026-03-12 08:23:37.915331+00
76619,9.12,2026-03-12 08:24:40.915082+00
76620,9.67,2026-03-12 08:25:39.8632+00
76621,10.2,2026-03-12 08:26:29.170052+00
76622,10.55,2026-03-12 08:27:04.913003+00
76623,9.93,2026-03-12 08:28:39.945129+00
76624,8.84,2026-03-12 08:29:21.095676+00
76625,9.71,2026-03-12 08:30:16.729231+00
76626,10.34,2026-03-12 08:31:31.453637+00
76627,8.83,2026-03-12 08:33:20.120087+00
76628,9.76,2026-03-12 08:34:27.448499+00
76629,9.8,2026-03-12 08:35:28.461906+00
76630,10.51,2026-03-12 08:36:44.942745+00
76631,8.87,2026-03-12 08:37:09.319235+00
76632,9.59,2026-03-12 08:38:01.103527+00
76633,9.52,2026-03-12 08:39:24.013619+00
76634,8.98,2026-03-12 08:40:09.7442+00
76635,9.95,2026-03-12 08:41:04.995847+00
76636,10.64,2026-03-12 08:42:07.313457+00
76637,9.89,2026-03-12 08:43:01.406132+00
76638,9.29,2026-03-12 08:44:19.692889+00
76639,9.78,2026-03-12 08:45:12.33733+00
76640,9.48,2026-03-12 08:46:22.315575+00
76641,9.21,2026-03-12 08:48:01.506806+00
76642,9.33,2026-03-12 08:49:31.853847+00
76643,10.34,2026-03-12 08:50:35.653191+00
76644,9.93,2026-03-12 08:51:42.282997+00
76645,10.5,2026-03-12 08:52:32.187006+00
76646,9.11,2026-03-12 08:53:06.349338+00
76647,9.99,2026-03-12 08:54:00.852364+00
76648,10.53,2026-03-12 08:55:08.611867+00
76649,10.84,2026-03-12 08:56:33.773975+00
76650,9.76,2026-03-12 08:57:10.439636+00
76651,10.94,2026-03-12 08:58:39.08385+00
76652,9.22,2026-03-12 08:59:42.705059+00
76653,9.12,2026-03-12 09:00:42.981003+00
76654,9.74,2026-03-12 09:01:45.476472+00
76655,10.36,2026-03-12 09:03:08.159185+00
76656,10.99,2026-03-12 09:04:15.511315+00
76657,10.61,2026-03-12 09:05:09.528847+00
76658,11.03,2026-03-12 09:06:09.917197+00
76659,10.61,2026-03-12 09:07:49.727633+00
76660,9.84,2026-03-12 09:08:44.579118+00
76661,10.32,2026-03-12 09:09:28.854665+00
76662,10.81,2026-03-12 09:10:38.368445+00
76663,10.24,2026-03-12 09:11:10.804286+00
76664,9.92,2026-03-12 09:12:38.621437+00
76665,9.11,2026-03-12 09:13:11.394768+00
76666,10.89,2026-03-12 09:14:29.740561+00
76667,9.97,2026-03-12 09:15:34.296806+00
76668,9.99,2026-03-12 09:17:08.300032+00
76669,10.45,2026-03-12 09:18:35.045937+00
76670,9.57,2026-03-12 09:19:12.126569+00
76671,9.86,2026-03-12 09:20:19.249942+00
76672,10.48,2026-03-12 09:21:40.817266+00
76673,9.86,2026-03-12 09:22:41.146172+00
76674,9.58,2026-03-12 09:23:39.528001+00
76675,11.07,2026-03-12 09:24:13.18241+00
76676,10.23,2026-03-12 09:25:05.978804+00
76677,9.84,2026-03-12 09:26:49.12555+00
76678,10.49,2026-03-12 09:27:06.657224+00
76679,10.17,2026-03-12 09:28:47.136638+00
76680,10.21,2026-03-12 09:29:45.031849+00
76681,10.8,2026-03-12 09:30:30.145627+00
76682,11.09,2026-03-12 09:33:43.238144+00
76683,10.66,2026-03-12 09:34:12.084796+00
76684,11.16,2026-03-12 09:35:44.869488+00
76685,10.72,2026-03-12 09:36:32.128772+00
76686,11.21,2026-03-12 09:37:36.841117+00
76687,11.34,2026-03-12 09:38:15.635153+00
76688,11.38,2026-03-12 09:39:25.977791+00
76689,10.14,2026-03-12 09:40:18.298359+00
76690,10.37,2026-03-12 09:41:17.360518+00
76691,10.3,2026-03-12 09:42:21.180417+00
76692,11.44,2026-03-12 09:43:24.774207+00
76693,11.61,2026-03-12 09:45:09.53514+00
76694,10.42,2026-03-12 09:46:45.264456+00
76695,10.46,2026-03-12 09:47:19.528308+00
76696,10.58,2026-03-12 09:48:11.241246+00
76697,10,2026-03-12 09:49:01.594438+00
76698,11.51,2026-03-12 09:50:25.584002+00
76699,11.56,2026-03-12 09:51:49.939263+00
76700,11.48,2026-03-12 09:52:06.903361+00
76701,11.42,2026-03-12 09:53:14.648295+00
76702,10.27,2026-03-12 09:54:02.480683+00
76703,10.18,2026-03-12 09:55:49.366637+00
76704,11.69,2026-03-12 09:56:23.621247+00
76705,11.23,2026-03-12 09:57:29.545524+00
76706,10.8,2026-03-12 09:58:13.215204+00
76707,11.01,2026-03-12 10:01:04.773893+00
76708,10.8,2026-03-12 10:02:05.776758+00
76709,10.14,2026-03-12 10:03:37.236086+00
76710,11.58,2026-03-12 10:04:43.721073+00
76711,10.84,2026-03-12 10:05:46.015604+00
76712,10.69,2026-03-12 10:06:37.388802+00
76713,11.69,2026-03-12 10:07:07.294414+00
76714,10.35,2026-03-12 10:08:42.050117+00
76715,11.82,2026-03-12 10:09:32.904297+00
76716,10.25,2026-03-12 10:10:21.339716+00
76717,11.49,2026-03-12 10:11:18.899395+00
76718,10.32,2026-03-12 10:12:38.753284+00
76719,10.89,2026-03-12 10:14:15.538787+00
76720,11.18,2026-03-12 10:15:00.33972+00
76721,12.13,2026-03-12 10:16:26.024775+00
76722,10.76,2026-03-12 10:17:40.189807+00
76723,11.44,2026-03-12 10:18:31.28317+00
76724,11.77,2026-03-12 10:19:04.245417+00
76725,11.84,2026-03-12 10:20:04.584531+00
76726,10.88,2026-03-12 10:21:43.57249+00
76727,12.12,2026-03-12 10:22:30.325432+00
76728,12.1,2026-03-12 10:23:00.216308+00
76729,10.65,2026-03-12 10:24:44.915294+00
76730,10.22,2026-03-12 10:25:36.039652+00
76731,10.35,2026-03-12 10:26:23.450093+00
76732,12.1,2026-03-12 10:27:35.967502+00
76733,10.57,2026-03-12 10:29:29.951444+00
76734,11.31,2026-03-12 10:30:43.303008+00
76735,11.62,2026-03-12 10:31:03.196462+00
76736,10.44,2026-03-12 10:32:30.314649+00
76737,10.98,2026-03-12 10:33:15.099746+00
76738,11.78,2026-03-12 10:34:14.493548+00
76739,10.58,2026-03-12 10:35:15.598219+00
76740,11.94,2026-03-12 10:36:30.741316+00
76741,11.59,2026-03-12 10:37:22.018541+00
76742,10.96,2026-03-12 10:38:45.014189+00
76743,11.92,2026-03-12 10:39:30.557181+00
76744,11.85,2026-03-12 10:40:09.949565+00
76745,10.3,2026-03-12 10:41:07.959025+00
76746,10.35,2026-03-12 10:42:34.850499+00
76747,12.13,2026-03-12 10:44:48.186058+00
76748,10.82,2026-03-12 10:45:06.992078+00
76749,10.54,2026-03-12 10:46:43.969126+00
76750,10.61,2026-03-12 10:47:24.495446+00
76751,10.72,2026-03-12 10:48:12.558892+00
76752,11,2026-03-12 10:49:04.339791+00
76753,11.67,2026-03-12 10:50:42.301151+00
76754,10.67,2026-03-12 10:51:08.423069+00
76755,12.02,2026-03-12 10:52:06.543512+00
76756,10.83,2026-03-12 10:53:28.957743+00
76757,12.14,2026-03-12 10:54:20.008691+00
76758,11.51,2026-03-12 10:55:22.173339+00
76759,11.42,2026-03-12 10:56:18.556795+00
76760,10.48,2026-03-12 10:58:28.090514+00
76761,10.22,2026-03-12 10:59:28.77705+00
76762,10.94,2026-03-12 11:00:25.187766+00
76763,12.03,2026-03-12 11:01:05.346493+00
76764,11.26,2026-03-12 11:02:28.899185+00
76765,11.54,2026-03-12 11:03:03.48124+00
76766,12.07,2026-03-12 11:04:13.927853+00
76767,11.22,2026-03-12 11:05:46.110132+00
76768,11.98,2026-03-12 11:06:08.405608+00
76769,10.37,2026-03-12 11:07:27.558891+00
76770,11.14,2026-03-12 11:08:11.408885+00
76771,10.83,2026-03-12 11:09:27.632586+00
76772,11.04,2026-03-12 11:10:28.458462+00
76773,11.6,2026-03-12 11:11:35.494413+00
76774,11.77,2026-03-12 11:12:01.567108+00
76775,10.7,2026-03-12 11:14:07.409255+00
76776,11.46,2026-03-12 11:15:36.24489+00
76777,11.62,2026-03-12 11:16:32.007596+00
76778,12.06,2026-03-12 11:17:23.792839+00
76779,11.01,2026-03-12 11:18:43.916574+00
76780,10.7,2026-03-12 11:19:49.990926+00
76781,12.26,2026-03-12 11:20:45.287732+00
76782,12.31,2026-03-12 11:21:14.96563+00
76783,12.16,2026-03-12 11:22:30.309526+00
76784,10.91,2026-03-12 11:23:34.75325+00
76785,10.42,2026-03-12 11:24:02.38435+00
76786,10.95,2026-03-12 11:25:27.367085+00
76787,11.5,2026-03-12 11:26:14.667001+00
76788,10.77,2026-03-12 11:27:04.361334+00
76789,11.38,2026-03-12 11:29:39.508791+00
76790,10.5,2026-03-12 11:30:26.868992+00
76791,11.78,2026-03-12 11:31:44.605982+00
76792,12.28,2026-03-12 11:32:25.578518+00
76793,11.72,2026-03-12 11:34:30.548291+00
76794,11.67,2026-03-12 11:35:23.669902+00
76795,10.69,2026-03-12 11:36:20.665767+00
76796,11.5,2026-03-12 11:37:47.733451+00
76797,10.61,2026-03-12 11:38:23.783232+00
76798,11.01,2026-03-12 11:40:43.388606+00
76799,10.47,2026-03-12 11:41:22.312696+00
76800,11.54,2026-03-12 11:42:15.497872+00
76801,11.43,2026-03-12 11:43:02.632748+00
76802,11.11,2026-03-12 11:44:05.210575+00
76803,10.95,2026-03-12 11:45:03.465021+00
76804,10.56,2026-03-12 11:46:04.16167+00
76805,10.65,2026-03-12 11:47:23.751163+00
76806,10.64,2026-03-12 11:48:21.500399+00
76807,11.49,2026-03-12 11:49:38.193977+00
76808,10.79,2026-03-12 11:50:30.889916+00
76809,12.21,2026-03-12 11:51:36.169621+00
76810,12.36,2026-03-12 11:52:10.103802+00
76811,10.62,2026-03-12 11:54:03.909932+00
76812,12.06,2026-03-12 11:55:20.778072+00
76813,12.5,2026-03-12 11:56:32.7149+00
76814,11.68,2026-03-12 11:57:47.302582+00
76815,11.3,2026-03-12 11:58:46.048677+00
76816,11.49,2026-03-12 11:59:00.23778+00
76817,11.08,2026-03-12 12:00:28.143643+00
76818,11.89,2026-03-12 12:01:07.318063+00
76819,10.86,2026-03-12 12:02:45.055445+00
76820,10.7,2026-03-12 12:03:49.019647+00
76821,11.82,2026-03-12 12:04:33.012955+00
76822,10.6,2026-03-12 12:05:05.455865+00
76823,11.01,2026-03-12 12:06:02.350565+00
76824,12.48,2026-03-12 12:07:15.999236+00
76825,12.34,2026-03-12 12:09:38.01265+00
76826,12.4,2026-03-12 12:10:20.904396+00
76827,11.07,2026-03-12 12:11:35.95307+00
76828,11.58,2026-03-12 12:12:07.218614+00
76829,12.33,2026-03-12 12:13:34.55833+00
76830,11.73,2026-03-12 12:14:18.008101+00
76831,12.21,2026-03-12 12:15:04.939864+00
76832,12.12,2026-03-12 12:16:16.879806+00
76833,10.83,2026-03-12 12:17:12.364254+00
76834,11.68,2026-03-12 12:18:00.715119+00
76835,11.67,2026-03-12 12:19:06.963959+00
76836,10.6,2026-03-12 12:20:19.150222+00
76837,11.7,2026-03-12 12:22:33.31195+00
76838,11.92,2026-03-12 12:23:23.275267+00
76839,11.7,2026-03-12 12:24:44.341932+00
76840,11.13,2026-03-12 12:25:24.656487+00
76841,12.73,2026-03-12 12:26:01.942431+00
76842,11.34,2026-03-12 12:27:06.77307+00
76843,11.5,2026-03-12 12:28:11.820534+00
76844,11.18,2026-03-12 12:29:36.554598+00
76845,12.6,2026-03-12 12:30:31.333025+00
76846,11.79,2026-03-12 12:31:01.109513+00
76847,12.46,2026-03-12 12:32:08.895918+00
76848,11.8,2026-03-12 12:33:15.731761+00
76849,12.23,2026-03-12 12:34:49.105119+00
76850,10.94,2026-03-12 12:35:16.068806+00
76851,11.38,2026-03-12 12:37:04.769645+00
76852,12.25,2026-03-12 12:38:30.511895+00
76853,11.49,2026-03-12 12:39:16.669818+00
76854,12.06,2026-03-12 12:40:08.411302+00
76855,11.93,2026-03-12 12:41:17.546717+00
76856,10.96,2026-03-12 12:42:37.658982+00
76857,12.59,2026-03-12 12:43:15.313528+00
76858,11.63,2026-03-12 12:44:25.388922+00
76859,11.69,2026-03-12 12:45:26.704889+00
76860,11.43,2026-03-12 12:46:29.313043+00
76861,10.97,2026-03-12 12:47:12.194812+00
76862,11.81,2026-03-12 12:48:07.056994+00
76863,10.61,2026-03-12 12:49:21.125738+00
76864,11.94,2026-03-12 12:50:04.029256+00
76865,12,2026-03-12 12:52:05.96515+00
76866,12.53,2026-03-12 12:53:07.887468+00
76867,12.26,2026-03-12 12:54:08.541704+00
76868,11.77,2026-03-12 12:55:38.131652+00
76869,11.59,2026-03-12 12:56:35.93991+00
76870,11.79,2026-03-12 12:57:29.073407+00
76871,11.13,2026-03-12 12:58:18.499275+00
76872,10.95,2026-03-12 12:59:29.728947+00
76873,12.53,2026-03-12 13:00:49.738684+00
76874,12.04,2026-03-12 13:01:04.629749+00
76875,12.19,2026-03-12 13:02:48.227176+00
76876,12.42,2026-03-12 13:03:13.492379+00
76877,11.84,2026-03-12 13:05:30.742988+00
76878,10.87,2026-03-12 13:06:25.011425+00
76879,12.23,2026-03-12 13:07:35.885036+00
76880,11.55,2026-03-12 13:08:35.512809+00
76881,10.86,2026-03-12 13:09:43.059592+00
76882,11.18,2026-03-12 13:10:12.211369+00
76883,12.21,2026-03-12 13:11:19.586513+00
76884,12.56,2026-03-12 13:12:22.223019+00
76885,12.28,2026-03-12 13:13:36.148918+00
76886,11.15,2026-03-12 13:14:39.947554+00
76887,12.57,2026-03-12 13:15:46.859394+00
76888,12.17,2026-03-12 13:16:09.409185+00
76889,11.69,2026-03-12 13:17:07.205894+00
76890,10.83,2026-03-12 13:18:34.958231+00
76891,12.59,2026-03-12 13:20:23.749515+00
76892,11.47,2026-03-12 13:21:02.534199+00
76893,11.74,2026-03-12 13:22:14.190908+00
76894,11.89,2026-03-12 13:23:15.20048+00
76895,11.44,2026-03-12 13:24:49.256269+00
76896,11.8,2026-03-12 13:25:26.359791+00
76897,11.59,2026-03-12 13:26:11.416665+00
76898,11.57,2026-03-12 13:27:49.117183+00
76899,11.99,2026-03-12 13:28:13.104156+00
76900,12.59,2026-03-12 13:29:19.822212+00
76901,10.93,2026-03-12 13:30:25.246895+00
76902,12.48,2026-03-12 13:31:27.633454+00
76903,11.46,2026-03-12 13:32:02.029253+00
76904,11.73,2026-03-12 13:34:04.760795+00
76905,12.09,2026-03-12 13:35:35.053648+00
76906,11.92,2026-03-12 13:36:18.662832+00
76907,12.2,2026-03-12 13:37:31.044116+00
76908,11.47,2026-03-12 13:38:35.798851+00
76909,11.56,2026-03-12 13:39:29.742486+00
76910,12.13,2026-03-12 13:40:05.136331+00
76911,12.26,2026-03-12 13:41:34.526507+00
76912,12.28,2026-03-12 13:42:37.230715+00
76913,11.26,2026-03-12 13:43:30.030298+00
76914,12.41,2026-03-12 13:44:15.793682+00
76915,11.44,2026-03-12 13:45:27.114778+00
76916,12.77,2026-03-12 13:46:18.513916+00
76917,12.79,2026-03-12 13:47:00.081457+00
76918,12.28,2026-03-12 13:49:40.536306+00
76919,11.82,2026-03-12 13:50:49.142271+00
76920,11.09,2026-03-12 13:51:39.314131+00
76921,11.51,2026-03-12 13:52:18.617245+00
76922,12.07,2026-03-12 13:53:02.988069+00
76923,10.9,2026-03-12 13:54:38.478997+00
76924,12.66,2026-03-12 13:55:17.564533+00
76925,12.82,2026-03-12 13:56:03.054373+00
76926,10.92,2026-03-12 13:57:27.875926+00
76927,11.45,2026-03-12 13:58:16.411621+00
76928,12.42,2026-03-12 13:59:22.508442+00
76929,12.76,2026-03-12 14:00:26.776629+00
76930,12.58,2026-03-12 14:01:49.908399+00
76931,12.12,2026-03-12 14:03:34.127227+00
76932,11.18,2026-03-12 14:04:07.303737+00
76933,11.65,2026-03-12 14:05:29.501351+00
76934,12.31,2026-03-12 14:06:47.284685+00
76935,11.15,2026-03-12 14:07:19.954278+00
76936,12.04,2026-03-12 14:08:12.827952+00
76937,11.65,2026-03-12 14:09:31.806239+00
76938,12.31,2026-03-12 14:10:38.82014+00
76939,11.34,2026-03-12 14:11:12.846873+00
76940,11.67,2026-03-12 14:12:45.447492+00
76941,11.36,2026-03-12 14:13:24.890414+00
76942,12.37,2026-03-12 14:14:35.660789+00
76943,11.26,2026-03-12 14:15:16.433964+00
76944,12.73,2026-03-12 14:16:49.056673+00
76945,11.74,2026-03-12 14:17:43.871544+00
76946,12.28,2026-03-12 14:19:34.213727+00
76947,11.78,2026-03-12 14:20:27.852403+00
76948,11.47,2026-03-12 14:21:37.512365+00
76949,11.02,2026-03-12 14:22:33.123098+00
76950,12.73,2026-03-12 14:23:13.374518+00
76951,12.18,2026-03-12 14:24:01.519175+00
76952,11.15,2026-03-12 14:25:42.311746+00
76953,11.75,2026-03-12 14:26:32.229214+00
76954,11.62,2026-03-12 14:27:37.715952+00
76955,12.62,2026-03-12 14:28:48.146665+00
76956,11.09,2026-03-12 14:29:09.760059+00
76957,11.54,2026-03-12 14:30:38.680529+00
76958,10.52,2026-03-12 14:31:15.823121+00
76959,11.24,2026-03-12 14:32:37.166874+00
76960,11.32,2026-03-12 14:34:11.841023+00
76961,11.3,2026-03-12 14:35:06.911989+00
76962,12.42,2026-03-12 14:36:37.595675+00
76963,11.01,2026-03-12 14:37:35.852415+00
76964,11.2,2026-03-12 14:38:10.366407+00
76965,10.85,2026-03-12 14:39:07.115083+00
76966,11.29,2026-03-12 14:40:09.394843+00
76967,10.56,2026-03-12 14:41:33.086426+00
76968,12.37,2026-03-12 14:42:24.871223+00
76969,11.72,2026-03-12 14:43:27.640684+00
76970,12.15,2026-03-12 14:44:38.210762+00
76971,11.37,2026-03-12 14:45:18.044612+00
76972,11.95,2026-03-12 14:47:17.843857+00
76973,10.88,2026-03-12 14:48:12.152667+00
76974,11.97,2026-03-12 14:49:39.518137+00
76975,11.23,2026-03-12 14:50:44.497067+00
76976,11.66,2026-03-12 14:51:24.094727+00
76977,12.12,2026-03-12 14:52:34.407042+00
76978,11.65,2026-03-12 14:53:48.925186+00
76979,10.64,2026-03-12 14:54:44.01555+00
76980,12.32,2026-03-12 14:55:34.154791+00
76981,12.35,2026-03-12 14:56:25.11477+00
76982,11.17,2026-03-12 14:57:43.890851+00
76983,11.36,2026-03-12 14:58:34.094839+00
76984,12.16,2026-03-12 14:59:19.210097+00
76985,11.85,2026-03-12 15:01:06.062498+00
76986,11.86,2026-03-12 15:02:33.487033+00
76987,11.23,2026-03-12 15:03:14.41879+00
76988,10.61,2026-03-12 15:04:08.47888+00
76989,10.55,2026-03-12 15:05:16.338139+00
76990,10.78,2026-03-12 15:06:16.533992+00
76991,11.25,2026-03-12 15:07:05.278191+00
76992,11.18,2026-03-12 15:08:05.428054+00
76993,11.96,2026-03-12 15:09:22.539578+00
76994,11.45,2026-03-12 15:10:37.722431+00
76995,10.64,2026-03-12 15:11:19.263703+00
76996,11.59,2026-03-12 15:12:19.804519+00
76997,10.4,2026-03-12 15:13:28.94557+00
76998,11.11,2026-03-12 15:14:07.585259+00
76999,10.49,2026-03-12 15:16:05.221396+00
77000,11.09,2026-03-12 15:17:29.987844+00
77001,10.35,2026-03-12 15:18:34.819494+00
77002,11.01,2026-03-12 15:19:49.16358+00
77003,11.05,2026-03-12 15:20:39.832076+00
77004,10.39,2026-03-12 15:21:45.81602+00
77005,10.98,2026-03-12 15:22:11.867677+00
77006,11.48,2026-03-12 15:23:49.225319+00
77007,11.16,2026-03-12 15:24:42.807256+00
77008,11.81,2026-03-12 15:25:11.603709+00
77009,11.26,2026-03-12 15:26:48.177981+00
77010,12.01,2026-03-12 15:27:04.596513+00
77011,11.85,2026-03-12 15:28:12.014934+00
77012,11.77,2026-03-12 15:29:41.520459+00
77013,11.35,2026-03-12 15:30:18.784026+00
77014,12.01,2026-03-12 15:32:39.71372+00
77015,10.82,2026-03-12 15:33:22.614793+00
77016,12.09,2026-03-12 15:34:06.007353+00
77017,10.61,2026-03-12 15:35:27.445331+00
77018,12.03,2026-03-12 15:36:02.517839+00
77019,11.19,2026-03-12 15:37:22.267482+00
77020,10.55,2026-03-12 15:38:25.109638+00
77021,12.13,2026-03-12 15:39:01.855011+00
77022,10.9,2026-03-12 15:40:32.101203+00
77023,10.63,2026-03-12 15:41:43.883835+00
77024,10.86,2026-03-12 15:42:33.709677+00
77025,10.8,2026-03-12 15:43:20.039396+00
77026,10.61,2026-03-12 15:44:22.540709+00
77027,11.31,2026-03-12 15:45:40.952279+00
77028,12.35,2026-03-12 15:47:33.193573+00
77029,11.21,2026-03-12 15:48:38.712951+00
77030,11.69,2026-03-12 15:49:27.764044+00
77031,12.13,2026-03-12 15:50:15.721814+00
77032,11.28,2026-03-12 15:51:36.519583+00
77033,12.19,2026-03-12 15:52:00.697639+00
77034,12.04,2026-03-12 15:53:31.94552+00
77035,10.5,2026-03-12 15:54:28.238235+00
77036,10.88,2026-03-12 15:55:06.162366+00
77037,11.25,2026-03-12 15:56:34.323626+00
77038,10.81,2026-03-12 15:57:07.767774+00
77039,11.62,2026-03-12 15:58:03.168222+00
77040,11.19,2026-03-12 15:59:29.167409+00
77041,11.81,2026-03-12 16:00:22.368499+00
77042,12.38,2026-03-12 16:01:44.872377+00
77043,10.42,2026-03-12 16:03:33.819212+00
77044,10.49,2026-03-12 16:04:07.066162+00
77045,10.5,2026-03-12 16:05:32.352549+00
77046,11.91,2026-03-12 16:06:49.447576+00
77047,12.37,2026-03-12 16:07:11.907527+00
77048,10.7,2026-03-12 16:08:17.015651+00
77049,11.72,2026-03-12 16:09:36.852589+00
77050,11.98,2026-03-12 16:10:03.693066+00
77051,10.61,2026-03-12 16:11:41.13744+00
77052,10.52,2026-03-12 16:12:30.876358+00
77053,11.02,2026-03-12 16:13:43.571658+00
77054,12.16,2026-03-12 16:14:33.057393+00
77055,10.66,2026-03-12 16:15:43.264118+00
77056,11.23,2026-03-12 16:17:20.1616+00
77057,12.35,2026-03-12 16:18:30.616084+00
77058,10.8,2026-03-12 16:19:49.89342+00
77059,11.62,2026-03-12 16:20:34.137103+00
77060,11.49,2026-03-12 16:21:47.034344+00
77061,11.04,2026-03-12 16:22:49.060443+00
77062,11.8,2026-03-12 16:23:20.654182+00
77063,12.17,2026-03-12 16:24:28.514309+00
77064,11.99,2026-03-12 16:25:26.939688+00
77065,11.65,2026-03-12 16:26:46.962337+00
77066,10.56,2026-03-12 16:27:25.766305+00
77067,10.78,2026-03-12 16:28:05.062472+00
77068,10.89,2026-03-12 16:29:27.368939+00
77069,11.9,2026-03-12 16:31:40.343344+00
77070,11.43,2026-03-12 16:32:12.379523+00
77071,11.73,2026-03-12 16:33:06.904144+00
77072,12.26,2026-03-12 16:34:38.776481+00
77073,11.03,2026-03-12 16:35:01.963631+00
77074,10.56,2026-03-12 16:36:23.415962+00
77075,12.12,2026-03-12 16:37:24.078923+00
77076,11.66,2026-03-12 16:38:27.394737+00
77077,12.43,2026-03-12 16:39:03.571301+00
77078,11.36,2026-03-12 16:40:06.25983+00
77079,12.17,2026-03-12 16:41:16.080638+00
77080,10.52,2026-03-12 16:42:28.691753+00
77081,11.12,2026-03-12 16:43:02.173048+00
77082,11.61,2026-03-12 16:45:36.516789+00
77083,12.36,2026-03-12 16:46:33.450305+00
77084,10.6,2026-03-12 16:47:20.153739+00
77085,11.5,2026-03-12 16:48:49.70604+00
77086,12.39,2026-03-12 16:49:24.155622+00
77087,11.01,2026-03-12 16:50:05.081838+00
77088,12.17,2026-03-12 16:51:00.060774+00
77089,11.14,2026-03-12 16:52:44.868137+00
77090,10.69,2026-03-12 16:53:32.16723+00
77091,12.21,2026-03-12 16:54:36.159413+00
77092,11.91,2026-03-12 16:55:25.476199+00
77093,12.4,2026-03-12 16:56:14.669842+00
77094,10.66,2026-03-12 16:57:20.535189+00
77095,10.89,2026-03-12 16:58:03.084577+00
77096,11.44,2026-03-12 16:59:36.279077+00
77097,10.66,2026-03-12 17:01:45.157625+00
77098,11.82,2026-03-12 17:02:44.803622+00
77099,11.28,2026-03-12 17:03:32.798234+00
77100,11.94,2026-03-12 17:04:02.373726+00
77101,10.55,2026-03-12 17:05:13.359774+00
77102,10.55,2026-03-12 17:06:48.069428+00
77103,11.47,2026-03-12 17:07:39.018347+00
77104,11.58,2026-03-12 17:08:36.588763+00
77105,10.69,2026-03-12 17:09:12.010341+00
77106,10.9,2026-03-12 17:10:49.363917+00
77107,11.12,2026-03-12 17:11:37.348882+00
77108,11.66,2026-03-12 17:12:14.852565+00
77109,11.66,2026-03-12 17:14:02.856767+00
77110,12.42,2026-03-12 17:15:08.956511+00
77111,10.67,2026-03-12 17:16:20.208783+00
77112,11.42,2026-03-12 17:17:15.862747+00
77113,11.36,2026-03-12 17:18:36.823414+00
77114,11.83,2026-03-12 17:19:12.475958+00
77115,11.86,2026-03-12 17:20:35.060679+00
77116,12.03,2026-03-12 17:21:11.287601+00
77117,12.56,2026-03-12 17:22:28.467392+00
77118,10.96,2026-03-12 17:23:05.756525+00
77119,12.32,2026-03-12 17:24:28.286377+00
77120,10.43,2026-03-12 17:25:28.003299+00
77121,11.37,2026-03-12 17:26:20.669766+00
77122,12.27,2026-03-12 17:27:40.515819+00
77123,11.42,2026-03-12 17:28:43.123198+00
77124,12.28,2026-03-12 17:31:34.219166+00
77125,12.33,2026-03-12 17:32:32.121364+00
77126,11.51,2026-03-12 17:33:23.358004+00
77127,10.71,2026-03-12 17:34:13.775014+00
77128,10.8,2026-03-12 17:35:05.314606+00
77129,11.8,2026-03-12 17:36:36.691174+00
77130,10.65,2026-03-12 17:37:33.655339+00
77131,12.41,2026-03-12 17:38:04.857252+00
77132,11.82,2026-03-12 17:39:27.162852+00
77133,12.32,2026-03-12 17:40:32.492701+00
77134,10.62,2026-03-12 17:41:04.923734+00
77135,11.4,2026-03-12 17:42:31.461188+00
77136,11.42,2026-03-12 17:44:18.399044+00
77137,12.13,2026-03-12 17:45:37.168592+00
77138,12.47,2026-03-12 17:46:00.248568+00
77139,10.86,2026-03-12 17:47:14.788501+00
77140,12.04,2026-03-12 17:48:07.071469+00
77141,12.18,2026-03-12 17:49:07.157706+00
77142,12.45,2026-03-12 17:50:49.040138+00
77143,12.14,2026-03-12 17:51:41.567935+00
77144,11.69,2026-03-12 17:52:08.188759+00
77145,10.9,2026-03-12 17:53:04.079656+00
77146,11.91,2026-03-12 17:54:04.278178+00
77147,10.82,2026-03-12 17:55:27.67344+00
77148,11.74,2026-03-12 17:56:43.589412+00
77149,11.02,2026-03-12 17:57:14.962021+00
77150,11.63,2026-03-12 17:59:02.331697+00
77151,10.67,2026-03-12 18:01:24.506402+00
77152,12.32,2026-03-12 18:02:23.290428+00
77153,11.43,2026-03-12 18:03:13.939082+00
77154,12.29,2026-03-12 18:04:27.462061+00
77155,12.41,2026-03-12 18:05:04.364217+00
77156,11.34,2026-03-12 18:06:27.549155+00
77157,10.99,2026-03-12 18:07:00.50862+00
77158,12.28,2026-03-12 18:08:24.560381+00
77159,11.35,2026-03-12 18:09:31.373514+00
77160,12.53,2026-03-12 18:10:23.751616+00
77161,11.06,2026-03-12 18:11:30.675218+00
77162,10.66,2026-03-12 18:13:28.921427+00
77163,12.13,2026-03-12 18:14:35.879272+00
77164,11.73,2026-03-12 18:15:09.213318+00
77165,11.07,2026-03-12 18:16:13.265553+00
77166,11,2026-03-12 18:17:43.903465+00
77167,11.6,2026-03-12 18:18:05.708572+00
77168,12.47,2026-03-12 18:19:10.997438+00
77169,11.91,2026-03-12 18:20:35.771896+00
77170,11.5,2026-03-12 18:21:31.59693+00
77171,11.93,2026-03-12 18:22:31.98428+00
77172,11.22,2026-03-12 18:23:01.899932+00
77173,11.96,2026-03-12 18:24:26.771389+00
77174,11.74,2026-03-12 18:25:43.985178+00
77175,12.1,2026-03-12 18:26:07.302483+00
77176,11.28,2026-03-12 18:28:23.316103+00
77177,11.08,2026-03-12 18:29:24.708461+00
77178,11.22,2026-03-12 18:30:19.054158+00
77179,10.65,2026-03-12 18:31:45.994268+00
77180,12.47,2026-03-12 18:32:02.967305+00
77181,12.55,2026-03-12 18:33:42.817024+00
77182,11.42,2026-03-12 18:34:12.457545+00
77183,11.78,2026-03-12 18:35:49.264699+00
77184,11.72,2026-03-12 18:36:02.328515+00
77185,12.56,2026-03-12 18:37:48.322516+00
77186,11.81,2026-03-12 18:38:33.374248+00
77187,12.13,2026-03-12 18:39:16.685884+00
77188,10.81,2026-03-12 18:40:28.328362+00
77189,11.96,2026-03-12 18:41:26.255757+00
77190,10.91,2026-03-12 18:43:30.609177+00
77191,11.91,2026-03-12 18:44:19.824857+00
77192,10.84,2026-03-12 18:45:31.152073+00
77193,12.19,2026-03-12 18:46:19.423414+00
77194,12.59,2026-03-12 18:47:22.869501+00
77195,11.43,2026-03-12 18:48:28.045045+00
77196,11.51,2026-03-12 18:49:37.097694+00
77197,11.27,2026-03-12 18:50:08.715143+00
77198,11.51,2026-03-12 18:51:10.940905+00
77199,11.84,2026-03-12 18:52:31.771973+00
77200,10.6,2026-03-12 18:53:11.609379+00
77201,12.37,2026-03-12 18:54:22.433052+00
77202,11.74,2026-03-12 18:55:17.964058+00
77203,12.01,2026-03-12 18:56:01.989352+00
77204,11.29,2026-03-12 18:58:12.469995+00
77205,11.9,2026-03-12 18:59:29.806559+00
77206,10.62,2026-03-12 19:00:38.702434+00
77207,12.11,2026-03-12 19:01:01.514944+00
77208,12.51,2026-03-12 19:02:16.095325+00
77209,11.78,2026-03-12 19:03:48.024559+00
77210,11.01,2026-03-12 19:04:42.795734+00
77211,11.22,2026-03-12 19:05:38.037755+00
77212,11.98,2026-03-12 19:06:44.179835+00
77213,12.42,2026-03-12 19:07:31.346608+00
77214,11.21,2026-03-12 19:08:38.425781+00
77215,11.91,2026-03-12 19:09:19.324797+00
77216,10.73,2026-03-12 19:10:40.87346+00
77217,11.24,2026-03-12 19:11:43.916049+00
77218,10.61,2026-03-12 19:13:39.115202+00
77219,11.44,2026-03-12 19:14:26.33419+00
77220,10.82,2026-03-12 19:15:26.794898+00
77221,11.34,2026-03-12 19:16:30.228375+00
77222,12.01,2026-03-12 19:17:26.578126+00
77223,11.46,2026-03-12 19:18:40.61751+00
77224,12.02,2026-03-12 19:19:30.48176+00
77225,11.47,2026-03-12 19:20:44.613082+00
77226,10.9,2026-03-12 19:21:28.510265+00
77227,11.71,2026-03-12 19:22:24.488666+00
77228,10.72,2026-03-12 19:23:27.099989+00
77229,11.02,2026-03-12 19:24:17.775684+00
77230,11.71,2026-03-12 19:25:20.093375+00
77231,11.16,2026-03-12 19:26:38.747136+00
77232,11.73,2026-03-12 19:28:19.581405+00
77233,12.24,2026-03-12 19:29:06.655677+00
77234,11.59,2026-03-12 19:30:33.555714+00
77235,10.65,2026-03-12 19:31:06.524168+00
77236,10.72,2026-03-12 19:32:10.993455+00
77237,11.93,2026-03-12 19:33:20.823235+00
77238,10.84,2026-03-12 19:34:31.836677+00
77239,11.57,2026-03-12 19:35:34.527974+00
77240,12.18,2026-03-12 19:36:27.574839+00
77241,11.7,2026-03-12 19:37:32.973762+00
77242,10.64,2026-03-12 19:38:39.654682+00
77243,11.84,2026-03-12 19:39:48.228312+00
77244,12.28,2026-03-12 19:40:31.903163+00
77245,12.28,2026-03-12 19:42:07.100536+00
77246,11.74,2026-03-12 19:43:40.454273+00
77247,12.45,2026-03-12 19:44:41.650772+00
77248,11.05,2026-03-12 19:45:00.799144+00
77249,10.52,2026-03-12 19:46:01.755797+00
77250,10.69,2026-03-12 19:47:30.820734+00
77251,10.76,2026-03-12 19:48:28.045416+00
77252,12.35,2026-03-12 19:49:03.813487+00
77253,11.23,2026-03-12 19:50:46.736145+00
77254,11.56,2026-03-12 19:51:02.333873+00
77255,11.14,2026-03-12 19:52:21.837439+00
77256,12.09,2026-03-12 19:53:35.656392+00
77257,11.05,2026-03-12 19:54:15.855273+00
77258,11.56,2026-03-12 19:55:04.61615+00
77259,11.84,2026-03-12 19:57:08.828209+00
77260,11.38,2026-03-12 19:58:06.311692+00
77261,11.16,2026-03-12 19:59:31.14572+00
77262,11.26,2026-03-12 20:00:02.504843+00
77263,11.44,2026-03-12 20:01:09.148914+00
77264,12.32,2026-03-12 20:02:34.077868+00
77265,12.35,2026-03-12 20:03:48.716236+00
77266,12.18,2026-03-12 20:04:40.524694+00
77267,11.26,2026-03-12 20:05:13.762409+00
77268,11.67,2026-03-12 20:06:28.154223+00
77269,11.48,2026-03-12 20:07:23.736459+00
77270,10.85,2026-03-12 20:08:44.579835+00
77271,12.11,2026-03-12 20:09:38.942077+00
77272,11.84,2026-03-12 20:10:14.429967+00
77273,12.21,2026-03-12 20:12:13.907015+00
77274,11.49,2026-03-12 20:13:41.686548+00
77275,10.62,2026-03-12 20:14:30.414427+00
77276,11.09,2026-03-12 20:15:00.766043+00
77277,11.35,2026-03-12 20:16:17.015409+00
77278,12.55,2026-03-12 20:17:02.237401+00
77279,11.98,2026-03-12 20:18:29.910881+00
77280,12.42,2026-03-12 20:19:47.43096+00
77281,10.65,2026-03-12 20:20:10.18528+00
77282,12.26,2026-03-12 20:21:44.139741+00
77283,11.47,2026-03-12 20:22:11.597748+00
77284,11.51,2026-03-12 20:23:03.527317+00
77285,11.03,2026-03-12 20:24:43.550249+00
77286,10.54,2026-03-12 20:25:34.761414+00
77287,11.53,2026-03-12 20:27:17.969589+00
77288,11.26,2026-03-12 20:28:06.912213+00
77289,11.49,2026-03-12 20:29:08.989948+00
77290,12.27,2026-03-12 20:30:32.6309+00
77291,11.57,2026-03-12 20:31:46.709606+00
77292,11.14,2026-03-12 20:32:00.582777+00
77293,11.88,2026-03-12 20:33:16.63094+00
77294,11.74,2026-03-12 20:34:34.203662+00
77295,10.95,2026-03-12 20:35:08.908005+00
77296,12.34,2026-03-12 20:36:06.968128+00
77297,10.88,2026-03-12 20:37:24.29974+00
77298,11.15,2026-03-12 20:38:12.653385+00
77299,12.01,2026-03-12 20:39:09.789659+00
77300,11.9,2026-03-12 20:40:21.869884+00
77301,11.03,2026-03-12 20:42:21.746139+00
77302,11.69,2026-03-12 20:43:48.792897+00
77303,11.15,2026-03-12 20:44:43.278962+00
77304,11.02,2026-03-12 20:45:00.792947+00
77305,11.67,2026-03-12 20:46:13.056625+00
77306,12.15,2026-03-12 20:47:49.998714+00
77307,11.86,2026-03-12 20:48:12.064676+00
77308,11.78,2026-03-12 20:49:49.474654+00
77309,10.51,2026-03-12 20:50:34.804175+00
77310,12.31,2026-03-12 20:51:49.961126+00
77311,11.1,2026-03-12 20:52:19.130922+00
77312,11.71,2026-03-12 20:53:27.024563+00
77313,12.1,2026-03-12 20:54:25.689018+00
77314,11.79,2026-03-12 20:55:22.446036+00
77315,11.39,2026-03-12 20:57:01.75385+00
77316,10.58,2026-03-12 20:58:15.975644+00
77317,11.34,2026-03-12 20:59:36.881117+00
77318,11.62,2026-03-12 21:00:17.725537+00
77319,11.57,2026-03-12 21:01:38.160035+00
77320,12.28,2026-03-12 21:02:40.897352+00
77321,10.42,2026-03-12 21:03:02.957918+00
77322,11.16,2026-03-12 21:04:44.317266+00
77323,11.56,2026-03-12 21:05:34.559866+00
77324,11.76,2026-03-12 21:06:04.141754+00
77325,11.53,2026-03-12 21:06:12.223673+00
77326,11.69,2026-03-12 21:08:46.265933+00
77327,11.3,2026-03-12 21:09:04.336127+00
77328,10.82,2026-03-12 21:10:04.904432+00
77329,12.26,2026-03-12 21:11:45.594784+00
77330,10.51,2026-03-12 21:12:38.321284+00
77331,12.23,2026-03-12 21:13:46.593454+00
77332,12.17,2026-03-12 21:14:22.954723+00
77333,12.1,2026-03-12 21:15:49.914709+00
77334,11.66,2026-03-12 21:16:43.364249+00
77335,11.41,2026-03-12 21:17:32.423477+00
77336,11.54,2026-03-12 21:18:03.903936+00
77337,10.57,2026-03-12 21:19:07.61908+00
77338,10.43,2026-03-12 21:20:08.151275+00
77339,11.25,2026-03-12 21:21:49.902025+00
77340,10.41,2026-03-12 21:23:30.074528+00
77341,12.29,2026-03-12 21:24:18.619273+00
77342,11.69,2026-03-12 21:25:04.8823+00
77343,11.37,2026-03-12 21:26:05.827295+00
77344,10.28,2026-03-12 21:27:20.574976+00
77345,12.03,2026-03-12 21:28:41.345302+00
77346,10.85,2026-03-12 21:29:44.337867+00
77347,10.47,2026-03-12 21:30:04.477823+00
77348,10.77,2026-03-12 21:31:21.13425+00
77349,11.96,2026-03-12 21:32:48.513677+00
77350,11.37,2026-03-12 21:33:37.308564+00
77351,10.81,2026-03-12 21:34:28.510942+00
77352,10.49,2026-03-12 21:35:22.398832+00
77353,11.47,2026-03-12 21:36:16.149449+00
77354,10.38,2026-03-12 21:38:34.723493+00
77355,10.56,2026-03-12 21:39:49.630581+00
77356,10.99,2026-03-12 21:40:25.168825+00
77357,11.4,2026-03-12 21:41:24.542095+00
77358,11.43,2026-03-12 21:42:22.208923+00
77359,11.02,2026-03-12 21:43:04.331376+00
77360,12.3,2026-03-12 21:44:14.16103+00
77361,11.23,2026-03-12 21:45:29.457392+00
77362,10.99,2026-03-12 21:46:21.488985+00
77363,12.02,2026-03-12 21:47:19.300058+00
77364,10.82,2026-03-12 21:48:19.02334+00
77365,11.23,2026-03-12 21:49:35.170742+00
77366,11.33,2026-03-12 21:50:00.458485+00
77367,10.69,2026-03-12 21:51:31.450298+00
77368,11.8,2026-03-12 21:53:32.736001+00
77369,12.16,2026-03-12 21:54:05.958954+00
77370,10.9,2026-03-12 21:55:23.472571+00
77371,11.33,2026-03-12 21:56:37.749665+00
77372,12.15,2026-03-12 21:57:07.040299+00
77373,10.54,2026-03-12 21:58:22.959819+00
77374,10.93,2026-03-12 21:59:45.681616+00
77375,10.66,2026-03-12 22:00:05.407208+00
77376,11.7,2026-03-12 22:01:05.218772+00
77377,11.27,2026-03-12 22:02:00.29538+00
77378,10.78,2026-03-12 22:03:34.855653+00
77379,11.66,2026-03-12 22:04:07.799743+00
77380,10.93,2026-03-12 22:05:30.0704+00
77381,10.41,2026-03-12 22:06:37.173731+00
77382,11.35,2026-03-12 22:07:40.799813+00
77383,11.43,2026-03-12 22:09:06.037876+00
77384,12.1,2026-03-12 22:10:07.695549+00
77385,10.62,2026-03-12 22:11:44.269256+00
77386,12.07,2026-03-12 22:12:41.56884+00
77387,11.52,2026-03-12 22:13:26.884423+00
77388,10.85,2026-03-12 22:14:22.369486+00
77389,11.35,2026-03-12 22:15:39.489657+00
77390,10.43,2026-03-12 22:16:41.590005+00
77391,11.7,2026-03-12 22:17:30.941866+00
77392,12.38,2026-03-12 22:18:24.495493+00
77393,11.28,2026-03-12 22:19:05.530816+00
77394,11.2,2026-03-12 22:20:09.641437+00
77395,11.07,2026-03-12 22:21:49.894748+00
77396,11.51,2026-03-12 22:22:19.919669+00
77397,12,2026-03-12 22:24:15.746581+00
77398,11.02,2026-03-12 22:25:27.461431+00
77399,11.35,2026-03-12 22:26:34.964416+00
77400,12.02,2026-03-12 22:27:23.596698+00
77401,10.63,2026-03-12 22:28:32.428772+00
77402,11.5,2026-03-12 22:29:42.55032+00
77403,11.77,2026-03-12 22:30:11.240124+00
77404,10.7,2026-03-12 22:31:32.372699+00
77405,12.06,2026-03-12 22:32:06.498804+00
77406,11.68,2026-03-12 22:33:32.497675+00
77407,10.72,2026-03-12 22:34:31.55485+00
77408,11.81,2026-03-12 22:35:35.264436+00
77409,11.74,2026-03-12 22:36:20.304752+00
77410,12.09,2026-03-12 22:37:30.004393+00
77411,10.88,2026-03-12 22:39:16.75256+00
77412,12.29,2026-03-12 22:40:13.882524+00
77413,10.83,2026-03-12 22:41:33.442543+00
77414,11.53,2026-03-12 22:42:04.314139+00
77415,10.55,2026-03-12 22:43:19.114771+00
77416,10.63,2026-03-12 22:44:42.903367+00
77417,11.2,2026-03-12 22:45:43.952935+00
77418,12.12,2026-03-12 22:46:33.096519+00
77419,11.63,2026-03-12 22:47:04.332075+00
77420,12.02,2026-03-12 22:48:41.730548+00
77421,11.22,2026-03-12 22:49:13.054363+00
77422,10.72,2026-03-12 22:50:40.790616+00
77423,11.49,2026-03-12 22:51:31.496484+00
77424,10.45,2026-03-12 22:52:16.751838+00
77425,10.66,2026-03-12 22:54:46.835743+00
77426,11.4,2026-03-12 22:55:27.420783+00
77427,11.32,2026-03-12 22:56:02.825576+00
77428,12.24,2026-03-12 22:57:17.883078+00
77429,11.97,2026-03-12 22:58:32.811536+00
77430,10.5,2026-03-12 22:59:27.724577+00
77431,11.66,2026-03-12 23:00:37.061901+00
77432,11.13,2026-03-12 23:01:38.364049+00
77433,11.84,2026-03-12 23:02:31.575977+00
77434,10.57,2026-03-12 23:03:23.524314+00
77435,11.78,2026-03-12 23:04:27.219069+00
77436,11.12,2026-03-12 23:05:03.484413+00
77437,10.61,2026-03-12 23:06:06.427878+00
77438,12.37,2026-03-12 23:07:29.171525+00
77439,11.98,2026-03-12 23:08:12.533546+00
77440,11.31,2026-03-12 23:10:30.066828+00
77441,11.65,2026-03-12 23:11:41.543344+00
77442,10.78,2026-03-12 23:12:32.280993+00
77443,11.27,2026-03-12 23:13:42.398305+00
77444,11.5,2026-03-12 23:14:09.997779+00
77445,12.28,2026-03-12 23:15:36.30906+00
77446,11.83,2026-03-12 23:16:20.371427+00
77447,12.12,2026-03-12 23:17:28.104058+00
77448,10.85,2026-03-12 23:18:20.055447+00
77449,10.93,2026-03-12 23:19:10.861241+00
77450,11.6,2026-03-12 23:20:32.157627+00
77451,11.52,2026-03-12 23:21:32.21705+00
77452,11.12,2026-03-12 23:22:29.82968+00
77453,11.38,2026-03-12 23:23:27.994852+00
77454,11.8,2026-03-12 23:25:43.668823+00
77455,12.17,2026-03-12 23:26:41.757512+00
77456,12.44,2026-03-12 23:27:48.47909+00
77457,11.47,2026-03-12 23:28:18.09314+00
77458,10.94,2026-03-12 23:29:43.357609+00
77459,11.96,2026-03-12 23:30:05.314179+00
77460,11.49,2026-03-12 23:31:21.355629+00
77461,11.44,2026-03-12 23:32:36.936379+00
77462,11.04,2026-03-12 23:33:46.710925+00
77463,12.46,2026-03-12 23:34:12.708153+00
77464,11.95,2026-03-12 23:35:10.485072+00
77465,12.03,2026-03-12 23:36:43.925744+00
77466,10.77,2026-03-12 23:37:05.366896+00
77467,10.97,2026-03-12 23:38:10.699121+00
77468,11.12,2026-03-12 23:40:07.679125+00
77469,12.02,2026-03-12 23:41:49.033257+00
77470,12.03,2026-03-12 23:42:01.050309+00
77471,12.31,2026-03-12 23:43:10.529224+00
77472,11.04,2026-03-12 23:44:16.248386+00
77473,11.59,2026-03-12 23:45:25.77181+00
77474,12.08,2026-03-12 23:46:19.252781+00
77475,11.15,2026-03-12 23:47:17.012383+00
77476,11.07,2026-03-12 23:48:37.283891+00
77477,11.3,2026-03-12 23:49:08.041452+00
77478,11.68,2026-03-12 23:50:39.99678+00
77479,10.93,2026-03-12 23:51:48.91646+00
77480,10.58,2026-03-12 23:52:18.597987+00
77481,10.84,2026-03-12 23:54:14.403679+00
77482,11.98,2026-03-12 23:55:49.5668+00
77483,11.36,2026-03-12 23:56:25.521178+00
77484,11.62,2026-03-12 23:57:04.678253+00
77485,12.3,2026-03-12 23:58:45.979408+00
77486,11.96,2026-03-12 23:59:42.053101+00
77487,11.33,2026-03-13 00:00:43.946418+00
77488,10.48,2026-03-13 00:01:02.881797+00
77489,10.62,2026-03-13 00:02:34.311516+00
77490,11.28,2026-03-13 00:03:21.291996+00
77491,10.48,2026-03-13 00:04:12.926176+00
77492,10.43,2026-03-13 00:05:24.20008+00
77493,11.29,2026-03-13 00:06:29.823965+00
77494,11.11,2026-03-13 00:07:23.771031+00
77495,11.14,2026-03-13 00:08:08.099672+00
77496,11.41,2026-03-13 00:10:47.834018+00
77497,12.38,2026-03-13 00:11:14.081804+00
77498,11.36,2026-03-13 00:12:27.776479+00
77499,11.26,2026-03-13 00:13:38.591548+00
77500,10.95,2026-03-13 00:14:40.10136+00
77501,11.8,2026-03-13 00:15:22.209458+00
77502,10.77,2026-03-13 00:16:32.00115+00
77503,10.56,2026-03-13 00:17:20.76336+00
77504,10.54,2026-03-13 00:18:24.88275+00
77505,12.11,2026-03-13 00:19:34.24735+00
77506,11.13,2026-03-13 00:20:26.116404+00
77507,12.34,2026-03-13 00:21:08.835157+00
77508,11.04,2026-03-13 00:22:48.739133+00
77509,12.24,2026-03-13 00:23:36.539959+00
77510,11.03,2026-03-13 00:24:29.707873+00
77511,11.38,2026-03-13 00:25:13.218699+00
77512,11.03,2026-03-13 00:26:31.023379+00
77513,10.84,2026-03-13 00:27:47.089458+00
77514,11.33,2026-03-13 00:28:41.343677+00
77515,11.94,2026-03-13 00:29:40.294611+00
77516,11.69,2026-03-13 00:30:16.015394+00
77517,10.83,2026-03-13 00:31:10.943821+00
77518,12.06,2026-03-13 00:32:39.448259+00
77519,11.6,2026-03-13 00:33:09.305693+00
77520,11.66,2026-03-13 00:34:29.99959+00
77521,11.62,2026-03-13 00:36:27.54478+00
77522,11.91,2026-03-13 00:37:21.063125+00
77523,10.51,2026-03-13 00:38:18.808809+00
77524,11.26,2026-03-13 00:39:41.186566+00
77525,12.33,2026-03-13 00:40:22.190274+00
77526,11.17,2026-03-13 00:41:35.483308+00
77527,11.72,2026-03-13 00:42:42.055605+00
77528,11.41,2026-03-13 00:43:30.653067+00
77529,11.02,2026-03-13 00:44:00.923555+00
77530,12.34,2026-03-13 00:45:48.665988+00
77531,12.19,2026-03-13 00:46:07.37871+00
77532,11.95,2026-03-13 00:47:34.663078+00
77533,11.14,2026-03-13 00:48:06.704455+00
77534,12.19,2026-03-13 00:49:01.15668+00
77535,10.82,2026-03-13 00:51:26.45031+00
77536,11.9,2026-03-13 00:52:02.565656+00
77537,12.39,2026-03-13 00:53:45.393482+00
77538,11.55,2026-03-13 00:54:07.594201+00
77539,12.14,2026-03-13 00:55:05.286389+00
77540,10.95,2026-03-13 00:56:48.45198+00
77541,11.88,2026-03-13 00:57:19.355784+00
77542,12.34,2026-03-13 00:58:19.038124+00
77543,12.27,2026-03-13 00:59:03.328139+00
77544,10.51,2026-03-13 01:00:00.927546+00
77545,12.01,2026-03-13 01:01:24.789197+00
77546,10.66,2026-03-13 01:02:01.801326+00
77547,11.9,2026-03-13 01:03:21.612176+00
77548,11.35,2026-03-13 01:04:45.901773+00
77549,10.63,2026-03-13 01:06:48.707764+00
77550,10.64,2026-03-13 01:07:01.749443+00
77551,11.04,2026-03-13 01:08:21.30638+00
77552,11.46,2026-03-13 01:09:44.413716+00
77553,12.12,2026-03-13 01:10:29.267057+00
77554,11.01,2026-03-13 01:11:32.661657+00
77555,10.92,2026-03-13 01:12:24.985766+00
77556,10.66,2026-03-13 01:13:48.839239+00
77557,11.7,2026-03-13 01:14:25.552737+00
77558,11.76,2026-03-13 01:15:07.158548+00
77559,10.93,2026-03-13 01:16:08.973635+00
77560,12.12,2026-03-13 01:17:02.651941+00
77561,11.77,2026-03-13 01:18:04.337449+00
77562,10.84,2026-03-13 01:19:21.280752+00
77563,12.39,2026-03-13 01:20:48.053077+00
77564,11.18,2026-03-13 01:22:36.873352+00
77565,10.62,2026-03-13 01:23:07.435447+00
77566,11.06,2026-03-13 01:24:20.625817+00
77567,11.53,2026-03-13 01:25:27.76956+00
77568,11.1,2026-03-13 01:26:12.790266+00
77569,11.14,2026-03-13 01:27:06.638947+00
77570,10.59,2026-03-13 01:28:29.221699+00
77571,11.67,2026-03-13 01:29:04.504111+00
77572,11.79,2026-03-13 01:30:02.449504+00
77573,11.87,2026-03-13 01:31:37.945096+00
77574,11.65,2026-03-13 01:32:49.84024+00
77575,12.41,2026-03-13 01:33:29.726163+00
77576,11.89,2026-03-13 01:34:46.499397+00
77577,12.24,2026-03-13 01:35:12.008641+00
77578,12.26,2026-03-13 01:37:01.400588+00
77579,11.45,2026-03-13 01:38:02.29753+00
77580,11.36,2026-03-13 01:39:36.10046+00
77581,11.4,2026-03-13 01:40:13.658262+00
77582,11.67,2026-03-13 01:41:34.590632+00
77583,11.08,2026-03-13 01:42:44.107204+00
77584,11.09,2026-03-13 01:43:31.791975+00
77585,10.99,2026-03-13 01:44:05.203391+00
77586,11.95,2026-03-13 01:45:47.882289+00
77587,11.81,2026-03-13 01:46:10.970284+00
77588,11.5,2026-03-13 01:47:20.188751+00
77589,11.81,2026-03-13 01:48:36.634403+00
77590,11.49,2026-03-13 01:49:11.910371+00
77591,11.81,2026-03-13 01:50:49.930209+00
77592,10.97,2026-03-13 01:51:18.759998+00
77593,11,2026-03-13 01:53:32.932634+00
77594,11.1,2026-03-13 01:54:09.988589+00
77595,12.27,2026-03-13 01:55:05.603142+00
77596,12.38,2026-03-13 01:56:37.772482+00
77597,11.34,2026-03-13 01:57:18.614936+00
77598,11.13,2026-03-13 01:58:27.382576+00
77599,11.7,2026-03-13 01:59:34.092642+00
77600,12.1,2026-03-13 02:00:32.099776+00
77601,11.33,2026-03-13 02:01:00.68971+00
77602,11.08,2026-03-13 02:02:25.30024+00
77603,11.95,2026-03-13 02:03:32.053322+00
77604,11.26,2026-03-13 02:04:33.711362+00
77605,10.45,2026-03-13 02:05:32.353829+00
77606,11.11,2026-03-13 02:06:05.326454+00
77607,12.02,2026-03-13 02:08:04.507381+00
77608,10.52,2026-03-13 02:09:40.934576+00
77609,11.57,2026-03-13 02:10:09.129169+00
77610,10.63,2026-03-13 02:11:03.971413+00
77611,11.14,2026-03-13 02:12:39.24394+00
77612,12.14,2026-03-13 02:13:20.85678+00
77613,12.16,2026-03-13 02:14:18.311268+00
77614,11.73,2026-03-13 02:15:15.644855+00
77615,11.66,2026-03-13 02:16:15.321496+00
77616,10.26,2026-03-13 02:17:13.240577+00
77617,11.02,2026-03-13 02:18:13.689955+00
77618,10.95,2026-03-13 02:19:25.574045+00
77619,10.29,2026-03-13 02:20:25.841419+00
77620,11.69,2026-03-13 02:21:00.691491+00
77621,11.27,2026-03-13 02:23:30.534524+00
77622,10.78,2026-03-13 02:24:04.151326+00
77623,10.95,2026-03-13 02:25:42.750503+00
77624,11.17,2026-03-13 02:26:27.737776+00
77625,11.83,2026-03-13 02:27:23.108305+00
77626,10.67,2026-03-13 02:28:42.273215+00
77627,11.16,2026-03-13 02:29:21.612819+00
77628,9.96,2026-03-13 02:30:26.195953+00
77629,10.16,2026-03-13 02:31:43.973185+00
77630,10.74,2026-03-13 02:32:12.922426+00
77631,10.87,2026-03-13 02:33:14.060288+00
77632,10,2026-03-13 02:34:24.200245+00
77633,11.05,2026-03-13 02:35:47.762227+00
77634,9.95,2026-03-13 02:36:44.720502+00
77635,9.84,2026-03-13 02:38:10.750263+00
77636,10.26,2026-03-13 02:39:18.779645+00
77637,9.63,2026-03-13 02:40:09.131126+00
77638,11.1,2026-03-13 02:41:31.736368+00
77639,11.15,2026-03-13 02:42:35.059295+00
77640,9.61,2026-03-13 02:43:24.290682+00
77641,10.47,2026-03-13 02:44:39.981421+00
77642,9.48,2026-03-13 02:45:36.17669+00
77643,10.1,2026-03-13 02:46:29.867183+00
77644,10.04,2026-03-13 02:47:32.095078+00
77645,10.48,2026-03-13 02:48:35.688988+00
77646,10.75,2026-03-13 02:49:49.50336+00
77647,10.52,2026-03-13 02:50:27.340465+00
77648,10.78,2026-03-13 02:51:26.528526+00
77649,9.07,2026-03-13 02:53:46.793178+00
77650,10.62,2026-03-13 02:54:27.870605+00
77651,10.42,2026-03-13 02:55:09.384867+00
77652,9.88,2026-03-13 02:56:00.416006+00
77653,9.24,2026-03-13 02:57:08.743344+00
77654,9.27,2026-03-13 02:58:23.974805+00
77655,9.62,2026-03-13 02:59:05.818976+00
77656,8.84,2026-03-13 03:00:26.317848+00
77657,9.09,2026-03-13 03:01:40.798807+00
77658,9.54,2026-03-13 03:02:18.897924+00
77659,9.9,2026-03-13 03:03:13.772106+00
77660,9.23,2026-03-13 03:04:32.670166+00
77661,10.33,2026-03-13 03:05:22.59725+00
77662,10.03,2026-03-13 03:06:07.724511+00
77663,10.22,2026-03-13 03:08:46.649088+00
77664,9.69,2026-03-13 03:09:07.872873+00
77665,8.63,2026-03-13 03:10:39.488193+00
77666,9.32,2026-03-13 03:11:41.308558+00
77667,9.56,2026-03-13 03:12:48.150148+00
77668,8.59,2026-03-13 03:13:05.608743+00
77669,9.64,2026-03-13 03:14:26.709122+00
77670,9.37,2026-03-13 03:15:15.98529+00
77671,8.29,2026-03-13 03:16:46.635846+00
77672,8.31,2026-03-13 03:17:28.736943+00
77673,9.51,2026-03-13 03:18:33.848133+00
77674,9.3,2026-03-13 03:19:45.210426+00
77675,8.89,2026-03-13 03:20:22.371609+00
77676,8.02,2026-03-13 03:21:19.911001+00
77677,8.14,2026-03-13 03:22:44.818104+00
77678,9.47,2026-03-13 03:24:29.006641+00
77679,9.01,2026-03-13 03:25:28.814959+00
77680,10.15,2026-03-13 03:26:14.417264+00
77681,10.35,2026-03-13 03:27:27.988032+00
77682,9.91,2026-03-13 03:28:16.0554+00
77683,10.34,2026-03-13 03:29:17.139064+00
77684,8.51,2026-03-13 03:30:42.732349+00
77685,8.96,2026-03-13 03:31:26.784763+00
77686,8.49,2026-03-13 03:32:21.031889+00
77687,7.85,2026-03-13 03:33:36.205239+00
77688,8.46,2026-03-13 03:34:23.615636+00
77689,8.54,2026-03-13 03:35:21.156969+00
77690,8.88,2026-03-13 03:36:35.332231+00
77691,8.93,2026-03-13 03:37:02.383193+00
77692,8.34,2026-03-13 03:38:40.28479+00
77693,8.07,2026-03-13 03:41:01.991533+00
77694,7.78,2026-03-13 03:42:15.661761+00
77695,8.07,2026-03-13 03:43:18.541017+00
77696,8.79,2026-03-13 03:44:33.373379+00
77697,7.14,2026-03-13 03:45:24.107822+00
77698,8.7,2026-03-13 03:46:04.093996+00
77699,7.69,2026-03-13 03:47:23.785872+00
77700,7.17,2026-03-13 03:48:12.661272+00
77701,7.68,2026-03-13 03:49:14.534849+00
77702,8.62,2026-03-13 03:50:44.337912+00
77703,7.02,2026-03-13 03:51:33.49461+00
77704,8.29,2026-03-13 03:52:44.67898+00
77705,7.05,2026-03-13 03:53:48.973271+00
77706,7.96,2026-03-13 03:55:10.70273+00
77707,8.58,2026-03-13 03:56:49.118531+00
77708,8.46,2026-03-13 03:57:13.987039+00
77709,8.21,2026-03-13 03:58:09.386949+00
77710,7.48,2026-03-13 03:59:38.911685+00
77711,7.13,2026-03-13 04:00:07.362648+00
77712,7.97,2026-03-13 04:01:24.544861+00
77713,6.37,2026-03-13 04:02:18.788977+00
77714,7.74,2026-03-13 04:03:22.623691+00
77715,7.51,2026-03-13 04:04:41.927623+00
77716,7.34,2026-03-13 04:05:07.112296+00
77717,6.23,2026-03-13 04:06:47.17553+00
77718,6.73,2026-03-13 04:07:33.40484+00
77719,6.6,2026-03-13 04:08:02.417212+00
77720,6.28,2026-03-13 04:09:47.609765+00
77721,6.15,2026-03-13 04:11:41.000564+00
77722,7.46,2026-03-13 04:12:32.604527+00
77723,6.64,2026-03-13 04:13:01.698735+00
77724,7.74,2026-03-13 04:14:38.138618+00
77725,6.11,2026-03-13 04:15:21.807416+00
77726,7.74,2026-03-13 04:16:05.206246+00
77727,6.98,2026-03-13 04:17:17.352921+00
77728,7.34,2026-03-13 04:18:24.121842+00
77729,7.39,2026-03-13 04:19:31.392813+00
77730,6.44,2026-03-13 04:20:25.728271+00
77731,7.73,2026-03-13 04:21:05.48645+00
77732,7.29,2026-03-13 04:22:00.549039+00
77733,6.6,2026-03-13 04:23:03.276449+00
77734,6.36,2026-03-13 04:24:26.931883+00
77735,6.77,2026-03-13 04:25:11.997654+00
77736,6.59,2026-03-13 04:27:22.232666+00
77737,6.5,2026-03-13 04:28:27.567385+00
77738,6.74,2026-03-13 04:29:36.564891+00
77739,7.09,2026-03-13 04:30:25.948457+00
77740,6.71,2026-03-13 04:31:08.552819+00
77741,6.65,2026-03-13 04:32:05.440689+00
77742,7.48,2026-03-13 04:33:41.235769+00
77743,5.84,2026-03-13 04:34:24.707862+00
77744,7.5,2026-03-13 04:35:20.651126+00
77745,7.28,2026-03-13 04:36:27.108361+00
77746,7.67,2026-03-13 04:37:33.188275+00
77747,6.35,2026-03-13 04:38:17.450615+00
77748,7.22,2026-03-13 04:39:27.284093+00
77749,6.1,2026-03-13 04:40:24.821238+00
77750,7.17,2026-03-13 04:42:01.468477+00
77751,6.74,2026-03-13 04:43:08.843947+00
77752,6.88,2026-03-13 04:44:48.814334+00
77753,7.98,2026-03-13 04:45:17.757564+00
77754,6.96,2026-03-13 04:46:07.885963+00
77755,6.82,2026-03-13 04:47:12.169219+00
77756,6.76,2026-03-13 04:48:02.795745+00
77757,6.63,2026-03-13 04:49:04.109188+00
77758,6.83,2026-03-13 04:50:13.384509+00
77759,6.7,2026-03-13 04:51:38.985548+00
77760,6.79,2026-03-13 04:52:34.037615+00
77761,6.98,2026-03-13 04:53:14.765522+00
77762,6.78,2026-03-13 04:54:14.150086+00
77763,7.21,2026-03-13 04:55:10.735638+00
77764,6.19,2026-03-13 04:56:01.143873+00
77765,7.43,2026-03-13 04:58:46.585098+00
77766,7.43,2026-03-13 04:59:15.306314+00
77767,6.71,2026-03-13 05:00:39.082234+00
77768,7.5,2026-03-13 05:01:05.653791+00
77769,7.91,2026-03-13 05:02:08.488191+00
77770,6.2,2026-03-13 05:03:01.060317+00
77771,6.4,2026-03-13 05:04:27.990346+00
77772,6.94,2026-03-13 05:05:37.931989+00
77773,6.85,2026-03-13 05:06:48.119025+00
77774,7.86,2026-03-13 05:07:47.684926+00
77775,7.37,2026-03-13 05:08:00.528102+00
77776,7.75,2026-03-13 05:09:25.181338+00
77777,7.38,2026-03-13 05:10:01.565348+00
77778,6.37,2026-03-13 05:12:36.138399+00
77779,7.81,2026-03-13 05:13:35.491607+00
77780,6.33,2026-03-13 05:14:27.068534+00
77781,7.54,2026-03-13 05:15:43.222744+00
77782,7.17,2026-03-13 05:16:10.921858+00
77783,6.79,2026-03-13 05:17:06.214905+00
77784,6.85,2026-03-13 05:18:40.047267+00
77785,7.25,2026-03-13 05:19:01.2683+00
77786,6.8,2026-03-13 05:20:09.674955+00
77787,6.95,2026-03-13 05:21:29.271388+00
77788,6.66,2026-03-13 05:22:49.480586+00
77789,5.95,2026-03-13 05:23:22.283085+00
77790,7.01,2026-03-13 05:24:21.748258+00
77791,6.04,2026-03-13 05:25:37.811544+00
77792,7.62,2026-03-13 05:26:19.117403+00
77793,7.74,2026-03-13 05:28:28.763059+00
77794,7.84,2026-03-13 05:29:22.622953+00
77795,5.92,2026-03-13 05:30:42.171053+00
77796,7.8,2026-03-13 05:31:22.234568+00
77797,7.65,2026-03-13 05:32:22.224692+00
77798,6.09,2026-03-13 05:33:23.217032+00
77799,6.23,2026-03-13 05:34:29.899895+00
77800,6.69,2026-03-13 05:35:27.474315+00
77801,6.12,2026-03-13 05:36:46.032817+00
77802,6.44,2026-03-13 05:37:38.364815+00
77803,6.8,2026-03-13 05:38:08.120076+00
77804,5.97,2026-03-13 05:39:30.732694+00
77805,5.95,2026-03-13 05:40:10.05523+00
77806,5.94,2026-03-13 05:42:04.820837+00
77807,7.19,2026-03-13 05:43:10.847442+00
77808,5.99,2026-03-13 05:44:17.070609+00
77809,5.92,2026-03-13 05:45:13.986935+00
77810,6.79,2026-03-13 05:46:04.747585+00
77811,7.34,2026-03-13 05:47:37.433173+00
77812,7.17,2026-03-13 05:48:36.211593+00
77813,7.6,2026-03-13 05:49:21.532509+00
77814,7.3,2026-03-13 05:50:12.663629+00
77815,7.34,2026-03-13 05:51:17.885851+00
77816,7.14,2026-03-13 05:52:01.138664+00
77817,7.68,2026-03-13 05:53:05.733138+00
77818,7.55,2026-03-13 05:54:15.622739+00
77819,6.61,2026-03-13 05:55:26.463144+00
77820,7.89,2026-03-13 05:56:00.884403+00
77821,6.73,2026-03-13 05:58:22.481325+00
77822,7.83,2026-03-13 05:59:09.20578+00
77823,6.02,2026-03-13 06:00:25.003467+00
77824,7.32,2026-03-13 06:01:34.009401+00
77825,6.63,2026-03-13 06:02:33.72238+00
77826,7.15,2026-03-13 06:03:37.682386+00
77827,6.63,2026-03-13 06:04:10.482613+00
77828,7.48,2026-03-13 06:05:31.002093+00
77829,6.41,2026-03-13 06:06:31.67228+00
77830,7.34,2026-03-13 06:07:18.622712+00
77831,6.09,2026-03-13 06:08:28.96753+00
77832,5.92,2026-03-13 06:09:08.92559+00
77833,7.57,2026-03-13 06:10:44.220542+00
77834,6.7,2026-03-13 06:11:08.159689+00
77835,6.31,2026-03-13 06:13:09.032476+00
77836,7.32,2026-03-13 06:14:17.694326+00
77837,6.27,2026-03-13 06:15:31.16021+00
77838,7.06,2026-03-13 06:16:11.432614+00
77839,7.58,2026-03-13 06:17:48.532609+00
77840,5.9,2026-03-13 06:18:05.948548+00
77841,5.81,2026-03-13 06:19:05.001883+00
77842,7.5,2026-03-13 06:20:31.971895+00
77843,6.6,2026-03-13 06:21:09.658759+00
77844,7.39,2026-03-13 06:22:23.713631+00
77845,6.84,2026-03-13 06:23:19.922017+00
77846,7.03,2026-03-13 06:24:37.670247+00
77847,7.35,2026-03-13 06:25:24.59945+00
77848,6.71,2026-03-13 06:26:22.816288+00
77849,6.55,2026-03-13 06:28:18.806346+00
77850,6.3,2026-03-13 06:29:40.403692+00
77851,6.5,2026-03-13 06:30:34.291153+00
77852,6.91,2026-03-13 06:31:12.341695+00
77853,6.88,2026-03-13 06:32:31.429345+00
77854,6.54,2026-03-13 06:33:37.535434+00
77855,6.25,2026-03-13 06:34:01.528237+00
77856,7.46,2026-03-13 06:35:22.231796+00
77857,6.06,2026-03-13 06:36:12.427367+00
77858,6.35,2026-03-13 06:37:07.286794+00
77859,7.12,2026-03-13 06:38:19.611423+00
77860,7.51,2026-03-13 06:39:28.887778+00
77861,7.48,2026-03-13 06:40:24.754784+00
77862,7.1,2026-03-13 06:41:20.361759+00
77863,6.78,2026-03-13 06:43:20.805134+00
77864,5.95,2026-03-13 06:44:04.368093+00
77865,7.75,2026-03-13 06:45:22.004934+00
77866,7.76,2026-03-13 06:46:19.298713+00
77867,6.51,2026-03-13 06:47:11.576924+00
77868,7.29,2026-03-13 06:48:49.76482+00
77869,7.72,2026-03-13 06:49:46.231513+00
77870,7.4,2026-03-13 06:50:39.080774+00
77871,6.43,2026-03-13 06:51:20.319865+00
77872,6.99,2026-03-13 06:52:47.671659+00
77873,6.55,2026-03-13 06:53:47.588207+00
77874,6.3,2026-03-13 06:54:44.741508+00
77875,6.36,2026-03-13 06:55:49.457358+00
77876,6.3,2026-03-13 06:56:24.413933+00
77877,6.88,2026-03-13 06:58:29.238388+00
77878,6.72,2026-03-13 06:59:29.655715+00
77879,6.25,2026-03-13 07:00:00.248452+00
77880,7.64,2026-03-13 07:01:02.070154+00
77881,7.09,2026-03-13 07:02:43.186455+00
77882,6.85,2026-03-13 07:03:32.39384+00
77883,7,2026-03-13 07:04:41.839321+00
77884,7.61,2026-03-13 07:05:01.25935+00
77885,7.69,2026-03-13 07:06:49.539583+00
77886,6.77,2026-03-13 07:07:23.371289+00
77887,7.78,2026-03-13 07:08:12.747491+00
77888,6.12,2026-03-13 07:09:40.223212+00
77889,6.26,2026-03-13 07:10:31.182404+00
77890,6.23,2026-03-13 07:11:03.939462+00
77891,7.63,2026-03-13 07:13:00.75385+00
77892,6.68,2026-03-13 07:14:42.436334+00
77893,7.03,2026-03-13 07:15:47.069436+00
77894,6.02,2026-03-13 07:16:02.049282+00
77895,6.19,2026-03-13 07:17:29.427294+00
77896,6.72,2026-03-13 07:18:36.21975+00
77897,5.9,2026-03-13 07:19:05.635138+00
77898,7.22,2026-03-13 07:20:38.944581+00
77899,7.28,2026-03-13 07:21:25.453224+00
77900,6.51,2026-03-13 07:22:17.833665+00
77901,6.81,2026-03-13 07:23:33.086369+00
77902,7.08,2026-03-13 07:24:41.183981+00
77903,5.74,2026-03-13 07:25:20.671039+00
77904,6.05,2026-03-13 07:27:08.021137+00
77905,7.22,2026-03-13 07:28:17.329303+00
77906,6.6,2026-03-13 07:29:41.727333+00
77907,5.84,2026-03-13 07:30:15.282881+00
77908,5.98,2026-03-13 07:31:08.056061+00
77909,5.57,2026-03-13 07:32:28.387464+00
77910,7.36,2026-03-13 07:33:02.013136+00
77911,6.63,2026-03-13 07:34:28.461458+00
77912,7.15,2026-03-13 07:35:33.988036+00
77913,6.59,2026-03-13 07:36:49.265532+00
77914,5.73,2026-03-13 07:37:28.657532+00
77915,7.04,2026-03-13 07:38:28.985923+00
77916,7.27,2026-03-13 07:39:06.636486+00
77917,5.6,2026-03-13 07:40:49.90784+00
77918,6.83,2026-03-13 07:42:41.89753+00
77919,6.06,2026-03-13 07:43:43.67781+00
77920,5.71,2026-03-13 07:44:04.446401+00
77921,6.27,2026-03-13 07:45:42.437694+00
77922,6.75,2026-03-13 07:46:18.998164+00
77923,5.86,2026-03-13 07:47:17.959426+00
77924,6.23,2026-03-13 07:48:27.117261+00
77925,6.52,2026-03-13 07:49:03.995382+00
77926,7.26,2026-03-13 07:50:00.599706+00
77927,6.47,2026-03-13 07:51:16.791723+00
77928,6.33,2026-03-13 07:52:23.965512+00
77929,7.15,2026-03-13 07:53:26.271942+00
77930,6.97,2026-03-13 07:54:05.619649+00
77931,6.57,2026-03-13 07:56:45.138295+00
77932,5.91,2026-03-13 07:57:18.988008+00
77933,7.22,2026-03-13 07:58:04.065387+00
77934,6.37,2026-03-13 07:59:45.40245+00
77935,5.85,2026-03-13 08:00:17.751365+00
77936,5.26,2026-03-13 08:01:08.421213+00
77937,5.42,2026-03-13 08:02:47.359198+00
77938,6.61,2026-03-13 08:03:19.754398+00
77939,5.45,2026-03-13 08:04:38.705355+00
77940,6.52,2026-03-13 08:05:24.572974+00
77941,5.31,2026-03-13 08:06:25.198212+00
77942,6.02,2026-03-13 08:07:00.430717+00
77943,7.03,2026-03-13 08:08:39.767248+00
77944,6.01,2026-03-13 08:09:43.551247+00
77945,6.53,2026-03-13 08:11:09.845824+00
77946,7.1,2026-03-13 08:12:19.371164+00
77947,6.58,2026-03-13 08:13:29.694168+00
77948,5.3,2026-03-13 08:14:47.096438+00
77949,6.13,2026-03-13 08:15:04.8177+00
77950,6.7,2026-03-13 08:16:12.197413+00
77951,5.44,2026-03-13 08:17:13.942315+00
77952,5.83,2026-03-13 08:18:16.086598+00
77953,7.03,2026-03-13 08:19:49.8366+00
77954,5.68,2026-03-13 08:20:14.442056+00
77955,6.31,2026-03-13 08:21:31.098143+00
77956,6.45,2026-03-13 08:22:42.836325+00
77957,6.73,2026-03-13 08:23:28.552864+00
77958,6.92,2026-03-13 08:25:26.182171+00
77959,6.85,2026-03-13 08:26:47.770398+00
77960,7.39,2026-03-13 08:27:16.979452+00
77961,7.81,2026-03-13 08:28:03.738378+00
77962,7.48,2026-03-13 08:29:24.160443+00
77963,6.86,2026-03-13 08:30:45.713459+00
77964,6.88,2026-03-13 08:31:46.572967+00
77965,7.37,2026-03-13 08:32:15.25764+00
77966,6.8,2026-03-13 08:33:31.677502+00
77967,7.79,2026-03-13 08:34:46.914865+00
77968,6.17,2026-03-13 08:35:35.988574+00
77969,6.18,2026-03-13 08:36:39.61097+00
77970,7.94,2026-03-13 08:37:10.723316+00
77971,6.47,2026-03-13 08:38:07.396067+00
77972,7.32,2026-03-13 08:40:38.804868+00
77973,6.99,2026-03-13 08:41:34.546611+00
77974,7.12,2026-03-13 08:42:32.453586+00
77975,6.75,2026-03-13 08:43:32.833719+00
77976,7.72,2026-03-13 08:44:04.654708+00
77977,8,2026-03-13 08:45:18.911764+00
77978,6.86,2026-03-13 08:46:16.069059+00
77979,7.6,2026-03-13 08:47:20.135667+00
77980,7.91,2026-03-13 08:48:25.665897+00
77981,6.6,2026-03-13 08:49:28.820177+00
77982,6.75,2026-03-13 08:50:24.577706+00
77983,7,2026-03-13 08:51:28.856404+00
77984,8.03,2026-03-13 08:52:38.069646+00
77985,6.53,2026-03-13 08:54:02.524818+00
77986,6.26,2026-03-13 08:55:44.599074+00
77987,6.61,2026-03-13 08:56:05.974516+00
77988,7.44,2026-03-13 08:57:04.078216+00
77989,7.1,2026-03-13 08:58:04.700199+00
77990,7.01,2026-03-13 08:59:06.357897+00
77991,7.61,2026-03-13 09:00:30.262135+00
77992,6.66,2026-03-13 09:01:20.118459+00
77993,6.59,2026-03-13 09:02:48.429428+00
77994,7.41,2026-03-13 09:03:22.341705+00
77995,7.58,2026-03-13 09:04:45.294953+00
77996,7.77,2026-03-13 09:05:16.395122+00
77997,6.65,2026-03-13 09:06:12.30864+00
77998,6.59,2026-03-13 09:08:38.233132+00
77999,7.94,2026-03-13 09:09:39.892167+00
78000,7.33,2026-03-13 09:10:09.013011+00
78001,7.25,2026-03-13 09:11:14.36065+00
78002,8.05,2026-03-13 09:12:33.023337+00
78003,6.88,2026-03-13 09:13:14.654513+00
78004,6.75,2026-03-13 09:14:06.263448+00
78005,7.36,2026-03-13 09:15:19.005506+00
78006,6.38,2026-03-13 09:16:03.757513+00
78007,7.82,2026-03-13 09:17:17.892023+00
78008,6.45,2026-03-13 09:18:09.882098+00
78009,6.69,2026-03-13 09:19:49.163227+00
78010,6.86,2026-03-13 09:20:12.597234+00
78011,6.83,2026-03-13 09:21:26.955083+00
78012,6.4,2026-03-13 09:22:11.990462+00
78013,6.91,2026-03-13 09:24:38.717444+00
78014,7.93,2026-03-13 09:25:03.354321+00
78015,7.83,2026-03-13 09:26:25.521627+00
78016,8.04,2026-03-13 09:27:47.274357+00
78017,6.95,2026-03-13 09:28:16.986377+00
78018,7.72,2026-03-13 09:29:11.425123+00
78019,7.84,2026-03-13 09:30:15.088762+00
78020,7.17,2026-03-13 09:31:31.132439+00
78021,7.4,2026-03-13 09:32:00.176568+00
78022,7.63,2026-03-13 09:33:23.960741+00
78023,7.39,2026-03-13 09:34:09.536061+00
78024,7.48,2026-03-13 09:35:36.873745+00
78025,8.56,2026-03-13 09:36:22.333056+00